[19Apr2026 10:37:06.884] [main/INFO] [cpw.mods.modlauncher.Launcher/MODLAUNCHER]: ModLauncher running: args [--username, Bigh2011x, --version, 1.20.1, --gameDir, /home/bigh/.var/app/org.prismlauncher.PrismLauncher/data/PrismLauncher/instances/NeoGreg/minecraft, --assetsDir, /home/bigh/.var/app/org.prismlauncher.PrismLauncher/data/PrismLauncher/assets, --assetIndex, 5, --uuid, 4ad7ad70dd98470aa438bf61b02daec8, --accessToken, ❄❄❄❄❄❄❄❄, --userType, msa, --versionType, release, --launchTarget, forgeclient, --fml.forgeVersion, 47.4.16, --fml.mcVersion, 1.20.1, --fml.forgeGroup, net.minecraftforge, --fml.mcpVersion, 20230612.114412, --width, 854, --height, 480]
[19Apr2026 10:37:06.886] [main/INFO] [cpw.mods.modlauncher.Launcher/MODLAUNCHER]: ModLauncher 10.0.9+10.0.9+main.dcd20f30 starting: java version 17.0.15 by Microsoft; OS Linux arch amd64 version 6.14.0-37-generic
[19Apr2026 10:37:07.330] [main/INFO] [net.minecraftforge.fml.loading.ImmediateWindowHandler/]: Loading ImmediateWindowProvider fmlearlywindow
[19Apr2026 10:37:07.385] [main/INFO] [EARLYDISPLAY/]: Trying GL version 4.6
[19Apr2026 10:37:07.490] [main/INFO] [EARLYDISPLAY/]: Requested GL version 4.6 got version 4.6
[19Apr2026 10:37:07.539] [main/INFO] [mixin/]: SpongePowered MIXIN Subsystem Version=0.8.5 Source=union:/home/bigh/.var/app/org.prismlauncher.PrismLauncher/data/PrismLauncher/libraries/org/spongepowered/mixin/0.8.5/mixin-0.8.5.jar%23140!/ Service=ModLauncher Env=CLIENT
[19Apr2026 10:37:07.704] [pool-2-thread-1/INFO] [EARLYDISPLAY/]: GL info: NVIDIA GeForce RTX 3060/PCIe/SSE2 GL version 4.6.0 NVIDIA 580.126.09, NVIDIA Corporation
[19Apr2026 10:37:07.838] [main/WARN] [net.minecraftforge.fml.loading.moddiscovery.ModFileParser/LOADING]: Mod file /home/bigh/.var/app/org.prismlauncher.PrismLauncher/data/PrismLauncher/libraries/net/minecraftforge/fmlcore/1.20.1-47.4.16/fmlcore-1.20.1-47.4.16.jar is missing mods.toml file
[19Apr2026 10:37:07.839] [main/WARN] [net.minecraftforge.fml.loading.moddiscovery.ModFileParser/LOADING]: Mod file /home/bigh/.var/app/org.prismlauncher.PrismLauncher/data/PrismLauncher/libraries/net/minecraftforge/javafmllanguage/1.20.1-47.4.16/javafmllanguage-1.20.1-47.4.16.jar is missing mods.toml file
[19Apr2026 10:37:07.839] [main/WARN] [net.minecraftforge.fml.loading.moddiscovery.ModFileParser/LOADING]: Mod file /home/bigh/.var/app/org.prismlauncher.PrismLauncher/data/PrismLauncher/libraries/net/minecraftforge/lowcodelanguage/1.20.1-47.4.16/lowcodelanguage-1.20.1-47.4.16.jar is missing mods.toml file
[19Apr2026 10:37:07.840] [main/WARN] [net.minecraftforge.fml.loading.moddiscovery.ModFileParser/LOADING]: Mod file /home/bigh/.var/app/org.prismlauncher.PrismLauncher/data/PrismLauncher/libraries/net/minecraftforge/mclanguage/1.20.1-47.4.16/mclanguage-1.20.1-47.4.16.jar is missing mods.toml file
[19Apr2026 10:37:08.266] [main/WARN] [net.minecraftforge.jarjar.selection.JarSelector/]: Attempted to select a dependency jar for JarJar which was passed in as source: configuration. Using Mod File: /home/bigh/.var/app/org.prismlauncher.PrismLauncher/data/PrismLauncher/instances/NeoGreg/minecraft/mods/configuration-forge-1.20.1-3.1.0.jar
[19Apr2026 10:37:08.266] [main/WARN] [net.minecraftforge.jarjar.selection.JarSelector/]: Attempted to select a dependency jar for JarJar which was passed in as source: geckolib. Using Mod File: /home/bigh/.var/app/org.prismlauncher.PrismLauncher/data/PrismLauncher/instances/NeoGreg/minecraft/mods/geckolib-forge-1.20.1-4.8.3.jar
[19Apr2026 10:37:08.266] [main/WARN] [net.minecraftforge.jarjar.selection.JarSelector/]: Attempted to select a dependency jar for JarJar which was passed in as source: ldlib. Using Mod File: /home/bigh/.var/app/org.prismlauncher.PrismLauncher/data/PrismLauncher/instances/NeoGreg/minecraft/mods/ldlib-forge-1.20.1-1.0.48.jar
[19Apr2026 10:37:08.266] [main/INFO] [net.minecraftforge.fml.loading.moddiscovery.JarInJarDependencyLocator/]: Found 27 dependencies adding them to mods collection
[19Apr2026 10:37:09.775] [main/INFO] [mixin/]: Compatibility level set to JAVA_17
[19Apr2026 10:37:09.890] [main/ERROR] [mixin/]: Mixin config mixins.delightfulsandwich.json does not specify "minVersion" property
[19Apr2026 10:37:09.962] [main/INFO] [cpw.mods.modlauncher.LaunchServiceHandler/MODLAUNCHER]: Launching target 'forgeclient' with arguments [--version, 1.20.1, --gameDir, /home/bigh/.var/app/org.prismlauncher.PrismLauncher/data/PrismLauncher/instances/NeoGreg/minecraft, --assetsDir, /home/bigh/.var/app/org.prismlauncher.PrismLauncher/data/PrismLauncher/assets, --uuid, 4ad7ad70dd98470aa438bf61b02daec8, --username, Bigh2011x, --assetIndex, 5, --accessToken, ❄❄❄❄❄❄❄❄, --userType, msa, --versionType, release, --width, 854, --height, 480]
[19Apr2026 10:37:10.039] [main/INFO] [ModernFix/]: Loaded configuration file for ModernFix 5.26.2+mc1.20.1: 98 options available, 1 override(s) found
[19Apr2026 10:37:10.040] [main/WARN] [ModernFix/]: Option 'mixin.perf.thread_priorities' overriden (by mods [smoothboot]) to 'false'
[19Apr2026 10:37:10.040] [main/INFO] [ModernFix/]: Applying Nashorn fix
[19Apr2026 10:37:10.050] [main/INFO] [ModernFix/]: Applied Forge config corruption patch
[19Apr2026 10:37:10.059] [main/WARN] [mixin/]: Reference map 'cobweb.refmap.json' for cobweb.mixins.json could not be read. If this is a development environment you can ignore this message
[19Apr2026 10:37:10.061] [main/WARN] [mixin/]: Reference map 'cobweb.refmap.json' for cobweb.forge.mixins.json could not be read. If this is a development environment you can ignore this message
[19Apr2026 10:37:10.073] [main/INFO] [fpsreducer/]: OptiFine was NOT detected.
[19Apr2026 10:37:10.075] [main/INFO] [fpsreducer/]: OptiFabric was NOT detected.
[19Apr2026 10:37:10.086] [main/INFO] [Embeddium/]: Loaded configuration file for Embeddium: 212 options available, 3 override(s) found
[19Apr2026 10:37:10.088] [main/INFO] [Embeddium-GraphicsAdapterProbe/]: Searching for graphics cards...
[19Apr2026 10:37:10.102] [main/INFO] [Embeddium-GraphicsAdapterProbe/]: Found graphics card: GraphicsAdapterInfo[vendor=NVIDIA, name=GA106 [GeForce RTX 3060 Lite Hash Rate], version=unknown]
[19Apr2026 10:37:10.106] [main/WARN] [Embeddium-Workarounds/]: Embeddium has applied one or more workarounds to prevent crashes or other issues on your system: [NVIDIA_THREADED_OPTIMIZATIONS]
[19Apr2026 10:37:10.106] [main/WARN] [Embeddium-Workarounds/]: This is not necessarily an issue, but it may result in certain features or optimizations being disabled. You can sometimes fix these issues by upgrading your graphics driver.
[19Apr2026 10:37:10.197] [main/WARN] [mixin/]: Reference map 'yungsextras.refmap.json' for yungsextras.mixins.json could not be read. If this is a development environment you can ignore this message
[19Apr2026 10:37:10.199] [main/WARN] [mixin/]: Reference map 'yungsextras.refmap.json' for yungsextras_forge.mixins.json could not be read. If this is a development environment you can ignore this message
[19Apr2026 10:37:10.233] [main/WARN] [mixin/]: Reference map 'harvest_with_ease.refmap.json' for harvest_with_ease.mixins.json could not be read. If this is a development environment you can ignore this message
[19Apr2026 10:37:10.235] [main/WARN] [mixin/]: Reference map 'harvest_with_ease.refmap.json' for harvest_with_ease.forge.mixins.json could not be read. If this is a development environment you can ignore this message
[19Apr2026 10:37:10.263] [main/WARN] [mixin/]: Reference map 'puzzlesaccessapi.common.refmap.json' for puzzlesaccessapi.common.mixins.json could not be read. If this is a development environment you can ignore this message
[19Apr2026 10:37:10.267] [main/WARN] [mixin/]: Reference map 'mixins.betterstacking.refmap.json' for mixins.delightfulsandwich.json could not be read. If this is a development environment you can ignore this message
[19Apr2026 10:37:10.351] [main/INFO] [Puzzles Lib/]: Loading 167 mods:
	- ad_astra 1.15.20
	- ad_astra_giselle_addon 6.20
	- advancedperipherals 0.7.46r
	- ae2 15.4.10
	- ae2wtlib 15.3.3-forge
	- almostunified 1.20.1-0.11.0
	- alternate_current 1.7.0
	- ambientsounds 6.3.4
	- appleskin 2.5.1+mc1.20.1
	- architects_palette 1.3.6.1
	- architectury 9.2.14
	- ars_nouveau 4.12.7
	- attributefix 21.0.5
	- avaritia 1.3.9.8
	- badpackets 0.4.3
	- balm 7.3.38
		\-- kuma_api 20.1.12
	- betterdeserttemples 1.20-Forge-3.0.3
	- betterdungeons 1.20-Forge-4.0.4
	- betterendisland 1.20-Forge-2.0.6
	- betterfortresses 1.20-Forge-2.0.6
	- betterjungletemples 1.20-Forge-2.0.5
	- bettermineshafts 1.20-Forge-4.0.4
	- betteroceanmonuments 1.20-Forge-3.0.4
	- betterstrongholds 1.20-Forge-4.0.3
	- betterwitchhuts 1.20-Forge-3.0.3
	- bookshelf 20.2.15
	- botarium 2.3.4
	- buildinggadgets2 1.0.8
	- caelus 3.2.0+1.20.1
	- chunky 1.3.146
	- clienttweaks 11.1.6
	- cloth_config 11.1.136
	- clumps 12.0.0.4
	- cobweb 1.0.1
	- codechickenlib 4.4.0.516
	- collective 8.13
	- comforts 6.4.0+1.20.1
	- computercraft 1.117.1
	- configuration 3.1.0
	- configured 2.2.3
	- controlling 12.0.2
	- corgilib 4.0.3.4
	- cpm 0.6.25a
	- craftingstation 1.20.1-1.2.3
	- create 6.0.8
		|-- flywheel 1.0.5
		\-- ponder 1.0.91
	- create_connected 1.1.13-mc1.20.1
	- create_enchantment_industry 1.3.3-for-create-6.0.6
	- createaddition 1.20.1-1.3.3
	- createair 1.0.5
	- createarmory 0.5
	- creativecore 2.12.32
	- curios 5.14.1+1.20.1
	- customrecipe 1.0.0
	- defaultoptions 18.0.4
	- delightfulsandwich 1.20.1
	- diet 2.1.1+1.20.1
	- disenchanting 2.2.3
	- doubledoors 7.2
	- elevatorid 1.20.1-1.9.1-forge
	- embeddium 0.3.31+mc1.20.1
		\-- rubidium 0.7.1
	- entity_model_features 3.0.12
	- entity_texture_features 7.0.9
	- expatternprovider 1.20-1.4.12-forge
	- explorerscompass 1.20.1-1.3.3-forge
	- extrasounds 1.4
	- farmersdelight 1.20.1-1.2.10
	- fastleafdecay 32
	- fastload 3.4.0
	- fastsuite 5.1.2
	- ferritecore 6.0.1
	- findme 3.2.3
	- flib 0.0.15
	- forge 47.4.16
	- fpsreducer 1.20.1-2.5.1
	- framedblocks 9.4.3
	- framework 0.8.0
	- ftbbackups2 1.0.23
	- ftbchunks 2001.3.6
	- ftbessentials 2001.2.4
	- ftblibrary 2001.2.12
	- ftbquests 2001.4.18
	- ftbteams 2001.3.2
	- ftbxmodcompat 2.1.3
	- geckolib 4.8.3
	- glitchcore 0.0.1.1
	- glodium 1.20-1.5-forge
	- gravestone 1.20.1-1.0.35
	- gtceu 7.5.2
	- gtexolegs 1.1.0
	- gtmthings 1.5.4
	- gtmutils 2.8.0
	- gtworldgenlayers 1.0.0
	- guideme 20.1.14
	- hangglider 8.0.1
	- harvest_with_ease 9.4.0
	- iceberg 1.1.25
	- immersive_aircraft 1.4.0+1.20.1
	- immersiveui 0.3.0
	- inline 1.20.1-1.2.2
	- inventoryessentials 8.2.14
	- inventoryprofilesnext 1.10.20
	- itemfilters 2001.1.0-build.59
	- jade 11.13.2+forge
	- jei 15.20.0.129
	- journeymap 5.10.3
	- kotlinforforge 4.12.0
	- kubejs 2001.6.5-build.16
	- kubejs_create 2001.3.0-build.8
	- largemeals 1.20.1-1.3.0
	- ldlib 1.0.48
	- legendarytooltips 1.4.5
	- libipn 4.0.2
	- libx 1.20.1-5.0.14
	- lithostitched 1.4.11
	- lootjs 1.20.1-2.13.1
	- markdown_manual 1.2.5+c3f0b88
	- minecraft 1.20.1
	- modelfix 1.15
	- modernfix 5.26.2+mc1.20.1
	- mousetweaks 2.25.1
	- naturescompass 1.20.1-1.11.2-forge
	- nochatreports 1.20.1-v2.2.2
	- notreepunching 7.1.0
	- oc2r 2.2.12
		\-- sedna 1.0.68
	- oc2rc 2.0.4
	- octolib 0.5.0.1
	- oculus 1.8.0
	- ohthetreesyoullgrow 1.5.0
	- packetfixer 3.3.2
	- patchouli 1.20.1-84.1-FORGE
	- placebo 8.6.3
	- playeranimator 1.0.2-rc1+1.20
	- polylib 2000.0.3-build.143
	- polymorph 0.49.10+1.20.1
		\-- spectrelib 0.13.17+1.20.1
	- prism 1.0.5
	- puzzleslib 8.1.33
		\-- puzzlesaccessapi 20.1.1
	- resourcefulconfig 2.1.3
	- resourcefullib 2.1.29
	- rhino 2001.2.3-build.10
	- searchables 1.0.3
	- sereneseasons 9.1.0.2
	- shieldexp 1.3.6
	- smoothboot 0.0.4
	- sophisticatedbackpacks 3.24.24.1538
	- sophisticatedcore 1.3.5.1505
	- spiced 1.0.0
	- storagedrawers 12.14.3
	- supermartijn642corelib 1.1.20
	- tectonic 3.0.17
	- terralith 2.5.4
	- thinair 8.1.7
	- toastcontrol 8.0.3
	- toms_peripherals 1.3.0
	- toolbelt 1.20.02
	- torchmaster 20.1.9
	- trenzalore 3.3.10
	- xtonesreworked 1.0.4
	- yeetusexperimentus 2.3.1-build.6+mc1.20.1
	- yungsapi 1.20-Forge-4.0.6
	- yungsbridges 1.20-Forge-4.0.3
	- yungsextras 1.20-Forge-4.0.3
[19Apr2026 10:37:10.370] [main/INFO] [dev.tonimatas.packetfixer.mixins.v1_19_4_forge.MixinPlugin/]: Packet Fixer forge 1.19.4-1.20.1 has been applied successfully.
[19Apr2026 10:37:10.674] [main/INFO] [net.minecraftforge.coremod.CoreMod.placebo/COREMODLOG]: Patching IForgeItemStack#getEnchantmentLevel
[19Apr2026 10:37:10.679] [main/INFO] [net.minecraftforge.coremod.CoreMod.placebo/COREMODLOG]: Patching IForgeItemStack#getEnchantmentLevel
[19Apr2026 10:37:10.891] [main/INFO] [fpsreducer/]: bre2el.fpsreducer.mixin.RenderSystemMixin will be applied.
[19Apr2026 10:37:10.892] [main/INFO] [fpsreducer/]: bre2el.fpsreducer.mixin.WindowMixin will NOT be applied because OptiFine was NOT detected.
[19Apr2026 10:37:10.906] [main/WARN] [mixin/]: Error loading class: com/copycatsplus/copycats/content/copycat/slab/CopycatSlabBlock (java.lang.ClassNotFoundException: com.copycatsplus.copycats.content.copycat.slab.CopycatSlabBlock)
[19Apr2026 10:37:10.906] [main/WARN] [mixin/]: @Mixin target com.copycatsplus.copycats.content.copycat.slab.CopycatSlabBlock was not found create_connected.mixins.json:compat.CopycatBlockMixin
[19Apr2026 10:37:10.908] [main/WARN] [mixin/]: Error loading class: com/copycatsplus/copycats/content/copycat/board/CopycatBoardBlock (java.lang.ClassNotFoundException: com.copycatsplus.copycats.content.copycat.board.CopycatBoardBlock)
[19Apr2026 10:37:10.908] [main/WARN] [mixin/]: @Mixin target com.copycatsplus.copycats.content.copycat.board.CopycatBoardBlock was not found create_connected.mixins.json:compat.CopycatBlockMixin
[19Apr2026 10:37:10.917] [main/WARN] [mixin/]: Error loading class: me/jellysquid/mods/lithium/common/ai/pathing/PathNodeDefaults (java.lang.ClassNotFoundException: me.jellysquid.mods.lithium.common.ai.pathing.PathNodeDefaults)
[19Apr2026 10:37:10.968] [main/WARN] [mixin/]: Error loading class: net/raphimc/immediatelyfast/feature/core/BatchableBufferSource (java.lang.ClassNotFoundException: net.raphimc.immediatelyfast.feature.core.BatchableBufferSource)
[19Apr2026 10:37:10.970] [main/WARN] [mixin/]: Error loading class: dev/tr7zw/skinlayers/render/CustomizableModelPart (java.lang.ClassNotFoundException: dev.tr7zw.skinlayers.render.CustomizableModelPart)
[19Apr2026 10:37:11.043] [main/WARN] [mixin/]: Error loading class: mekanism/client/render/entity/RenderFlame (java.lang.ClassNotFoundException: mekanism.client.render.entity.RenderFlame)
[19Apr2026 10:37:11.045] [main/WARN] [mixin/]: Error loading class: mekanism/client/render/armor/MekaSuitArmor (java.lang.ClassNotFoundException: mekanism.client.render.armor.MekaSuitArmor)
[19Apr2026 10:37:11.110] [main/WARN] [IMixinConfigPlugin/]: Inventory Profiles Next: Doing our own dependency resolving! Because Forge is being Forge....: https://github.com/MinecraftForge/MinecraftForge/issues/9088
[19Apr2026 10:37:11.115] [main/WARN] [mixin/]: Error loading class: de/maxhenkel/easyvillagers/blocks/tileentity/TraderTileentityBase (java.lang.ClassNotFoundException: de.maxhenkel.easyvillagers.blocks.tileentity.TraderTileentityBase)
[19Apr2026 10:37:11.115] [main/WARN] [mixin/]: @Mixin target de.maxhenkel.easyvillagers.blocks.tileentity.TraderTileentityBase was not found mixins.ipnext.json:MixinTraderTileEntityBase
[19Apr2026 10:37:11.303] [main/WARN] [mixin/]: Error loading class: mezz/modnametooltip/TooltipEventHandler (java.lang.ClassNotFoundException: mezz.modnametooltip.TooltipEventHandler)
[19Apr2026 10:37:11.305] [main/WARN] [mixin/]: Error loading class: me/shedaniel/rei/impl/client/ClientHelperImpl (java.lang.ClassNotFoundException: me.shedaniel.rei.impl.client.ClientHelperImpl)
[19Apr2026 10:37:11.309] [main/WARN] [mixin/]: Error loading class: com/simibubi/create/foundation/ponder/PonderWorld (java.lang.ClassNotFoundException: com.simibubi.create.foundation.ponder.PonderWorld)
[19Apr2026 10:37:11.336] [main/WARN] [mixin/]: Error loading class: blusunrize/immersiveengineering/api/wires/GlobalWireNetwork (java.lang.ClassNotFoundException: blusunrize.immersiveengineering.api.wires.GlobalWireNetwork)
[19Apr2026 10:37:11.336] [main/WARN] [mixin/]: @Mixin target blusunrize.immersiveengineering.api.wires.GlobalWireNetwork was not found mixins.epp.json:MixinGlobalWireNetwork
[19Apr2026 10:37:11.400] [main/WARN] [mixin/]: Error loading class: com/hrznstudio/emojiful/ClientEmojiHandler (java.lang.ClassNotFoundException: com.hrznstudio.emojiful.ClientEmojiHandler)
[19Apr2026 10:37:11.451] [main/WARN] [mixin/]: Error loading class: me/desht/pneumaticcraft/common/upgrades/PNCUpgradeImpl (java.lang.ClassNotFoundException: me.desht.pneumaticcraft.common.upgrades.PNCUpgradeImpl)
[19Apr2026 10:37:11.451] [main/WARN] [mixin/]: @Mixin target me.desht.pneumaticcraft.common.upgrades.PNCUpgradeImpl was not found ad_astra_giselle_addon.mixin.forge.common.json:pneumaticcraft.PNCUpgradeImplInject
[19Apr2026 10:37:11.473] [main/WARN] [mixin/]: Error loading class: xaero/map/gui/GuiMap (java.lang.ClassNotFoundException: xaero.map.gui.GuiMap)
[19Apr2026 10:37:11.473] [main/WARN] [mixin/]: @Mixin target xaero.map.gui.GuiMap was not found create.mixins.json:compat.xaeros.XaeroFullscreenMapAccessor
[19Apr2026 10:37:11.474] [main/WARN] [mixin/]: Error loading class: xaero/map/gui/GuiMap (java.lang.ClassNotFoundException: xaero.map.gui.GuiMap)
[19Apr2026 10:37:11.475] [main/WARN] [mixin/]: @Mixin target xaero.map.gui.GuiMap was not found create.mixins.json:compat.xaeros.XaeroFullscreenMapMixin
[19Apr2026 10:37:11.523] [main/WARN] [Embeddium/]: Force-disabling mixin 'features.render.world.sky.WorldRendererMixin' as rule 'mixin.features.render.world.sky' (added by mods [oculus]) disables it and children
[19Apr2026 10:37:11.523] [main/WARN] [Embeddium/]: Force-disabling mixin 'features.render.world.sky.ClientWorldMixin' as rule 'mixin.features.render.world.sky' (added by mods [oculus]) disables it and children
[19Apr2026 10:37:11.523] [main/WARN] [Embeddium/]: Force-disabling mixin 'features.render.world.sky.BackgroundRendererMixin' as rule 'mixin.features.render.world.sky' (added by mods [oculus]) disables it and children
[19Apr2026 10:37:11.524] [main/WARN] [Embeddium/]: Force-disabling mixin 'features.render.gui.font.GlyphRendererMixin' as rule 'mixin.features.render.gui.font' (added by mods [oculus]) disables it and children
[19Apr2026 10:37:11.524] [main/WARN] [Embeddium/]: Force-disabling mixin 'features.render.gui.font.FontSetMixin' as rule 'mixin.features.render.gui.font' (added by mods [oculus]) disables it and children
[19Apr2026 10:37:11.524] [main/WARN] [Embeddium/]: Force-disabling mixin 'features.render.entity.shadows.EntityRenderDispatcherMixin' as rule 'mixin.features.render.entity' (added by mods [oculus]) disables it and children
[19Apr2026 10:37:11.524] [main/WARN] [Embeddium/]: Force-disabling mixin 'features.render.entity.remove_streams.ModelPartMixin' as rule 'mixin.features.render.entity' (added by mods [oculus]) disables it and children
[19Apr2026 10:37:11.524] [main/WARN] [Embeddium/]: Force-disabling mixin 'features.render.entity.remove_streams.HierarchicalModelMixin' as rule 'mixin.features.render.entity' (added by mods [oculus]) disables it and children
[19Apr2026 10:37:11.525] [main/WARN] [Embeddium/]: Force-disabling mixin 'features.render.entity.fast_render.ModelPartMixin' as rule 'mixin.features.render.entity' (added by mods [oculus]) disables it and children
[19Apr2026 10:37:11.525] [main/WARN] [Embeddium/]: Force-disabling mixin 'features.render.entity.fast_render.CuboidMixin' as rule 'mixin.features.render.entity' (added by mods [oculus]) disables it and children
[19Apr2026 10:37:11.525] [main/WARN] [Embeddium/]: Force-disabling mixin 'features.render.entity.cull.EntityRendererMixin' as rule 'mixin.features.render.entity' (added by mods [oculus]) disables it and children
[19Apr2026 10:37:11.621] [main/INFO] [MixinExtras|Service/]: Initializing MixinExtras via com.llamalad7.mixinextras.service.MixinExtrasServiceImpl(version=0.5.3).
[19Apr2026 10:37:11.791] [main/INFO] [mixin/]: Mixing client.MixinMinecraft from mixins/common/nochatreports.mixins.json into net.minecraft.client.Minecraft
[19Apr2026 10:37:11.892] [main/WARN] [mixin/]: Injection warning: LVT in net/minecraft/client/Minecraft::m_91280_()V has incompatible changes at opcode 264 in callback extrasounds-forge.mixins.json:forge.MinecraftClientMixin->@Inject::extrasounds$itemPickSound(Lorg/spongepowered/asm/mixin/injection/callback/CallbackInfo;ZLnet/minecraft/world/level/block/entity/BlockEntity;Lnet/minecraft/world/phys/HitResult$Type;Lnet/minecraft/world/item/ItemStack;Lnet/minecraft/world/entity/player/Inventory;I)V.
 Expected: [Z, Lnet/minecraft/world/level/block/entity/BlockEntity;, Lnet/minecraft/world/phys/HitResult$Type;, Lnet/minecraft/world/item/ItemStack;, Lnet/minecraft/world/entity/player/Inventory;, I]
    Found: [Z, Lnet/minecraft/world/level/block/entity/BlockEntity;, Lnet/minecraft/world/phys/HitResult$Type;, Lnet/minecraft/world/item/ItemStack;, Lnet/minecraft/world/entity/player/Inventory;, Lnet/minecraft/world/level/block/state/BlockState;]
Available: [Z, Lnet/minecraft/world/level/block/entity/BlockEntity;, Lnet/minecraft/world/phys/HitResult$Type;, Lnet/minecraft/world/item/ItemStack;, Lnet/minecraft/world/entity/player/Inventory;, Lnet/minecraft/world/level/block/state/BlockState;, Lnet/minecraft/world/level/block/Block;]
[19Apr2026 10:37:11.962] [main/INFO] [Smooth Boot (Reloaded)/]: Smooth Boot (Reloaded) config initialized
[19Apr2026 10:37:12.000] [main/WARN] [mixin/]: Static binding violation: PRIVATE @Overwrite method m_216202_ in modernfix-modernfix.mixins.json:perf.tag_id_caching.TagOrElementLocationMixin cannot reduce visibiliy of PUBLIC target method, visibility will be upgraded.
[19Apr2026 10:37:12.229] [main/INFO] [net.minecraftforge.coremod.CoreMod.placebo/COREMODLOG]: Patching IForgeItemStack#getEnchantmentLevel
[19Apr2026 10:37:12.229] [main/INFO] [net.minecraftforge.coremod.CoreMod.placebo/COREMODLOG]: Patching IForgeItemStack#getEnchantmentLevel
[19Apr2026 10:37:12.412] [main/INFO] [mixin/]: Mixing client.MixinTitleScreen from mixins/common/nochatreports.mixins.json into net.minecraft.client.gui.screens.TitleScreen
[19Apr2026 10:37:12.422] [main/INFO] [mixin/]: Mixing client.MixinChatScreen from mixins/common/nochatreports.mixins.json into net.minecraft.client.gui.screens.ChatScreen
[19Apr2026 10:37:12.422] [main/INFO] [mixin/]: Renaming synthetic method lambda$onInit$4()Lnet/minecraft/network/chat/Component; to md7de1fc$lambda$onInit$4$0 in mixins/common/nochatreports.mixins.json:client.MixinChatScreen
[19Apr2026 10:37:12.422] [main/INFO] [mixin/]: Renaming synthetic method lambda$onInit$3(Lnet/minecraft/client/gui/components/Button;)V to md7de1fc$lambda$onInit$3$1 in mixins/common/nochatreports.mixins.json:client.MixinChatScreen
[19Apr2026 10:37:12.422] [main/INFO] [mixin/]: Renaming synthetic method lambda$onInit$2()Lnet/minecraft/network/chat/Component; to md7de1fc$lambda$onInit$2$2 in mixins/common/nochatreports.mixins.json:client.MixinChatScreen
[19Apr2026 10:37:12.423] [main/INFO] [mixin/]: Renaming synthetic method lambda$onInit$1(Lnet/minecraft/client/gui/components/Button;)V to md7de1fc$lambda$onInit$1$3 in mixins/common/nochatreports.mixins.json:client.MixinChatScreen
[19Apr2026 10:37:12.423] [main/INFO] [mixin/]: Renaming synthetic method lambda$onBeforeMessage$0(Ljava/lang/String;Lorg/spongepowered/asm/mixin/injection/callback/CallbackInfoReturnable;Lcom/aizistral/nochatreports/common/encryption/Encryptor;)V to md7de1fc$lambda$onBeforeMessage$0$4 in mixins/common/nochatreports.mixins.json:client.MixinChatScreen
[19Apr2026 10:37:12.651] [pool-4-thread-1/INFO] [net.minecraft.server.Bootstrap/]: ModernFix reached bootstrap stage (7.260 s after launch)
[19Apr2026 10:37:12.697] [pool-4-thread-1/WARN] [mixin/]: @Final field delegatesByName:Ljava/util/Map; in modernfix-modernfix.mixins.json:perf.forge_registry_alloc.ForgeRegistryMixin should be final
[19Apr2026 10:37:12.697] [pool-4-thread-1/WARN] [mixin/]: @Final field delegatesByValue:Ljava/util/Map; in modernfix-modernfix.mixins.json:perf.forge_registry_alloc.ForgeRegistryMixin should be final
[19Apr2026 10:37:13.238] [pool-4-thread-1/INFO] [net.minecraft.server.Bootstrap/]: Vanilla bootstrap took 584 milliseconds
[19Apr2026 10:37:13.270] [pool-4-thread-1/INFO] [mixin/]: Mixing common.MixinFriendlyByteBuf from mixins/common/nochatreports.mixins.json into net.minecraft.network.FriendlyByteBuf
[19Apr2026 10:37:13.270] [pool-4-thread-1/INFO] [mixin/]: Renaming synthetic method lambda$onWriteJsonWithCodec$1(Ljava/lang/Object;Ljava/lang/String;)Lio/netty/handler/codec/EncoderException; to md7de1fc$lambda$onWriteJsonWithCodec$1$0 in mixins/common/nochatreports.mixins.json:common.MixinFriendlyByteBuf
[19Apr2026 10:37:13.270] [pool-4-thread-1/INFO] [mixin/]: Renaming synthetic method lambda$onReadJsonWithCodec$0(Ljava/lang/String;)Lio/netty/handler/codec/DecoderException; to md7de1fc$lambda$onReadJsonWithCodec$0$1 in mixins/common/nochatreports.mixins.json:common.MixinFriendlyByteBuf
[19Apr2026 10:37:13.495] [pool-4-thread-1/INFO] [net.minecraftforge.coremod.CoreMod.placebo/COREMODLOG]: Patching IForgeItemStack#getEnchantmentLevel
[19Apr2026 10:37:13.495] [pool-4-thread-1/INFO] [net.minecraftforge.coremod.CoreMod.placebo/COREMODLOG]: Patching IForgeItemStack#getEnchantmentLevel
[19Apr2026 10:37:14.070] [pool-4-thread-1/WARN] [mixin/]: Method overwrite conflict for scheduleRandomTick in corgilib-common.mixins.json:chunk.MixinChunkAccess, previously written by dev.corgitaco.ohthetreesyoullgrow.mixin.chunk.MixinChunkAccess. Skipping method.
[19Apr2026 10:37:14.070] [pool-4-thread-1/WARN] [mixin/]: Method overwrite conflict for getScheduledRandomTicks in corgilib-common.mixins.json:chunk.MixinChunkAccess, previously written by dev.corgitaco.ohthetreesyoullgrow.mixin.chunk.MixinChunkAccess. Skipping method.
[19Apr2026 10:37:14.156] [pool-4-thread-1/INFO] [mixin/]: Mixing server.MixinServerGamePacketListenerImpl from mixins/common/nochatreports.mixins.json into net.minecraft.server.network.ServerGamePacketListenerImpl
[19Apr2026 10:37:14.552] [pool-4-thread-1/WARN] [mixin/]: Static binding violation: PRIVATE @Overwrite method m_47505_ in modernfix-modernfix.mixins.json:perf.remove_biome_temperature_cache.BiomeMixin cannot reduce visibiliy of PUBLIC target method, visibility will be upgraded.
[19Apr2026 10:37:14.670] [pool-4-thread-1/WARN] [AE2:C/]: Unable to find class com.simibubi.create.foundation.ponder.PonderWorld. Integration with PonderJS disabled.
[19Apr2026 10:37:15.041] [Render thread/WARN] [mixin/]: Static binding violation: PRIVATE @Overwrite method m_166786_ in embeddium.mixins.json:features.render.immediate.buffer_builder.sorting.BufferBuilderMixin cannot reduce visibiliy of PUBLIC target method, visibility will be upgraded.
[19Apr2026 10:37:15.125] [Render thread/WARN] [net.minecraft.server.packs.VanillaPackResourcesBuilder/]: Assets URL 'union:/home/bigh/.var/app/org.prismlauncher.PrismLauncher/data/PrismLauncher/libraries/net/minecraft/client/1.20.1-20230612.114412/client-1.20.1-20230612.114412-srg.jar%23464!/assets/.mcassetsroot' uses unexpected schema
[19Apr2026 10:37:15.125] [Render thread/WARN] [net.minecraft.server.packs.VanillaPackResourcesBuilder/]: Assets URL 'union:/home/bigh/.var/app/org.prismlauncher.PrismLauncher/data/PrismLauncher/libraries/net/minecraft/client/1.20.1-20230612.114412/client-1.20.1-20230612.114412-srg.jar%23464!/data/.mcassetsroot' uses unexpected schema
[19Apr2026 10:37:15.136] [Render thread/INFO] [com.mojang.authlib.yggdrasil.YggdrasilAuthenticationService/]: Environment: authHost='https://authserver.mojang.com', accountsHost='https://api.mojang.com', sessionHost='https://sessionserver.mojang.com', servicesHost='https://api.minecraftservices.com', name='PROD'
[19Apr2026 10:37:15.684] [Render thread/INFO] [net.minecraft.client.Minecraft/]: Setting user: Bigh2011x
[19Apr2026 10:37:15.737] [Render thread/INFO] [ModernFix/]: Bypassed Mojang DFU
[19Apr2026 10:37:15.737] [Render thread/INFO] [mixin/]: Mixing client.MixinToastComponent from mixins/common/nochatreports.mixins.json into net.minecraft.client.gui.components.toasts.ToastComponent
[19Apr2026 10:37:15.740] [Render thread/INFO] [mixin/]: Mixing client.MixinOptions from mixins/common/nochatreports.mixins.json into net.minecraft.client.Options
[19Apr2026 10:37:15.740] [Render thread/INFO] [mixin/]: Renaming synthetic method lambda$onlyShowSecureChat$0(Ljava/lang/Boolean;)V to md7de1fc$lambda$onlyShowSecureChat$0$0 in mixins/common/nochatreports.mixins.json:client.MixinOptions
[19Apr2026 10:37:15.768] [Render thread/INFO] [mixin/]: Mixing client.MixinChatComponent from mixins/common/nochatreports.mixins.json into net.minecraft.client.gui.components.ChatComponent
[19Apr2026 10:37:15.768] [Render thread/INFO] [mixin/]: Renaming synthetic method lambda$modifyGUIMessage$1()V to md7de1fc$lambda$modifyGUIMessage$1$0 in mixins/common/nochatreports.mixins.json:client.MixinChatComponent
[19Apr2026 10:37:15.768] [Render thread/INFO] [mixin/]: Renaming synthetic method lambda$modifyGUIMessage$0(Lnet/minecraft/network/chat/FormattedText;Lnet/minecraft/network/chat/Component;)V to md7de1fc$lambda$modifyGUIMessage$0$1 in mixins/common/nochatreports.mixins.json:client.MixinChatComponent
[19Apr2026 10:37:15.770] [Render thread/INFO] [mixin/]: BeforeConstant is searching for constants in method with descriptor (Lnet/minecraft/network/chat/Component;Lnet/minecraft/client/GuiMessageTag;)V
[19Apr2026 10:37:15.770] [Render thread/INFO] [mixin/]:   BeforeConstant found STRING constant: value = , stringValue = null
[19Apr2026 10:37:15.770] [Render thread/INFO] [mixin/]:     BeforeConstant found a matching constant TYPE at ordinal 0
[19Apr2026 10:37:15.770] [Render thread/INFO] [mixin/]:       BeforeConstant found LdcInsn 
[19Apr2026 10:37:15.770] [Render thread/INFO] [mixin/]:   BeforeConstant found STRING constant: value = \\r, stringValue = null
[19Apr2026 10:37:15.770] [Render thread/INFO] [mixin/]:     BeforeConstant found a matching constant TYPE at ordinal 1
[19Apr2026 10:37:15.770] [Render thread/INFO] [mixin/]:       BeforeConstant found LdcInsn \\r
[19Apr2026 10:37:15.770] [Render thread/INFO] [mixin/]:   BeforeConstant found STRING constant: value = 
, stringValue = null
[19Apr2026 10:37:15.770] [Render thread/INFO] [mixin/]:     BeforeConstant found a matching constant TYPE at ordinal 2
[19Apr2026 10:37:15.770] [Render thread/INFO] [mixin/]:       BeforeConstant found LdcInsn 

[19Apr2026 10:37:15.770] [Render thread/INFO] [mixin/]:   BeforeConstant found STRING constant: value = \\n, stringValue = null
[19Apr2026 10:37:15.770] [Render thread/INFO] [mixin/]:     BeforeConstant found a matching constant TYPE at ordinal 3
[19Apr2026 10:37:15.770] [Render thread/INFO] [mixin/]:       BeforeConstant found LdcInsn \\n
[19Apr2026 10:37:15.770] [Render thread/INFO] [mixin/]:   BeforeConstant found CLASS constant: value = Ljava/lang/String;, typeValue = null
[19Apr2026 10:37:15.770] [Render thread/INFO] [mixin/]:   BeforeConstant found STRING constant: value = [{}] [CHAT] {}, stringValue = null
[19Apr2026 10:37:15.770] [Render thread/INFO] [mixin/]:     BeforeConstant found a matching constant TYPE at ordinal 4
[19Apr2026 10:37:15.770] [Render thread/INFO] [mixin/]:       BeforeConstant found LdcInsn [{}] [CHAT] {}
[19Apr2026 10:37:15.771] [Render thread/INFO] [mixin/]:   BeforeConstant found STRING constant: value = [CHAT] {}, stringValue = null
[19Apr2026 10:37:15.771] [Render thread/INFO] [mixin/]:     BeforeConstant found a matching constant TYPE at ordinal 5
[19Apr2026 10:37:15.771] [Render thread/INFO] [mixin/]:       BeforeConstant found LdcInsn [CHAT] {}
[19Apr2026 10:37:15.773] [Render thread/INFO] [mixin/]: Mixing client.MixinGuiMessageTagIcon from mixins/common/nochatreports.mixins.json into net.minecraft.client.GuiMessageTag$Icon
[19Apr2026 10:37:15.773] [Render thread/INFO] [mixin/]: Renaming @Invoker method create(Ljava/lang/String;IIIII)Lnet/minecraft/client/GuiMessageTag$Icon; to create_$md$7de1fc$0 in mixins/common/nochatreports.mixins.json:client.MixinGuiMessageTagIcon
[19Apr2026 10:37:15.804] [Render thread/INFO] [defaultoptions/]: options.txt already exists - last modified 1776587771224
[19Apr2026 10:37:15.807] [Render thread/INFO] [defaultoptions/]: Loaded default options for extra-folder
[19Apr2026 10:37:15.823] [Render thread/INFO] [net.minecraft.client.Minecraft/]: Backend library: LWJGL version 3.3.1 build 7
[19Apr2026 10:37:15.845] [Render thread/INFO] [KubeJS/]: Loaded client.properties
[19Apr2026 10:37:15.846] [Render thread/WARN] [Embeddium-NvidiaWorkarounds/]: Applying workaround: Prevent the NVIDIA OpenGL driver from using broken optimizations (NVIDIA_THREADED_OPTIMIZATIONS)
[19Apr2026 10:37:15.849] [Render thread/ERROR] [Embeddium-MixinTaintDetector/]: Mod mixin into Embeddium internals detected. This instance is now tainted. The Embeddium team does not provide any guarantee of support for issues encountered while such mods are installed.
[19Apr2026 10:37:15.849] [Render thread/WARN] [Embeddium-MixinTaintDetector/]: Mod(s) [oculus] are modifying Embeddium class me.jellysquid.mods.sodium.client.gui.SodiumGameOptions, which may cause instability.
[19Apr2026 10:37:15.870] [Render thread/INFO] [Embeddium-PostlaunchChecks/]: OpenGL Vendor: NVIDIA Corporation
[19Apr2026 10:37:15.870] [Render thread/INFO] [Embeddium-PostlaunchChecks/]: OpenGL Renderer: NVIDIA GeForce RTX 3060/PCIe/SSE2
[19Apr2026 10:37:15.870] [Render thread/INFO] [Embeddium-PostlaunchChecks/]: OpenGL Version: 4.6.0 NVIDIA 580.126.09
[19Apr2026 10:37:15.870] [Render thread/WARN] [Embeddium-PostlaunchChecks/]: Enabling secondary workaround for NVIDIA threaded optimizations
[19Apr2026 10:37:15.982] [Render thread/INFO] [Oculus/]: Debug functionality is disabled.
[19Apr2026 10:37:15.984] [Render thread/INFO] [Oculus/]: OpenGL 4.5 detected, enabling DSA.
[19Apr2026 10:37:16.098] [Render thread/WARN] [Oculus/]: Found flag CUSTOM_IMAGES
[19Apr2026 10:37:16.098] [Render thread/WARN] [Oculus/]: Found flag SSBO
[19Apr2026 10:37:16.098] [Render thread/WARN] [Oculus/]: Found flag BLOCK_EMISSION_ATTRIBUTE
[19Apr2026 10:37:16.103] [Render thread/INFO] [Oculus/]: Profile: HIGH (+0 options changed by user)
[19Apr2026 10:37:16.670] [Render thread/INFO] [Oculus/]: Using shaderpack: ComplementaryReimagined_r5.7.1.zip
[19Apr2026 10:37:16.849] [modloading-worker-0/INFO] [Advanced Peripherals/]: AdvancedPeripherals says hello!
[19Apr2026 10:37:16.929] [modloading-worker-0/INFO] [mixin/]: Mixing client.MixinClientConnection from mixins/forge/nochatreports-forge.mixins.json into net.minecraft.network.Connection
[19Apr2026 10:37:16.940] [modloading-worker-0/INFO] [LowDragLib/]: LowDragLib is initializing on platform: Forge
[19Apr2026 10:37:16.942] [modloading-worker-0/INFO] [dev.architectury.networking.forge.NetworkManagerImpl/]: Registering S2C receiver with id architectury:sync_ids
[19Apr2026 10:37:16.943] [modloading-worker-0/INFO] [dev.architectury.networking.forge.NetworkManagerImpl/]: Registering C2S receiver with id architectury:sync_ids
[19Apr2026 10:37:16.943] [modloading-worker-0/INFO] [dev.architectury.networking.forge.NetworkManagerImpl/]: Registering S2C receiver with id ftbessentials:update_tab_name
[19Apr2026 10:37:16.945] [modloading-worker-0/INFO] [mixin/]: Mixing server.MixinPlayerList from mixins/common/nochatreports.mixins.json into net.minecraft.server.players.PlayerList
[19Apr2026 10:37:16.996] [modloading-worker-0/INFO] [Bookshelf/]: Fixing MC-151457. Crafting remainder for minecraft:pufferfish_bucket is now minecraft:bucket.
[19Apr2026 10:37:16.996] [modloading-worker-0/INFO] [Bookshelf/]: Fixing MC-151457. Crafting remainder for minecraft:salmon_bucket is now minecraft:bucket.
[19Apr2026 10:37:16.996] [modloading-worker-0/INFO] [Bookshelf/]: Fixing MC-151457. Crafting remainder for minecraft:cod_bucket is now minecraft:bucket.
[19Apr2026 10:37:16.996] [modloading-worker-0/INFO] [Bookshelf/]: Fixing MC-151457. Crafting remainder for minecraft:tropical_fish_bucket is now minecraft:bucket.
[19Apr2026 10:37:16.996] [modloading-worker-0/INFO] [Bookshelf/]: Fixing MC-151457. Crafting remainder for minecraft:axolotl_bucket is now minecraft:bucket.
[19Apr2026 10:37:16.996] [modloading-worker-0/INFO] [Bookshelf/]: Fixing MC-151457. Crafting remainder for minecraft:powder_snow_bucket is now minecraft:bucket.
[19Apr2026 10:37:16.996] [modloading-worker-0/INFO] [Bookshelf/]: Fixing MC-151457. Crafting remainder for minecraft:tadpole_bucket is now minecraft:bucket.
[19Apr2026 10:37:17.002] [modloading-worker-0/INFO] [Advanced Peripherals/]: powah not loaded, skip integration loading
[19Apr2026 10:37:17.003] [modloading-worker-0/WARN] [Advanced Peripherals/]: Failed to load integration for powah
[19Apr2026 10:37:17.004] [modloading-worker-0/WARN] [Advanced Peripherals/]: Successfully loaded integration for create
[19Apr2026 10:37:17.009] [modloading-worker-0/INFO] [Advanced Peripherals/]: mekanism not loaded, skip integration loading
[19Apr2026 10:37:17.010] [modloading-worker-0/WARN] [Advanced Peripherals/]: Failed to load integration for mekanism
[19Apr2026 10:37:17.010] [modloading-worker-0/INFO] [Advanced Peripherals/]: botania not loaded, skip integration loading
[19Apr2026 10:37:17.010] [modloading-worker-0/WARN] [Advanced Peripherals/]: Failed to load integration for botania
[19Apr2026 10:37:17.134] [modloading-worker-0/WARN] [Embeddium-MixinTaintDetector/]: Mod(s) [oculus] are modifying Embeddium class me.jellysquid.mods.sodium.client.gui.SodiumOptionsGUI, which may cause instability.
[19Apr2026 10:37:17.147] [modloading-worker-0/INFO] [Entity Texture Features/]: [ETF]: Modifying ETF Render State constructor because: for EMF
[19Apr2026 10:37:17.148] [modloading-worker-0/INFO] [traben.entity_model_features.EMF/]: Loading Entity Model Features, now compatible with every mod, except all the ones that aren't...
[19Apr2026 10:37:17.186] [modloading-worker-0/INFO] [Entity Texture Features/]: Loading Entity Texture Features, ,serutaeF erutxeT ytitnE gnidoaL
[19Apr2026 10:37:17.204] [modloading-worker-0/WARN] [mixin/]: Static binding violation: PRIVATE @Overwrite method m_215924_ in modernfix-modernfix.mixins.json:perf.tag_id_caching.TagEntryMixin cannot reduce visibiliy of PUBLIC target method, visibility will be upgraded.
[19Apr2026 10:37:17.254] [modloading-worker-0/INFO] [Collective/]: Loading Collective version 8.13.
[19Apr2026 10:37:17.256] [modloading-worker-0/INFO] [Puzzles Lib/]: Constructing common components for hangglider:main
[19Apr2026 10:37:17.272] [modloading-worker-0/INFO] [Entity Texture Features/]: [ETF]: 6 new ETF Random Properties registered by entity_model_features
[19Apr2026 10:37:17.311] [modloading-worker-0/INFO] [dev.architectury.networking.forge.NetworkManagerImpl/]: Registering C2S receiver with id findme:default/93a3df5fb37f371cb25c481f6e5b9323
[19Apr2026 10:37:17.311] [modloading-worker-0/INFO] [dev.architectury.networking.forge.NetworkManagerImpl/]: Registering S2C receiver with id findme:default/93a3df5fb37f371cb25c481f6e5b9323
[19Apr2026 10:37:17.315] [modloading-worker-0/INFO] [dev.architectury.networking.forge.NetworkManagerImpl/]: Registering C2S receiver with id findme:default/b71e26ec071d32928d9fb5d2c3ec8a7a
[19Apr2026 10:37:17.315] [modloading-worker-0/INFO] [dev.architectury.networking.forge.NetworkManagerImpl/]: Registering S2C receiver with id findme:default/b71e26ec071d32928d9fb5d2c3ec8a7a
[19Apr2026 10:37:17.317] [modloading-worker-0/INFO] [dev.architectury.networking.forge.NetworkManagerImpl/]: Registering C2S receiver with id findme:default/1f516f929b313631ad555a7b42b1d39c
[19Apr2026 10:37:17.317] [modloading-worker-0/INFO] [dev.architectury.networking.forge.NetworkManagerImpl/]: Registering S2C receiver with id findme:default/1f516f929b313631ad555a7b42b1d39c
[19Apr2026 10:37:17.348] [modloading-worker-0/INFO] [net.blay09.mods.balm.forge.config.ForgeBalmConfig/]: Registering config for inventoryessentials:common (COMMON) with 10 properties.
[19Apr2026 10:37:17.352] [modloading-worker-0/INFO] [dev.architectury.networking.forge.NetworkManagerImpl/]: Registering S2C receiver with id polylib:container_to_client
[19Apr2026 10:37:17.353] [modloading-worker-0/INFO] [dev.architectury.networking.forge.NetworkManagerImpl/]: Registering S2C receiver with id polylib:tile_to_client
[19Apr2026 10:37:17.353] [modloading-worker-0/INFO] [dev.architectury.networking.forge.NetworkManagerImpl/]: Registering C2S receiver with id polylib:container_packet_server
[19Apr2026 10:37:17.353] [modloading-worker-0/INFO] [dev.architectury.networking.forge.NetworkManagerImpl/]: Registering C2S receiver with id polylib:tile_data_server
[19Apr2026 10:37:17.353] [modloading-worker-0/INFO] [dev.architectury.networking.forge.NetworkManagerImpl/]: Registering C2S receiver with id polylib:tile_packet_server
[19Apr2026 10:37:17.357] [modloading-worker-0/INFO] [Puzzles Lib/]: Constructing client components for hangglider:main
[19Apr2026 10:37:17.395] [modloading-worker-0/INFO] [dev.architectury.networking.forge.NetworkManagerImpl/]: Registering S2C receiver with id ftblibrary:edit_nbt
[19Apr2026 10:37:17.397] [modloading-worker-0/INFO] [dev.architectury.networking.forge.NetworkManagerImpl/]: Registering C2S receiver with id ftblibrary:edit_nbt_response
[19Apr2026 10:37:17.398] [modloading-worker-0/INFO] [dev.architectury.networking.forge.NetworkManagerImpl/]: Registering S2C receiver with id ftblibrary:sync_known_server_registries
[19Apr2026 10:37:17.399] [modloading-worker-0/INFO] [dev.architectury.networking.forge.NetworkManagerImpl/]: Registering S2C receiver with id ftblibrary:edit_config
[19Apr2026 10:37:17.434] [modloading-worker-0/INFO] [net.blay09.mods.balm.forge.config.ForgeBalmConfig/]: Registering config for clienttweaks:common (COMMON) with 28 properties.
[19Apr2026 10:37:17.442] [modloading-worker-0/INFO] [dev.architectury.networking.forge.NetworkManagerImpl/]: Registering S2C receiver with id ftbteams:sync_teams
[19Apr2026 10:37:17.444] [modloading-worker-0/INFO] [dev.architectury.networking.forge.NetworkManagerImpl/]: Registering S2C receiver with id ftbteams:sync_message_history
[19Apr2026 10:37:17.445] [modloading-worker-0/INFO] [dev.architectury.networking.forge.NetworkManagerImpl/]: Registering C2S receiver with id ftbteams:open_gui
[19Apr2026 10:37:17.446] [modloading-worker-0/INFO] [dev.architectury.networking.forge.NetworkManagerImpl/]: Registering S2C receiver with id ftbteams:open_my_team_gui
[19Apr2026 10:37:17.446] [modloading-worker-0/INFO] [dev.architectury.networking.forge.NetworkManagerImpl/]: Registering C2S receiver with id ftbteams:update_settings
[19Apr2026 10:37:17.448] [modloading-worker-0/INFO] [dev.architectury.networking.forge.NetworkManagerImpl/]: Registering S2C receiver with id ftbteams:update_settings_response
[19Apr2026 10:37:17.449] [modloading-worker-0/INFO] [dev.architectury.networking.forge.NetworkManagerImpl/]: Registering C2S receiver with id ftbteams:send_message
[19Apr2026 10:37:17.449] [modloading-worker-0/INFO] [dev.architectury.networking.forge.NetworkManagerImpl/]: Registering S2C receiver with id ftbteams:send_message_response
[19Apr2026 10:37:17.450] [modloading-worker-0/INFO] [dev.architectury.networking.forge.NetworkManagerImpl/]: Registering S2C receiver with id ftbteams:update_presence
[19Apr2026 10:37:17.451] [modloading-worker-0/INFO] [dev.architectury.networking.forge.NetworkManagerImpl/]: Registering C2S receiver with id ftbteams:create_party
[19Apr2026 10:37:17.453] [modloading-worker-0/INFO] [dev.architectury.networking.forge.NetworkManagerImpl/]: Registering C2S receiver with id ftbteams:player_gui_operation
[19Apr2026 10:37:17.465] [modloading-worker-0/INFO] [dev.architectury.networking.forge.NetworkManagerImpl/]: Registering S2C receiver with id octolib:config_sync
[19Apr2026 10:37:17.488] [modloading-worker-0/INFO] [dev.architectury.networking.forge.NetworkManagerImpl/]: Registering C2S receiver with id itemfilters:main/14e7fa1454283aec8ae811ef844ada28
[19Apr2026 10:37:17.488] [modloading-worker-0/INFO] [dev.architectury.networking.forge.NetworkManagerImpl/]: Registering S2C receiver with id itemfilters:main/14e7fa1454283aec8ae811ef844ada28
[19Apr2026 10:37:17.488] [modloading-worker-0/INFO] [dev.architectury.networking.forge.NetworkManagerImpl/]: Registering C2S receiver with id itemfilters:main/8f6a899247753217b9d86ab427a2b279
[19Apr2026 10:37:17.489] [modloading-worker-0/INFO] [dev.architectury.networking.forge.NetworkManagerImpl/]: Registering S2C receiver with id itemfilters:main/8f6a899247753217b9d86ab427a2b279
[19Apr2026 10:37:17.547] [modloading-worker-0/ERROR] [li.cil.oc2.common.Main.NativeLoader/]: Loaded native library successfully but ICMP still failed, falling back to JVM UDP implementation
[19Apr2026 10:37:17.548] [modloading-worker-0/INFO] [net.minecraftforge.common.ForgeMod/FORGEMOD]: Forge mod loading, version 47.4.16, for MC 1.20.1 with MCP 20230612.114412
[19Apr2026 10:37:17.548] [modloading-worker-0/INFO] [net.minecraftforge.common.MinecraftForge/FORGE]: MinecraftForge v47.4.16 Initialized
[19Apr2026 10:37:17.556] [modloading-worker-0/INFO] [dev.architectury.networking.forge.NetworkManagerImpl/]: Registering C2S receiver with id ftbchunks:request_map_data
[19Apr2026 10:37:17.557] [modloading-worker-0/INFO] [dev.architectury.networking.forge.NetworkManagerImpl/]: Registering C2S receiver with id ftbchunks:share_waypoint
[19Apr2026 10:37:17.557] [modloading-worker-0/INFO] [dev.architectury.networking.forge.NetworkManagerImpl/]: Registering S2C receiver with id ftbchunks:send_all_chunks
[19Apr2026 10:37:17.558] [modloading-worker-0/INFO] [dev.architectury.networking.forge.NetworkManagerImpl/]: Registering S2C receiver with id ftbchunks:login_data
[19Apr2026 10:37:17.559] [modloading-worker-0/INFO] [dev.architectury.networking.forge.NetworkManagerImpl/]: Registering C2S receiver with id ftbchunks:request_chunk_change
[19Apr2026 10:37:17.560] [modloading-worker-0/INFO] [dev.architectury.networking.forge.NetworkManagerImpl/]: Registering S2C receiver with id ftbchunks:send_chunk
[19Apr2026 10:37:17.560] [modloading-worker-0/INFO] [dev.architectury.networking.forge.NetworkManagerImpl/]: Registering S2C receiver with id ftbchunks:send_general_data
[19Apr2026 10:37:17.561] [modloading-worker-0/INFO] [dev.architectury.networking.forge.NetworkManagerImpl/]: Registering C2S receiver with id ftbchunks:teleport_from_map
[19Apr2026 10:37:17.562] [modloading-worker-0/INFO] [dev.architectury.networking.forge.NetworkManagerImpl/]: Registering S2C receiver with id ftbchunks:player_death
[19Apr2026 10:37:17.563] [modloading-worker-0/INFO] [dev.architectury.networking.forge.NetworkManagerImpl/]: Registering S2C receiver with id ftbchunks:send_visible_player_list
[19Apr2026 10:37:17.565] [modloading-worker-0/INFO] [dev.architectury.networking.forge.NetworkManagerImpl/]: Registering C2S receiver with id ftbchunks:sync_tx
[19Apr2026 10:37:17.566] [modloading-worker-0/INFO] [dev.architectury.networking.forge.NetworkManagerImpl/]: Registering S2C receiver with id ftbchunks:sync_rx
[19Apr2026 10:37:17.567] [modloading-worker-0/INFO] [dev.architectury.networking.forge.NetworkManagerImpl/]: Registering S2C receiver with id ftbchunks:loaded_chunk_view
[19Apr2026 10:37:17.568] [modloading-worker-0/INFO] [dev.architectury.networking.forge.NetworkManagerImpl/]: Registering S2C receiver with id ftbchunks:send_player_position
[19Apr2026 10:37:17.569] [modloading-worker-0/INFO] [dev.architectury.networking.forge.NetworkManagerImpl/]: Registering C2S receiver with id ftbchunks:update_force_load_expiry
[19Apr2026 10:37:17.569] [modloading-worker-0/INFO] [dev.architectury.networking.forge.NetworkManagerImpl/]: Registering C2S receiver with id ftbchunks:server_config_request
[19Apr2026 10:37:17.570] [modloading-worker-0/INFO] [dev.architectury.networking.forge.NetworkManagerImpl/]: Registering S2C receiver with id ftbchunks:server_config_response
[19Apr2026 10:37:17.571] [modloading-worker-0/INFO] [dev.architectury.networking.forge.NetworkManagerImpl/]: Registering S2C receiver with id ftbchunks:chunk_change_response
[19Apr2026 10:37:17.571] [modloading-worker-0/INFO] [dev.architectury.networking.forge.NetworkManagerImpl/]: Registering S2C receiver with id ftbchunks:request_block_color
[19Apr2026 10:37:17.573] [modloading-worker-0/INFO] [dev.architectury.networking.forge.NetworkManagerImpl/]: Registering S2C receiver with id ftbchunks:add_waypoint
[19Apr2026 10:37:17.587] [modloading-worker-0/INFO] [com.alcatrazescapee.notreepunching.NoTreePunching/]: I tried to punch tree. It didn't work, my hands are now covered in blood and splinters. Need to try something else ...
[19Apr2026 10:37:17.589] [modloading-worker-0/INFO] [Inventory Profiles Next/]: [Inventory Profiles Next] Inventory Profiles Next - init in Kotlin
[19Apr2026 10:37:17.607] [modloading-worker-0/INFO] [STDOUT/]: [yalter.mousetweaks.Logger:Log:6]: [Mouse Tweaks] Main.initialize()
[19Apr2026 10:37:17.612] [modloading-worker-0/INFO] [STDOUT/]: [yalter.mousetweaks.Logger:Log:6]: [Mouse Tweaks] Initialized.
[19Apr2026 10:37:17.629] [modloading-worker-0/INFO] [NoChatReports/]: KONNICHIWA ZA WARUDO!
[19Apr2026 10:37:17.629] [modloading-worker-0/INFO] [NoChatReports/]: Default JVM text encoding is: UTF-8
[19Apr2026 10:37:17.640] [modloading-worker-0/INFO] [NoChatReports/]: Reading config file NoChatReports/NCR-Common.json...
[19Apr2026 10:37:17.642] [modloading-worker-0/INFO] [NoChatReports/]: Reading config file NoChatReports/NCR-Client.json...
[19Apr2026 10:37:17.643] [modloading-worker-0/INFO] [NoChatReports/]: Reading config file NoChatReports/NCR-ServerPreferences.json...
[19Apr2026 10:37:17.645] [modloading-worker-0/INFO] [NoChatReports/]: Reading config file NoChatReports/NCR-Encryption.json...
[19Apr2026 10:37:17.683] [modloading-worker-0/INFO] [NoChatReports/]: Writing config file NoChatReports/NCR-Common.json...
[19Apr2026 10:37:17.683] [modloading-worker-0/INFO] [NoChatReports/]: Writing config file NoChatReports/NCR-Client.json...
[19Apr2026 10:37:17.684] [modloading-worker-0/INFO] [NoChatReports/]: Writing config file NoChatReports/NCR-ServerPreferences.json...
[19Apr2026 10:37:17.684] [modloading-worker-0/INFO] [NoChatReports/]: Writing config file NoChatReports/NCR-Encryption.json...
[19Apr2026 10:37:17.688] [modloading-worker-0/INFO] [NoChatReports/]: Client initialization...
[19Apr2026 10:37:17.691] [modloading-worker-0/INFO] [net.creeperhost.ftbbackups.repack.org.quartz.impl.StdSchedulerFactory/]: Using default implementation for ThreadExecutor
[19Apr2026 10:37:17.703] [modloading-worker-0/INFO] [mixin/]: Mixing client.MixinClientPacketListener from mixins/common/nochatreports.mixins.json into net.minecraft.client.multiplayer.ClientPacketListener
[19Apr2026 10:37:17.704] [modloading-worker-0/INFO] [mixin/]: Mixing client.MixinClientPacketListener from mixins/forge/nochatreports-forge.mixins.json into net.minecraft.client.multiplayer.ClientPacketListener
[19Apr2026 10:37:17.722] [modloading-worker-0/INFO] [thedarkcolour.kotlinforforge.test.KotlinForForge/]: Kotlin For Forge Enabled!
[19Apr2026 10:37:17.739] [modloading-worker-0/INFO] [dev.architectury.networking.forge.NetworkManagerImpl/]: Registering S2C receiver with id ftbquests:sync_quests
[19Apr2026 10:37:17.741] [modloading-worker-0/INFO] [net.creeperhost.ftbbackups.repack.org.quartz.core.SchedulerSignalerImpl/]: Initialized Scheduler Signaller of type: class net.creeperhost.ftbbackups.repack.org.quartz.core.SchedulerSignalerImpl
[19Apr2026 10:37:17.742] [modloading-worker-0/INFO] [dev.architectury.networking.forge.NetworkManagerImpl/]: Registering S2C receiver with id ftbquests:sync_team_data
[19Apr2026 10:37:17.742] [modloading-worker-0/INFO] [dev.architectury.networking.forge.NetworkManagerImpl/]: Registering S2C receiver with id ftbquests:update_task_progress
[19Apr2026 10:37:17.743] [modloading-worker-0/INFO] [net.creeperhost.ftbbackups.repack.org.quartz.core.QuartzScheduler/]: Quartz Scheduler v.2.0.2 created.
[19Apr2026 10:37:17.743] [modloading-worker-0/INFO] [dev.architectury.networking.forge.NetworkManagerImpl/]: Registering C2S receiver with id ftbquests:submit_task
[19Apr2026 10:37:17.743] [modloading-worker-0/INFO] [net.creeperhost.ftbbackups.repack.org.quartz.simpl.RAMJobStore/]: RAMJobStore initialized.
[19Apr2026 10:37:17.744] [modloading-worker-0/INFO] [net.creeperhost.ftbbackups.repack.org.quartz.core.QuartzScheduler/]: Scheduler meta-data: Quartz Scheduler (v2.0.2) 'ftbbackups2' with instanceId 'NON_CLUSTERED'
  Scheduler class: 'net.creeperhost.ftbbackups.repack.org.quartz.core.QuartzScheduler' - running locally.
  NOT STARTED.
  Currently in standby mode.
  Number of jobs executed: 0
  Using thread pool 'net.creeperhost.ftbbackups.repack.org.quartz.simpl.SimpleThreadPool' - with 1 threads.
  Using job-store 'net.creeperhost.ftbbackups.repack.org.quartz.simpl.RAMJobStore' - which does not support persistence. and is not clustered.

[19Apr2026 10:37:17.744] [modloading-worker-0/INFO] [net.creeperhost.ftbbackups.repack.org.quartz.impl.StdSchedulerFactory/]: Quartz scheduler 'ftbbackups2' initialized from an externally provided properties instance.
[19Apr2026 10:37:17.745] [modloading-worker-0/INFO] [net.creeperhost.ftbbackups.repack.org.quartz.impl.StdSchedulerFactory/]: Quartz scheduler version: 2.0.2
[19Apr2026 10:37:17.746] [modloading-worker-0/INFO] [dev.architectury.networking.forge.NetworkManagerImpl/]: Registering C2S receiver with id ftbquests:claim_reward
[19Apr2026 10:37:17.746] [modloading-worker-0/INFO] [dev.architectury.networking.forge.NetworkManagerImpl/]: Registering S2C receiver with id ftbquests:claim_reward_response
[19Apr2026 10:37:17.747] [modloading-worker-0/INFO] [dev.architectury.networking.forge.NetworkManagerImpl/]: Registering S2C receiver with id ftbquests:sync_editing_mode
[19Apr2026 10:37:17.747] [modloading-worker-0/INFO] [dev.architectury.networking.forge.NetworkManagerImpl/]: Registering C2S receiver with id ftbquests:get_emergency_items
[19Apr2026 10:37:17.748] [modloading-worker-0/INFO] [dev.architectury.networking.forge.NetworkManagerImpl/]: Registering S2C receiver with id ftbquests:create_other_team_data
[19Apr2026 10:37:17.749] [modloading-worker-0/INFO] [dev.architectury.networking.forge.NetworkManagerImpl/]: Registering C2S receiver with id ftbquests:claim_all_rewards
[19Apr2026 10:37:17.749] [modloading-worker-0/INFO] [dev.architectury.networking.forge.NetworkManagerImpl/]: Registering C2S receiver with id ftbquests:claim_choice_reward
[19Apr2026 10:37:17.750] [modloading-worker-0/INFO] [dev.architectury.networking.forge.NetworkManagerImpl/]: Registering S2C receiver with id ftbquests:display_completion_toast
[19Apr2026 10:37:17.750] [modloading-worker-0/INFO] [dev.architectury.networking.forge.NetworkManagerImpl/]: Registering S2C receiver with id ftbquests:display_reward_toast
[19Apr2026 10:37:17.751] [modloading-worker-0/INFO] [dev.architectury.networking.forge.NetworkManagerImpl/]: Registering S2C receiver with id ftbquests:display_item_reward_toast
[19Apr2026 10:37:17.751] [modloading-worker-0/INFO] [libIPN/]: [libIPN] libIPN - init in Kotlin
[19Apr2026 10:37:17.752] [modloading-worker-0/INFO] [dev.architectury.networking.forge.NetworkManagerImpl/]: Registering C2S receiver with id ftbquests:toggle_pinned
[19Apr2026 10:37:17.753] [modloading-worker-0/INFO] [dev.architectury.networking.forge.NetworkManagerImpl/]: Registering S2C receiver with id ftbquests:toggle_pinned_response
[19Apr2026 10:37:17.754] [modloading-worker-0/INFO] [dev.architectury.networking.forge.NetworkManagerImpl/]: Registering C2S receiver with id ftbquests:toggle_chapter_pinned
[19Apr2026 10:37:17.754] [modloading-worker-0/INFO] [com.simibubi.create.Create/]: Create 6.0.8 initializing! Commit hash: 1a1a9a2819b4f89f78caec41b55ed8cb222fa24b
[19Apr2026 10:37:17.754] [modloading-worker-0/INFO] [net.creeperhost.ftbbackups.repack.org.quartz.core.QuartzScheduler/]: Scheduler ftbbackups2_$_NON_CLUSTERED started.
[19Apr2026 10:37:17.755] [modloading-worker-0/INFO] [dev.architectury.networking.forge.NetworkManagerImpl/]: Registering S2C receiver with id ftbquests:toggle_chapter_pinned_response
[19Apr2026 10:37:17.755] [modloading-worker-0/INFO] [dev.architectury.networking.forge.NetworkManagerImpl/]: Registering C2S receiver with id ftbquests:toggle_editing_mode
[19Apr2026 10:37:17.756] [modloading-worker-0/INFO] [dev.architectury.networking.forge.NetworkManagerImpl/]: Registering C2S receiver with id ftbquests:force_save
[19Apr2026 10:37:17.757] [modloading-worker-0/INFO] [dev.architectury.networking.forge.NetworkManagerImpl/]: Registering S2C receiver with id ftbquests:update_team_data
[19Apr2026 10:37:17.757] [modloading-worker-0/INFO] [dev.architectury.networking.forge.NetworkManagerImpl/]: Registering C2S receiver with id ftbquests:set_custom_image
[19Apr2026 10:37:17.758] [modloading-worker-0/INFO] [dev.architectury.networking.forge.NetworkManagerImpl/]: Registering S2C receiver with id ftbquests:object_started
[19Apr2026 10:37:17.759] [modloading-worker-0/INFO] [dev.architectury.networking.forge.NetworkManagerImpl/]: Registering S2C receiver with id ftbquests:object_completed
[19Apr2026 10:37:17.760] [modloading-worker-0/INFO] [dev.architectury.networking.forge.NetworkManagerImpl/]: Registering S2C receiver with id ftbquests:object_started_reset
[19Apr2026 10:37:17.763] [modloading-worker-0/INFO] [dev.architectury.networking.forge.NetworkManagerImpl/]: Registering S2C receiver with id ftbquests:object_completed_reset
[19Apr2026 10:37:17.764] [modloading-worker-0/INFO] [dev.architectury.networking.forge.NetworkManagerImpl/]: Registering S2C receiver with id ftbquests:sync_lock
[19Apr2026 10:37:17.765] [modloading-worker-0/INFO] [dev.architectury.networking.forge.NetworkManagerImpl/]: Registering S2C receiver with id ftbquests:reset_reward
[19Apr2026 10:37:17.765] [modloading-worker-0/INFO] [dev.architectury.networking.forge.NetworkManagerImpl/]: Registering S2C receiver with id ftbquests:team_data_changed
[19Apr2026 10:37:17.766] [modloading-worker-0/INFO] [dev.architectury.networking.forge.NetworkManagerImpl/]: Registering S2C receiver with id ftbquests:task_screen_config_req
[19Apr2026 10:37:17.767] [modloading-worker-0/INFO] [dev.architectury.networking.forge.NetworkManagerImpl/]: Registering C2S receiver with id ftbquests:task_screen_config_resp
[19Apr2026 10:37:17.768] [modloading-worker-0/INFO] [dev.architectury.networking.forge.NetworkManagerImpl/]: Registering C2S receiver with id ftbquests:give_item_to_player
[19Apr2026 10:37:17.769] [modloading-worker-0/INFO] [Puzzles Lib/]: Constructing common components for thinair:main
[19Apr2026 10:37:17.770] [modloading-worker-0/INFO] [dev.architectury.networking.forge.NetworkManagerImpl/]: Registering C2S receiver with id ftbquests:reorder_item
[19Apr2026 10:37:17.771] [modloading-worker-0/INFO] [dev.architectury.networking.forge.NetworkManagerImpl/]: Registering C2S receiver with id ftbquests:change_progress
[19Apr2026 10:37:17.771] [modloading-worker-0/INFO] [dev.architectury.networking.forge.NetworkManagerImpl/]: Registering C2S receiver with id ftbquests:create_object
[19Apr2026 10:37:17.772] [modloading-worker-0/INFO] [dev.architectury.networking.forge.NetworkManagerImpl/]: Registering S2C receiver with id ftbquests:create_object_response
[19Apr2026 10:37:17.773] [modloading-worker-0/INFO] [dev.architectury.networking.forge.NetworkManagerImpl/]: Registering C2S receiver with id ftbquests:create_task_at
[19Apr2026 10:37:17.774] [modloading-worker-0/INFO] [dev.architectury.networking.forge.NetworkManagerImpl/]: Registering C2S receiver with id ftbquests:delete_object
[19Apr2026 10:37:17.776] [modloading-worker-0/INFO] [dev.architectury.networking.forge.NetworkManagerImpl/]: Registering S2C receiver with id ftbquests:delete_object_response
[19Apr2026 10:37:17.776] [modloading-worker-0/INFO] [dev.architectury.networking.forge.NetworkManagerImpl/]: Registering C2S receiver with id ftbquests:edit_object
[19Apr2026 10:37:17.777] [modloading-worker-0/INFO] [dev.architectury.networking.forge.NetworkManagerImpl/]: Registering S2C receiver with id ftbquests:edit_object_response
[19Apr2026 10:37:17.778] [modloading-worker-0/INFO] [dev.architectury.networking.forge.NetworkManagerImpl/]: Registering C2S receiver with id ftbquests:move_chapter
[19Apr2026 10:37:17.779] [modloading-worker-0/INFO] [dev.architectury.networking.forge.NetworkManagerImpl/]: Registering S2C receiver with id ftbquests:move_chapter_response
[19Apr2026 10:37:17.780] [modloading-worker-0/INFO] [dev.architectury.networking.forge.NetworkManagerImpl/]: Registering C2S receiver with id ftbquests:move_quest
[19Apr2026 10:37:17.780] [modloading-worker-0/INFO] [dev.architectury.networking.forge.NetworkManagerImpl/]: Registering S2C receiver with id ftbquests:move_quest_response
[19Apr2026 10:37:17.781] [modloading-worker-0/INFO] [dev.architectury.networking.forge.NetworkManagerImpl/]: Registering C2S receiver with id ftbquests:change_chapter_group
[19Apr2026 10:37:17.784] [modloading-worker-0/INFO] [dev.architectury.networking.forge.NetworkManagerImpl/]: Registering S2C receiver with id ftbquests:change_chapter_group_response
[19Apr2026 10:37:17.785] [modloading-worker-0/INFO] [dev.architectury.networking.forge.NetworkManagerImpl/]: Registering C2S receiver with id ftbquests:move_chapter_group
[19Apr2026 10:37:17.785] [modloading-worker-0/INFO] [dev.architectury.networking.forge.NetworkManagerImpl/]: Registering S2C receiver with id ftbquests:move_chapter_group_response
[19Apr2026 10:37:17.788] [modloading-worker-0/INFO] [dev.architectury.networking.forge.NetworkManagerImpl/]: Registering S2C receiver with id ftbquests:sync_reward_blocking
[19Apr2026 10:37:17.791] [modloading-worker-0/INFO] [dev.architectury.networking.forge.NetworkManagerImpl/]: Registering C2S receiver with id ftbquests:copy_quest
[19Apr2026 10:37:17.793] [modloading-worker-0/INFO] [dev.architectury.networking.forge.NetworkManagerImpl/]: Registering C2S receiver with id ftbquests:copy_chapter_image
[19Apr2026 10:37:17.796] [modloading-worker-0/INFO] [dev.architectury.networking.forge.NetworkManagerImpl/]: Registering C2S receiver with id ftbquests:sync_structures_request
[19Apr2026 10:37:17.797] [modloading-worker-0/INFO] [dev.architectury.networking.forge.NetworkManagerImpl/]: Registering S2C receiver with id ftbquests:sync_structures_response
[19Apr2026 10:37:17.797] [modloading-worker-0/INFO] [dev.architectury.networking.forge.NetworkManagerImpl/]: Registering C2S receiver with id ftbquests:request_team_data
[19Apr2026 10:37:17.797] [modloading-worker-0/INFO] [dev.architectury.networking.forge.NetworkManagerImpl/]: Registering S2C receiver with id ftbquests:sync_editor_permission
[19Apr2026 10:37:17.798] [modloading-worker-0/INFO] [dev.architectury.networking.forge.NetworkManagerImpl/]: Registering S2C receiver with id ftbquests:open_quest_book
[19Apr2026 10:37:17.798] [modloading-worker-0/INFO] [dev.architectury.networking.forge.NetworkManagerImpl/]: Registering S2C receiver with id ftbquests:clear_display_cache
[19Apr2026 10:37:17.799] [modloading-worker-0/INFO] [dev.architectury.networking.forge.NetworkManagerImpl/]: Registering S2C receiver with id ftbquests:reorder_item_response
[19Apr2026 10:37:17.800] [modloading-worker-0/INFO] [dev.architectury.networking.forge.NetworkManagerImpl/]: Registering S2C receiver with id ftbquests:clear_repeat_cooldown
[19Apr2026 10:37:17.830] [KubeJS Background Thread/INFO] [KubeJS/]: Loaded common.properties
[19Apr2026 10:37:17.830] [KubeJS Background Thread/INFO] [KubeJS/]: Loaded dev.properties
[19Apr2026 10:37:17.848] [modloading-worker-0/INFO] [KubeJS/]: Looking for KubeJS plugins...
[19Apr2026 10:37:17.852] [modloading-worker-0/INFO] [KubeJS/]: Found plugin source kubejs
[19Apr2026 10:37:17.859] [modloading-worker-0/INFO] [Puzzles Lib/]: Constructing client components for thinair:main
[19Apr2026 10:37:17.860] [modloading-worker-0/WARN] [KubeJS/]: Plugin dev.latvian.mods.kubejs.integration.forge.gamestages.GameStagesIntegration does not have required mod gamestages loaded, skipping
[19Apr2026 10:37:17.861] [modloading-worker-0/INFO] [KubeJS/]: Found plugin source ldlib
[19Apr2026 10:37:17.862] [modloading-worker-0/INFO] [KubeJS/]: Found plugin source ftbxmodcompat
[19Apr2026 10:37:17.870] [modloading-worker-0/INFO] [GregTechCEu/]: GregTechCEu is initializing...
[19Apr2026 10:37:17.871] [modloading-worker-0/WARN] [KubeJS/]: Plugin dev.ftb.mods.ftbxmodcompat.ftbfiltersystem.kubejs.FFSKubeJSPlugin does not have required mod ftbfiltersystem loaded, skipping
[19Apr2026 10:37:17.872] [modloading-worker-0/INFO] [KubeJS/]: Found plugin source lootjs
[19Apr2026 10:37:17.874] [modloading-worker-0/INFO] [KubeJS/]: Found plugin source gtceu
[19Apr2026 10:37:17.925] [modloading-worker-0/INFO] [KubeJS/]: Found plugin source avaritia
[19Apr2026 10:37:17.931] [modloading-worker-0/INFO] [KubeJS/]: Found plugin source kubejs_create
[19Apr2026 10:37:18.006] [modloading-worker-0/INFO] [Configuration/FileWatching]: Registered gtmthings config for auto-sync function
[19Apr2026 10:37:18.006] [modloading-worker-0/INFO] [Configuration/FileWatching]: Registered gtmutils config for auto-sync function
[19Apr2026 10:37:18.007] [modloading-worker-0/INFO] [Configuration/FileWatching]: Registered gtexolegs config for auto-sync function
[19Apr2026 10:37:18.021] [modloading-worker-0/INFO] [Configuration/FileWatching]: Registered gtceu config for auto-sync function
[19Apr2026 10:37:18.024] [modloading-worker-0/INFO] [net.tobsend.xtonesreworked.XtonesReworkedMod/]: SETUP Xtones Reworked
[19Apr2026 10:37:18.028] [modloading-worker-0/INFO] [GregTechCEu/]: High-Tier is Disabled.
[19Apr2026 10:37:18.028] [modloading-worker-0/INFO] [Puzzles Lib/]: Constructing common components for puzzleslib:main
[19Apr2026 10:37:18.039] [modloading-worker-0/INFO] [KubeJS/]: Done in 191.0 ms
[19Apr2026 10:37:18.046] [modloading-worker-0/INFO] [Puzzles Lib/]: Constructing client components for puzzleslib:main
[19Apr2026 10:37:18.049] [modloading-worker-0/INFO] [net.blay09.mods.balm.forge.config.ForgeBalmConfig/]: Registering config for defaultoptions:common (COMMON) with 2 properties.
[19Apr2026 10:37:18.105] [modloading-worker-0/INFO] [mezz.jei.library.load.PluginCaller/]: Sending ConfigManager...
[19Apr2026 10:37:18.125] [modloading-worker-0/INFO] [mezz.jei.library.load.PluginCaller/]: Sending ConfigManager took 20.29 ms
[19Apr2026 10:37:18.196] [modloading-worker-0/INFO] [FTB XMod Compat/]: [FTB Quests] Enabled KubeJS integration
[19Apr2026 10:37:18.198] [modloading-worker-0/INFO] [FTB XMod Compat/]: [FTB Chunks] Enabled KubeJS integration
[19Apr2026 10:37:18.278] [modloading-worker-0/WARN] [mixin/]: @Inject(@At("INVOKE")) Shift.BY=2 on create_connected.mixins.json:sequencedgearshift.SequencedGearshiftScreenMixin::handler$bba000$updateParamsOfRow exceeds the maximum allowed value: 0. Increase the value of maxShiftBy to suppress this warning.
[19Apr2026 10:37:18.300] [modloading-worker-0/INFO] [Rhino Script Remapper/]: Loading Rhino Minecraft remapper...
[19Apr2026 10:37:18.302] [modloading-worker-0/INFO] [dev.latvian.mods.rhino.mod.util.RhinoProperties/]: Rhino properties loaded.
[19Apr2026 10:37:18.304] [modloading-worker-0/INFO] [Rhino Script Remapper/]: Loading mappings for 1.20.1
[19Apr2026 10:37:18.394] [modloading-worker-0/INFO] [Rhino Script Remapper/]: Done in 0.094 s
[19Apr2026 10:37:18.575] [modloading-worker-0/INFO] [mixin/]: Mixing client.MixinServerData from mixins/common/nochatreports.mixins.json into net.minecraft.client.multiplayer.ServerData
[19Apr2026 10:37:18.611] [modloading-worker-0/INFO] [mixin/]: Mixing client.MixinChatListener from mixins/common/nochatreports.mixins.json into net.minecraft.client.multiplayer.chat.ChatListener
[19Apr2026 10:37:18.891] [modloading-worker-0/INFO] [KubeJS/]: Added bindings for script type STARTUP from mod 'almostunified': [AlmostUnified]
[19Apr2026 10:37:18.924] [modloading-worker-0/INFO] [KubeJS Startup/]: Loaded script startup_scripts:recipes/construction_core.js in 0.031 s
[19Apr2026 10:37:18.925] [modloading-worker-0/INFO] [KubeJS Startup/]: Loaded script startup_scripts:recipes/greenhouse.js in 0.001 s
[19Apr2026 10:37:18.926] [modloading-worker-0/INFO] [KubeJS Startup/]: Loaded script startup_scripts:icons.js in 0.001 s
[19Apr2026 10:37:18.927] [modloading-worker-0/INFO] [KubeJS Startup/]: Loaded script startup_scripts:material_testing/material.js in 0.001 s
[19Apr2026 10:37:18.953] [modloading-worker-0/INFO] [KubeJS Startup/]: startup_custom.js#1: Loaded Java class 'com.gregtechceu.gtceu.common.machine.multiblock.generator.LargeTurbineMachine'
[19Apr2026 10:37:18.954] [modloading-worker-0/INFO] [KubeJS Startup/]: Loaded script startup_scripts:startup_custom.js in 0.026 s
[19Apr2026 10:37:18.955] [modloading-worker-0/INFO] [KubeJS Startup/]: Loaded script startup_scripts:machinery/construction_core.js in 0.0 s
[19Apr2026 10:37:18.955] [modloading-worker-0/INFO] [KubeJS Startup/]: Loaded script startup_scripts:machinery/greenhouse.js in 0.0 s
[19Apr2026 10:37:18.956] [modloading-worker-0/INFO] [KubeJS Startup/]: Loaded script startup_scripts:ore_gen.js in 0.001 s
[19Apr2026 10:37:18.956] [modloading-worker-0/INFO] [KubeJS Startup/]: Loaded script startup_scripts:components/hsla-steel.js in 0.0 s
[19Apr2026 10:37:18.958] [modloading-worker-0/INFO] [KubeJS Startup/]: Loaded script startup_scripts:gtmaterials/ac_material_modification.js in 0.002 s
[19Apr2026 10:37:18.961] [modloading-worker-0/INFO] [KubeJS Startup/]: Loaded script startup_scripts:gtmaterials/ab_mats.js in 0.003 s
[19Apr2026 10:37:18.962] [modloading-worker-0/INFO] [KubeJS Startup/]: Loaded script startup_scripts:gtmaterials/aa_elements.js in 0.001 s
[19Apr2026 10:37:18.964] [modloading-worker-0/INFO] [KubeJS Startup/]: Loaded 12/12 KubeJS startup scripts in 0.568 s with 0 errors and 0 warnings
[19Apr2026 10:37:18.990] [modloading-worker-0/INFO] [mixin/]: Mixing common.MixinServerStatus from mixins/common/nochatreports.mixins.json into net.minecraft.network.protocol.status.ServerStatus
[19Apr2026 10:37:18.992] [modloading-worker-0/INFO] [KubeJS/]: Added bindings for script type CLIENT from mod 'almostunified': [AlmostUnified]
[19Apr2026 10:37:18.993] [modloading-worker-0/INFO] [KubeJS Client/]: Loaded script client_scripts:jei_hidden.js in 0.001 s
[19Apr2026 10:37:18.994] [modloading-worker-0/INFO] [KubeJS Client/]: Loaded script client_scripts:tooltips.js in 0.001 s
[19Apr2026 10:37:18.994] [modloading-worker-0/INFO] [KubeJS Client/]: Loaded 2/2 KubeJS client scripts in 0.012 s with 0 errors and 0 warnings
[19Apr2026 10:37:19.011] [modloading-worker-0/INFO] [dev.architectury.networking.forge.NetworkManagerImpl/]: Registering C2S receiver with id kubejs:send_data_from_client
[19Apr2026 10:37:19.012] [modloading-worker-0/INFO] [dev.architectury.networking.forge.NetworkManagerImpl/]: Registering S2C receiver with id kubejs:send_data_from_server
[19Apr2026 10:37:19.012] [modloading-worker-0/INFO] [dev.architectury.networking.forge.NetworkManagerImpl/]: Registering S2C receiver with id kubejs:paint
[19Apr2026 10:37:19.012] [modloading-worker-0/INFO] [dev.architectury.networking.forge.NetworkManagerImpl/]: Registering S2C receiver with id kubejs:add_stage
[19Apr2026 10:37:19.013] [modloading-worker-0/INFO] [dev.architectury.networking.forge.NetworkManagerImpl/]: Registering S2C receiver with id kubejs:remove_stage
[19Apr2026 10:37:19.013] [modloading-worker-0/INFO] [dev.architectury.networking.forge.NetworkManagerImpl/]: Registering S2C receiver with id kubejs:sync_stages
[19Apr2026 10:37:19.013] [modloading-worker-0/INFO] [dev.architectury.networking.forge.NetworkManagerImpl/]: Registering C2S receiver with id kubejs:first_click
[19Apr2026 10:37:19.014] [modloading-worker-0/INFO] [dev.architectury.networking.forge.NetworkManagerImpl/]: Registering S2C receiver with id kubejs:toast
[19Apr2026 10:37:19.014] [modloading-worker-0/INFO] [dev.architectury.networking.forge.NetworkManagerImpl/]: Registering S2C receiver with id kubejs:reload_startup_scripts
[19Apr2026 10:37:19.014] [modloading-worker-0/INFO] [dev.architectury.networking.forge.NetworkManagerImpl/]: Registering S2C receiver with id kubejs:display_server_errors
[19Apr2026 10:37:19.014] [modloading-worker-0/INFO] [dev.architectury.networking.forge.NetworkManagerImpl/]: Registering S2C receiver with id kubejs:display_client_errors
[19Apr2026 10:37:19.072] [Render thread/INFO] [GregTechCEu/]: GTCEu common proxy init!
[19Apr2026 10:37:19.104] [Render thread/INFO] [GregTechCEu/]: Registering material registries
[19Apr2026 10:37:19.105] [Render thread/INFO] [GregTechCEu/]: Registering GTCEu Materials
[19Apr2026 10:37:19.185] [Render thread/INFO] [GregTechCEu/]: Registering addon Materials
[19Apr2026 10:37:19.188] [Render thread/INFO] [KubeJS Startup/]: gtmaterials/ab_mats.js#2: Loaded Java class 'com.gregtechceu.gtceu.api.data.chemical.material.properties.OreProperty'
[19Apr2026 10:37:19.188] [Render thread/INFO] [KubeJS Startup/]: gtmaterials/ab_mats.js#3: Loaded Java class 'com.gregtechceu.gtceu.api.data.chemical.material.properties.IngotProperty'
[19Apr2026 10:37:19.189] [Render thread/INFO] [KubeJS Startup/]: gtmaterials/ab_mats.js#4: Loaded Java class 'com.gregtechceu.gtceu.api.data.chemical.material.properties.FluidProperty'
[19Apr2026 10:37:19.189] [Render thread/INFO] [KubeJS Startup/]: gtmaterials/ab_mats.js#5: Loaded Java class 'com.gregtechceu.gtceu.api.data.chemical.material.properties.DustProperty'
[19Apr2026 10:37:19.196] [Render thread/INFO] [KubeJS Startup/]: gtmaterials/ac_material_modification.js#3: Loaded Java class 'com.gregtechceu.gtceu.api.data.chemical.material.properties.ToolProperty'
[19Apr2026 10:37:19.465] [Render thread/WARN] [GregTechCEu/]: FluidStorageKey{gtceu:liquid} already has an associated fluid for material gtceu:lava
[19Apr2026 10:37:19.467] [Render thread/WARN] [GregTechCEu/]: FluidStorageKey{gtceu:liquid} already has an associated fluid for material gtceu:water
[19Apr2026 10:37:19.476] [Render thread/WARN] [GregTechCEu/]: FluidStorageKey{gtceu:liquid} already has an associated fluid for material gtceu:milk
[19Apr2026 10:37:19.830] [Render thread/INFO] [GregTechCEu/]: Registering KeyBinds
[19Apr2026 10:37:22.777] [Render thread/INFO] [dev.architectury.networking.forge.NetworkManagerImpl/]: Registering C2S receiver with id ae2wtlib:cycle_terminal
[19Apr2026 10:37:22.778] [Render thread/INFO] [dev.architectury.networking.forge.NetworkManagerImpl/]: Registering C2S receiver with id ae2wtlib:pick_block
[19Apr2026 10:37:22.778] [Render thread/INFO] [dev.architectury.networking.forge.NetworkManagerImpl/]: Registering C2S receiver with id ae2wtlib:terminal_settings
[19Apr2026 10:37:23.029] [Render thread/INFO] [ModernFix/]: Instantiating Mojang DFU
[19Apr2026 10:37:23.316] [Datafixer Bootstrap/INFO] [com.mojang.datafixers.DataFixerBuilder/]: 188 Datafixer optimizations took 57 milliseconds
[19Apr2026 10:37:23.532] [Render thread/INFO] [dev.arbor.extrasoundsnext.ExtraSoundsNext/]: Loaded sound generator: minecraft
[19Apr2026 10:37:23.532] [Render thread/INFO] [dev.arbor.extrasoundsnext.mapping.SoundPackLoader/]: [ExtraSoundsNext] Regenerating cache...
[19Apr2026 10:37:23.820] [Render thread/INFO] [dev.arbor.extrasoundsnext.mapping.SoundPackLoader/]: [ExtraSoundsNext] sound pack successfully loaded; 46377 entries.
[19Apr2026 10:37:24.188] [Render thread/INFO] [ModernFix/]: Replacing search trees with 'JEI' provider
[19Apr2026 10:37:24.397] [Render thread/INFO] [Embeddium/]: Block minecraft:birch_leaves had its color provider replaced and will not use per-vertex coloring
[19Apr2026 10:37:24.492] [Render thread/INFO] [Oculus/]: Hardware information:
[19Apr2026 10:37:24.492] [Render thread/INFO] [Oculus/]: CPU: 12x 12th Gen Intel(R) Core(TM) i5-12400F
[19Apr2026 10:37:24.492] [Render thread/INFO] [Oculus/]: GPU: NVIDIA GeForce RTX 3060/PCIe/SSE2 (Supports OpenGL 4.6.0 NVIDIA 580.126.09)
[19Apr2026 10:37:24.492] [Render thread/INFO] [Oculus/]: OS: Linux (6.14.0-37-generic)
[19Apr2026 10:37:24.508] [Render thread/WARN] [Embeddium-MixinTaintDetector/]: Mod(s) [oculus] are modifying Embeddium class me.jellysquid.mods.sodium.client.render.vertex.VertexFormatDescriptionImpl, which may cause instability.
[19Apr2026 10:37:24.514] [Render thread/WARN] [Embeddium-MixinTaintDetector/]: Mod(s) [entity_texture_features, oculus] are modifying Embeddium class me.jellysquid.mods.sodium.client.render.vertex.buffer.SodiumBufferBuilder, which may cause instability.
[19Apr2026 10:37:24.529] [Render thread/WARN] [Embeddium-MixinTaintDetector/]: Mod(s) [oculus] are modifying Embeddium class me.jellysquid.mods.sodium.client.render.SodiumWorldRenderer, which may cause instability.
[19Apr2026 10:37:24.847] [Render thread/INFO] [inline/]: registering tooltip components
[19Apr2026 10:37:24.861] [Render thread/INFO] [journeymap/]: Registering Keybinds
[19Apr2026 10:37:24.959] [Render thread/INFO] [STDERR/]: [dev.latvian.mods.kubejs.client.GeneratedClientResourcePack:generate:129]: com.google.gson.JsonSyntaxException: com.google.gson.stream.MalformedJsonException: Unterminated object at line 3 column 4 path $.item.avaritia.neutronium_nugget
[19Apr2026 10:37:24.959] [Render thread/INFO] [STDERR/]: [dev.latvian.mods.kubejs.client.GeneratedClientResourcePack:generate:129]: 	at MC-BOOTSTRAP/com.google.gson@2.10/com.google.gson.Gson.fromJson(Gson.java:1229)
[19Apr2026 10:37:24.959] [Render thread/INFO] [STDERR/]: [dev.latvian.mods.kubejs.client.GeneratedClientResourcePack:generate:129]: 	at MC-BOOTSTRAP/com.google.gson@2.10/com.google.gson.Gson.fromJson(Gson.java:1124)
[19Apr2026 10:37:24.959] [Render thread/INFO] [STDERR/]: [dev.latvian.mods.kubejs.client.GeneratedClientResourcePack:generate:129]: 	at MC-BOOTSTRAP/com.google.gson@2.10/com.google.gson.Gson.fromJson(Gson.java:1062)
[19Apr2026 10:37:24.959] [Render thread/INFO] [STDERR/]: [dev.latvian.mods.kubejs.client.GeneratedClientResourcePack:generate:129]: 	at TRANSFORMER/kubejs@2001.6.5-build.16/dev.latvian.mods.kubejs.client.GeneratedClientResourcePack.generate(GeneratedClientResourcePack.java:122)
[19Apr2026 10:37:24.959] [Render thread/INFO] [STDERR/]: [dev.latvian.mods.kubejs.client.GeneratedClientResourcePack:generate:129]: 	at TRANSFORMER/kubejs@2001.6.5-build.16/dev.latvian.mods.kubejs.script.data.GeneratedResourcePack.getGenerated(GeneratedResourcePack.java:88)
[19Apr2026 10:37:24.959] [Render thread/INFO] [STDERR/]: [dev.latvian.mods.kubejs.client.GeneratedClientResourcePack:generate:129]: 	at TRANSFORMER/kubejs@2001.6.5-build.16/dev.latvian.mods.kubejs.client.GeneratedClientResourcePack.<init>(GeneratedClientResourcePack.java:67)
[19Apr2026 10:37:24.959] [Render thread/INFO] [STDERR/]: [dev.latvian.mods.kubejs.client.GeneratedClientResourcePack:generate:129]: 	at TRANSFORMER/kubejs@2001.6.5-build.16/dev.latvian.mods.kubejs.client.GeneratedClientResourcePack.inject(GeneratedClientResourcePack.java:48)
[19Apr2026 10:37:24.959] [Render thread/INFO] [STDERR/]: [dev.latvian.mods.kubejs.client.GeneratedClientResourcePack:generate:129]: 	at TRANSFORMER/minecraft@1.20.1/net.minecraft.client.Minecraft.modifyExpressionValue$dbi000$kjs$loadPacks(Minecraft.java:14458)
[19Apr2026 10:37:24.959] [Render thread/INFO] [STDERR/]: [dev.latvian.mods.kubejs.client.GeneratedClientResourcePack:generate:129]: 	at TRANSFORMER/minecraft@1.20.1/net.minecraft.client.Minecraft.<init>(Minecraft.java:559)
[19Apr2026 10:37:24.959] [Render thread/INFO] [STDERR/]: [dev.latvian.mods.kubejs.client.GeneratedClientResourcePack:generate:129]: 	at TRANSFORMER/minecraft@1.20.1/net.minecraft.client.main.Main.main(Main.java:182)
[19Apr2026 10:37:24.959] [Render thread/INFO] [STDERR/]: [dev.latvian.mods.kubejs.client.GeneratedClientResourcePack:generate:129]: 	at java.base/jdk.internal.reflect.NativeMethodAccessorImpl.invoke0(Native Method)
[19Apr2026 10:37:24.959] [Render thread/INFO] [STDERR/]: [dev.latvian.mods.kubejs.client.GeneratedClientResourcePack:generate:129]: 	at java.base/jdk.internal.reflect.NativeMethodAccessorImpl.invoke(NativeMethodAccessorImpl.java:77)
[19Apr2026 10:37:24.959] [Render thread/INFO] [STDERR/]: [dev.latvian.mods.kubejs.client.GeneratedClientResourcePack:generate:129]: 	at java.base/jdk.internal.reflect.DelegatingMethodAccessorImpl.invoke(DelegatingMethodAccessorImpl.java:43)
[19Apr2026 10:37:24.959] [Render thread/INFO] [STDERR/]: [dev.latvian.mods.kubejs.client.GeneratedClientResourcePack:generate:129]: 	at java.base/java.lang.reflect.Method.invoke(Method.java:569)
[19Apr2026 10:37:24.959] [Render thread/INFO] [STDERR/]: [dev.latvian.mods.kubejs.client.GeneratedClientResourcePack:generate:129]: 	at MC-BOOTSTRAP/fmlloader@1.20.1-47.4.16/net.minecraftforge.fml.loading.targets.CommonLaunchHandler.runTarget(CommonLaunchHandler.java:111)
[19Apr2026 10:37:24.959] [Render thread/INFO] [STDERR/]: [dev.latvian.mods.kubejs.client.GeneratedClientResourcePack:generate:129]: 	at MC-BOOTSTRAP/fmlloader@1.20.1-47.4.16/net.minecraftforge.fml.loading.targets.CommonLaunchHandler.clientService(CommonLaunchHandler.java:99)
[19Apr2026 10:37:24.959] [Render thread/INFO] [STDERR/]: [dev.latvian.mods.kubejs.client.GeneratedClientResourcePack:generate:129]: 	at MC-BOOTSTRAP/fmlloader@1.20.1-47.4.16/net.minecraftforge.fml.loading.targets.CommonClientLaunchHandler.lambda$makeService$0(CommonClientLaunchHandler.java:25)
[19Apr2026 10:37:24.959] [Render thread/INFO] [STDERR/]: [dev.latvian.mods.kubejs.client.GeneratedClientResourcePack:generate:129]: 	at MC-BOOTSTRAP/cpw.mods.modlauncher@10.0.9/cpw.mods.modlauncher.LaunchServiceHandlerDecorator.launch(LaunchServiceHandlerDecorator.java:30)
[19Apr2026 10:37:24.959] [Render thread/INFO] [STDERR/]: [dev.latvian.mods.kubejs.client.GeneratedClientResourcePack:generate:129]: 	at MC-BOOTSTRAP/cpw.mods.modlauncher@10.0.9/cpw.mods.modlauncher.LaunchServiceHandler.launch(LaunchServiceHandler.java:53)
[19Apr2026 10:37:24.959] [Render thread/INFO] [STDERR/]: [dev.latvian.mods.kubejs.client.GeneratedClientResourcePack:generate:129]: 	at MC-BOOTSTRAP/cpw.mods.modlauncher@10.0.9/cpw.mods.modlauncher.LaunchServiceHandler.launch(LaunchServiceHandler.java:71)
[19Apr2026 10:37:24.959] [Render thread/INFO] [STDERR/]: [dev.latvian.mods.kubejs.client.GeneratedClientResourcePack:generate:129]: 	at MC-BOOTSTRAP/cpw.mods.modlauncher@10.0.9/cpw.mods.modlauncher.Launcher.run(Launcher.java:108)
[19Apr2026 10:37:24.959] [Render thread/INFO] [STDERR/]: [dev.latvian.mods.kubejs.client.GeneratedClientResourcePack:generate:129]: 	at MC-BOOTSTRAP/cpw.mods.modlauncher@10.0.9/cpw.mods.modlauncher.Launcher.main(Launcher.java:78)
[19Apr2026 10:37:24.959] [Render thread/INFO] [STDERR/]: [dev.latvian.mods.kubejs.client.GeneratedClientResourcePack:generate:129]: 	at MC-BOOTSTRAP/cpw.mods.modlauncher@10.0.9/cpw.mods.modlauncher.BootstrapLaunchConsumer.accept(BootstrapLaunchConsumer.java:26)
[19Apr2026 10:37:24.959] [Render thread/INFO] [STDERR/]: [dev.latvian.mods.kubejs.client.GeneratedClientResourcePack:generate:129]: 	at MC-BOOTSTRAP/cpw.mods.modlauncher@10.0.9/cpw.mods.modlauncher.BootstrapLaunchConsumer.accept(BootstrapLaunchConsumer.java:23)
[19Apr2026 10:37:24.959] [Render thread/INFO] [STDERR/]: [dev.latvian.mods.kubejs.client.GeneratedClientResourcePack:generate:129]: 	at cpw.mods.bootstraplauncher@1.1.2/cpw.mods.bootstraplauncher.BootstrapLauncher.main(BootstrapLauncher.java:141)
[19Apr2026 10:37:24.959] [Render thread/INFO] [STDERR/]: [dev.latvian.mods.kubejs.client.GeneratedClientResourcePack:generate:129]: 	at java.base/jdk.internal.reflect.NativeMethodAccessorImpl.invoke0(Native Method)
[19Apr2026 10:37:24.959] [Render thread/INFO] [STDERR/]: [dev.latvian.mods.kubejs.client.GeneratedClientResourcePack:generate:129]: 	at java.base/jdk.internal.reflect.NativeMethodAccessorImpl.invoke(NativeMethodAccessorImpl.java:77)
[19Apr2026 10:37:24.959] [Render thread/INFO] [STDERR/]: [dev.latvian.mods.kubejs.client.GeneratedClientResourcePack:generate:129]: 	at java.base/jdk.internal.reflect.DelegatingMethodAccessorImpl.invoke(DelegatingMethodAccessorImpl.java:43)
[19Apr2026 10:37:24.959] [Render thread/INFO] [STDERR/]: [dev.latvian.mods.kubejs.client.GeneratedClientResourcePack:generate:129]: 	at java.base/java.lang.reflect.Method.invoke(Method.java:569)
[19Apr2026 10:37:24.959] [Render thread/INFO] [STDERR/]: [dev.latvian.mods.kubejs.client.GeneratedClientResourcePack:generate:129]: 	at io.github.zekerzhayard.forgewrapper.installer.Main.main(Main.java:67)
[19Apr2026 10:37:24.959] [Render thread/INFO] [STDERR/]: [dev.latvian.mods.kubejs.client.GeneratedClientResourcePack:generate:129]: 	at org.prismlauncher.launcher.impl.StandardLauncher.launch(StandardLauncher.java:115)
[19Apr2026 10:37:24.959] [Render thread/INFO] [STDERR/]: [dev.latvian.mods.kubejs.client.GeneratedClientResourcePack:generate:129]: 	at org.prismlauncher.EntryPoint.listen(EntryPoint.java:129)
[19Apr2026 10:37:24.959] [Render thread/INFO] [STDERR/]: [dev.latvian.mods.kubejs.client.GeneratedClientResourcePack:generate:129]: 	at org.prismlauncher.EntryPoint.main(EntryPoint.java:70)
[19Apr2026 10:37:24.959] [Render thread/INFO] [STDERR/]: [java.lang.Throwable:printStackTrace:650]: Caused by: com.google.gson.stream.MalformedJsonException: Unterminated object at line 3 column 4 path $.item.avaritia.neutronium_nugget
[19Apr2026 10:37:24.959] [Render thread/INFO] [STDERR/]: [java.lang.Throwable:printStackTrace:650]: 	at MC-BOOTSTRAP/com.google.gson@2.10/com.google.gson.stream.JsonReader.syntaxError(JsonReader.java:1657)
[19Apr2026 10:37:24.959] [Render thread/INFO] [STDERR/]: [java.lang.Throwable:printStackTrace:650]: 	at MC-BOOTSTRAP/com.google.gson@2.10/com.google.gson.stream.JsonReader.doPeek(JsonReader.java:500)
[19Apr2026 10:37:24.959] [Render thread/INFO] [STDERR/]: [java.lang.Throwable:printStackTrace:650]: 	at MC-BOOTSTRAP/com.google.gson@2.10/com.google.gson.stream.JsonReader.hasNext(JsonReader.java:422)
[19Apr2026 10:37:24.960] [Render thread/INFO] [STDERR/]: [java.lang.Throwable:printStackTrace:650]: 	at MC-BOOTSTRAP/com.google.gson@2.10/com.google.gson.internal.bind.TypeAdapters$28.read(TypeAdapters.java:779)
[19Apr2026 10:37:24.960] [Render thread/INFO] [STDERR/]: [java.lang.Throwable:printStackTrace:650]: 	at MC-BOOTSTRAP/com.google.gson@2.10/com.google.gson.internal.bind.TypeAdapters$28.read(TypeAdapters.java:725)
[19Apr2026 10:37:24.960] [Render thread/INFO] [STDERR/]: [java.lang.Throwable:printStackTrace:650]: 	at MC-BOOTSTRAP/com.google.gson@2.10/com.google.gson.internal.bind.TypeAdapters$34$1.read(TypeAdapters.java:1007)
[19Apr2026 10:37:24.960] [Render thread/INFO] [STDERR/]: [java.lang.Throwable:printStackTrace:650]: 	at MC-BOOTSTRAP/com.google.gson@2.10/com.google.gson.Gson.fromJson(Gson.java:1214)
[19Apr2026 10:37:24.960] [Render thread/INFO] [STDERR/]: [java.lang.Throwable:printStackTrace:650]: 	... 32 more
[19Apr2026 10:37:24.966] [Render thread/INFO] [net.minecraft.server.packs.resources.ReloadableResourceManager/]: Reloading ResourceManager: gtceu:dynamic_assets, vanilla, mod_resources, KubeJS Resource Pack [assets], file/FreshAnimations_v1.9.2.zip, file/AE2TexturesBackport1.20-1.0.zip, file/Extended_Illumina_1.20x.zip, file/SE Vanilla Consistency 1.20.1.zip, file/GTCEu Modern Lapotron Revert, file/GregTech tooltips.zip, file/cubic-sun-moon-v1.8.4a.zip, ldlib
[19Apr2026 10:37:24.991] [Render thread/INFO] [mixin/]: Mixing client.MixinJoinMultiplayerScreen from mixins/common/nochatreports.mixins.json into net.minecraft.client.gui.screens.multiplayer.JoinMultiplayerScreen
[19Apr2026 10:37:24.991] [Render thread/INFO] [mixin/]: Renaming synthetic method lambda$onInit$2()Lnet/minecraft/network/chat/Component; to md7de1fc$lambda$onInit$2$0 in mixins/common/nochatreports.mixins.json:client.MixinJoinMultiplayerScreen
[19Apr2026 10:37:24.991] [Render thread/INFO] [mixin/]: Renaming synthetic method lambda$onInit$1(Lnet/minecraft/client/gui/components/Button;)V to md7de1fc$lambda$onInit$1$1 in mixins/common/nochatreports.mixins.json:client.MixinJoinMultiplayerScreen
[19Apr2026 10:37:24.991] [Render thread/INFO] [mixin/]: Renaming synthetic method lambda$onInit$0(Lnet/minecraft/client/gui/components/Button;)V to md7de1fc$lambda$onInit$0$2 in mixins/common/nochatreports.mixins.json:client.MixinJoinMultiplayerScreen
[19Apr2026 10:37:24.999] [modloading-worker-0/INFO] [Puzzles Lib/]: Loading client config for hangglider
[19Apr2026 10:37:25.017] [modloading-worker-0/INFO] [STDOUT/]: [li.cil.oc2.common.ConfigManager:handleModConfigEvent:24]: PER_BLOCK
[19Apr2026 10:37:25.031] [modloading-worker-0/INFO] [com.tom.peripherals.PeripheralsMod/]: Loaded Tom's Peripherals config file toms_peripherals-common.toml
[19Apr2026 10:37:25.152] [Finalizer/WARN] [ModernFix/]: One or more BufferBuilders have been leaked, ModernFix will attempt to correct this.
[19Apr2026 10:37:25.220] [Worker-ResourceReload-9/INFO] [FTB Library/]: Setting game stages provider implementation to: KubeJS Stages
[19Apr2026 10:37:25.220] [Worker-ResourceReload-9/INFO] [FTB XMod Compat/]: Chose [KubeJS Stages] as the active game stages implementation
[19Apr2026 10:37:25.221] [Worker-ResourceReload-9/INFO] [FTB XMod Compat/]: Chose [FALLBACK] as the active permissions implementation
[19Apr2026 10:37:25.222] [Worker-ResourceReload-9/INFO] [FTB XMod Compat/]: [FTB Quests] recipe helper provider is [JEI]
[19Apr2026 10:37:25.223] [Worker-ResourceReload-9/INFO] [FTB XMod Compat/]: [FTB Quests] Enabled Item Filters integration
[19Apr2026 10:37:25.231] [Worker-ResourceReload-10/INFO] [journeymap/]: Found @Ljourneymap/client/api/ClientPlugin;: com.gregtechceu.gtceu.integration.map.journeymap.JourneyMapPlugin
[19Apr2026 10:37:25.236] [Worker-ResourceReload-8/INFO] [li.cil.oc2.common.inet.InternetManagerImpl/]: Internet card is disabled; Internet manager will not start
[19Apr2026 10:37:25.240] [Worker-ResourceReload-8/INFO] [li.cil.oc2.common.vxlan.TunnelManager/]: Initializing outernet tunnel manager
[19Apr2026 10:37:25.241] [Forge Version Check/INFO] [net.minecraftforge.fml.VersionChecker/]: [controlling] Starting version check at https://updates.blamejared.com/get?n=controlling&gv=1.20.1
[19Apr2026 10:37:25.259] [Worker-ResourceReload-7/INFO] [CPM/]: Customizable Player Models Initialized
[19Apr2026 10:37:25.260] [Worker-ResourceReload-10/INFO] [CorgiLib/]: Initializing network...
[19Apr2026 10:37:25.262] [Worker-ResourceReload-10/INFO] [CorgiLib/]: Initialized network!
[19Apr2026 10:37:25.278] [Worker-ResourceReload-7/INFO] [com.tom.peripherals.PeripheralsMod/]: Initilaized Network Handler
[19Apr2026 10:37:25.283] [Worker-ResourceReload-5/INFO] [com.jaquadro.minecraft.storagedrawers.ModServices/]: New compacting rule 4 clay_ball = 1 clay
[19Apr2026 10:37:25.283] [Worker-ResourceReload-5/INFO] [com.jaquadro.minecraft.storagedrawers.ModServices/]: New compacting rule 4 snowball = 1 snow_block
[19Apr2026 10:37:25.283] [Worker-ResourceReload-5/INFO] [com.jaquadro.minecraft.storagedrawers.ModServices/]: New compacting rule 4 glowstone_dust = 1 glowstone
[19Apr2026 10:37:25.283] [Worker-ResourceReload-5/INFO] [com.jaquadro.minecraft.storagedrawers.ModServices/]: New compacting rule 4 brick = 1 bricks
[19Apr2026 10:37:25.283] [Worker-ResourceReload-5/INFO] [com.jaquadro.minecraft.storagedrawers.ModServices/]: New compacting rule 4 nether_brick = 1 nether_bricks
[19Apr2026 10:37:25.283] [Worker-ResourceReload-5/INFO] [com.jaquadro.minecraft.storagedrawers.ModServices/]: New compacting rule 9 nether_wart = 1 nether_wart_block
[19Apr2026 10:37:25.283] [Worker-ResourceReload-5/INFO] [com.jaquadro.minecraft.storagedrawers.ModServices/]: New compacting rule 4 quartz = 1 quartz_block
[19Apr2026 10:37:25.283] [Worker-ResourceReload-5/INFO] [com.jaquadro.minecraft.storagedrawers.ModServices/]: New compacting rule 9 melon_slice = 1 melon
[19Apr2026 10:37:25.283] [Worker-ResourceReload-5/INFO] [com.jaquadro.minecraft.storagedrawers.ModServices/]: New compacting rule 9 bamboo = 1 bamboo_block
[19Apr2026 10:37:25.285] [Worker-ResourceReload-5/INFO] [com.jaquadro.minecraft.storagedrawers.ModServices/]: New compacting rule 4 clay_ball = 1 clay
[19Apr2026 10:37:25.287] [Worker-ResourceReload-5/INFO] [com.jaquadro.minecraft.storagedrawers.ModServices/]: New denied storage item creative_vending_upgrade
[19Apr2026 10:37:25.289] [Worker-ResourceReload-5/INFO] [com.jaquadro.minecraft.storagedrawers.ModServices/]: Adding ore conversions for types: forge:storage_blocks, forge:ingots, forge:nuggets
[19Apr2026 10:37:25.289] [Worker-ResourceReload-5/INFO] [com.jaquadro.minecraft.storagedrawers.ModServices/]: Adding ore conversions for materials: aluminum, constantan, steel, uranium, invar, tin, lead, silver, platinum, nickel, osmium, bronze, electrum
[19Apr2026 10:37:25.373] [Forge Version Check/INFO] [net.minecraftforge.fml.VersionChecker/]: [controlling] Found status: BETA Current: 12.0.2 Target: 12.0.2
[19Apr2026 10:37:25.374] [Forge Version Check/INFO] [net.minecraftforge.fml.VersionChecker/]: [prism] Starting version check at https://mc-update-check.anthonyhilyard.com/638111
[19Apr2026 10:37:25.434] [Worker-ResourceReload-6/INFO] [net.minecraft.client.gui.font.providers.UnihexProvider/]: Found unifont_all_no_pua-15.0.06.hex, loading
[19Apr2026 10:37:25.624] [Thread-0/INFO] [ModernFix/]: Please use /mfrc to reload any changed mod config files
[19Apr2026 10:37:25.807] [Forge Version Check/INFO] [net.minecraftforge.fml.VersionChecker/]: [prism] Found status: UP_TO_DATE Current: 1.0.5 Target: null
[19Apr2026 10:37:25.807] [Forge Version Check/INFO] [net.minecraftforge.fml.VersionChecker/]: [cobweb] Starting version check at https://api.modrinth.com/updates/cobweb/forge_updates.json
[19Apr2026 10:37:25.842] [Render thread/INFO] [GregTechCEu/]: GregTech Model loading took 472ms
[19Apr2026 10:37:25.899] [Render thread/INFO] [KubeJS Client/]: Client resource reload complete!
[19Apr2026 10:37:26.050] [Forge Version Check/INFO] [net.minecraftforge.fml.VersionChecker/]: [cobweb] Found status: UP_TO_DATE Current: 1.0.1 Target: null
[19Apr2026 10:37:26.051] [Forge Version Check/INFO] [net.minecraftforge.fml.VersionChecker/]: [bookshelf] Starting version check at https://updates.blamejared.com/get?n=bookshelf&gv=1.20.1
[19Apr2026 10:37:26.084] [Forge Version Check/INFO] [net.minecraftforge.fml.VersionChecker/]: [bookshelf] Found status: BETA Current: 20.2.15 Target: 20.2.15
[19Apr2026 10:37:26.084] [Forge Version Check/INFO] [net.minecraftforge.fml.VersionChecker/]: [create_connected] Starting version check at https://raw.githubusercontent.com/hlysine/create_connected/main/update.json
[19Apr2026 10:37:26.120] [Forge Version Check/INFO] [net.minecraftforge.fml.VersionChecker/]: [create_connected] Found status: UP_TO_DATE Current: 1.1.13-mc1.20.1 Target: null
[19Apr2026 10:37:26.120] [Forge Version Check/INFO] [net.minecraftforge.fml.VersionChecker/]: [hangglider] Starting version check at https://raw.githubusercontent.com/Fuzss/modresources/main/update/hangglider.json
[19Apr2026 10:37:26.329] [Render thread/INFO] [journeymap/]: Initializing Packet Registries
[19Apr2026 10:37:26.330] [Forge Version Check/INFO] [net.minecraftforge.fml.VersionChecker/]: [hangglider] Found status: UP_TO_DATE Current: 8.0.1 Target: null
[19Apr2026 10:37:26.330] [Forge Version Check/INFO] [net.minecraftforge.fml.VersionChecker/]: [searchables] Starting version check at https://updates.blamejared.com/get?n=searchables&gv=1.20.1
[19Apr2026 10:37:26.364] [Forge Version Check/INFO] [net.minecraftforge.fml.VersionChecker/]: [searchables] Found status: BETA Current: 1.0.3 Target: 1.0.3
[19Apr2026 10:37:26.364] [Forge Version Check/INFO] [net.minecraftforge.fml.VersionChecker/]: [computercraft] Starting version check at https://api.modrinth.com/updates/cc-tweaked/forge_updates.json
[19Apr2026 10:37:26.431] [Render thread/INFO] [com.alcatrazescapee.notreepunching.Config/]: Loading NoTreePunching Config
[19Apr2026 10:37:26.480] [Render thread/INFO] [com.alcatrazescapee.notreepunching.Config/]: Loaded NoTreePunching Config
[19Apr2026 10:37:26.541] [Forge Version Check/INFO] [net.minecraftforge.fml.VersionChecker/]: [computercraft] Found status: UP_TO_DATE Current: 1.117.1 Target: null
[19Apr2026 10:37:26.541] [Forge Version Check/INFO] [net.minecraftforge.fml.VersionChecker/]: [codechickenlib] Starting version check at https://version-check.covers1624.net/check/?mod=CodeChickenLib&mc=1.20.1
[19Apr2026 10:37:26.586] [Render thread/INFO] [GregTechCEu/]: CC: Tweaked found. Enabling integration...
[19Apr2026 10:37:26.588] [Render thread/INFO] [net.neganote.gtutilities.GregTechModernUtilities/]: Hello from common setup! This is *after* registries are done, so we can do this:
[19Apr2026 10:37:26.588] [Render thread/INFO] [net.neganote.gtutilities.GregTechModernUtilities/]: Look, I found a diamond!
[19Apr2026 10:37:26.604] [Placebo Patreon Trail Loader/INFO] [placebo/]: Loading patreon trails data...
[19Apr2026 10:37:26.606] [Placebo Patreon Wing Loader/INFO] [placebo/]: Loading patreon wing data...
[19Apr2026 10:37:26.618] [Worker-ResourceReload-2/INFO] [Embeddium-CCL/]: Retrieving block renderers
[19Apr2026 10:37:26.625] [Worker-ResourceReload-2/INFO] [Embeddium-CCL/]: Retrieving fluid renderers
[19Apr2026 10:37:26.625] [Worker-ResourceReload-2/INFO] [Embeddium-CCL/]: Retrieving global renderers
[19Apr2026 10:37:26.645] [Worker-ResourceReload-10/INFO] [SpectreLib/]: Registering config screens for mod comforts with 1 config(s)
[19Apr2026 10:37:26.646] [Worker-ResourceReload-10/INFO] [SpectreLib/]: Registering config screens for mod diet with 2 config(s)
[19Apr2026 10:37:26.647] [Placebo Patreon Trail Loader/INFO] [placebo/]: Loaded 48 patreon trails.
[19Apr2026 10:37:26.653] [Placebo Patreon Wing Loader/INFO] [placebo/]: Loaded 42 patreon wings.
[19Apr2026 10:37:26.702] [Worker-ResourceReload-9/INFO] [dev.architectury.networking.forge.NetworkManagerImpl/]: Registering S2C receiver with id ae2wtlib:update_wut
[19Apr2026 10:37:26.702] [Worker-ResourceReload-9/INFO] [dev.architectury.networking.forge.NetworkManagerImpl/]: Registering S2C receiver with id ae2wtlib:update_restock
[19Apr2026 10:37:26.703] [Worker-ResourceReload-9/INFO] [dev.architectury.networking.forge.NetworkManagerImpl/]: Registering S2C receiver with id ae2wtlib:restock_amounts
[19Apr2026 10:37:26.742] [Worker-ResourceReload-8/INFO] [CPM/]: Loaded 0 built-in, 0 custom block tags
[19Apr2026 10:37:26.750] [Worker-ResourceReload-8/INFO] [CPM/]: Loaded 6 built-in, 0 custom item tags
[19Apr2026 10:37:26.755] [Worker-ResourceReload-8/INFO] [CPM/]: Loaded 0 built-in, 0 custom entity tags
[19Apr2026 10:37:26.761] [Worker-ResourceReload-8/INFO] [CPM/]: Loaded 0 built-in, 0 custom biome tags
[19Apr2026 10:37:26.761] [Worker-ResourceReload-8/INFO] [CPM/]: Iris detected, enabling iris compatibility
[19Apr2026 10:37:26.915] [Render thread/INFO] [journeymap/]: Journeymap Initializing
[19Apr2026 10:37:27.138] [Worker-ResourceReload-6/WARN] [net.minecraft.client.resources.model.ModelBakery/]: Exception loading blockstate definition: 'torchmaster:blockstates/invisible_light.json' missing model for variant: 'torchmaster:invisible_light#'
[19Apr2026 10:37:27.138] [Worker-ResourceReload-6/WARN] [net.minecraft.client.resources.model.ModelBakery/]: Exception loading blockstate definition: 'torchmaster:blockstates/invisible_light.json' in resourcepack: 'mod_resources': Neither 'variants' nor 'multipart' found
[19Apr2026 10:37:27.357] [Worker-ResourceReload-6/WARN] [net.minecraft.client.resources.model.ModelBakery/]: Exception loading blockstate definition: 'ars_nouveau:blockstates/magelight_torch.json' missing model for variant: 'ars_nouveau:magelight_torch#facing=east,floor=true,level=1,roof=true'
[19Apr2026 10:37:27.357] [Worker-ResourceReload-6/WARN] [net.minecraft.client.resources.model.ModelBakery/]: Exception loading blockstate definition: 'ars_nouveau:blockstates/magelight_torch.json' missing model for variant: 'ars_nouveau:magelight_torch#facing=east,floor=true,level=0,roof=true'
[19Apr2026 10:37:27.357] [Worker-ResourceReload-6/WARN] [net.minecraft.client.resources.model.ModelBakery/]: Exception loading blockstate definition: 'ars_nouveau:blockstates/magelight_torch.json' missing model for variant: 'ars_nouveau:magelight_torch#facing=east,floor=true,level=3,roof=true'
[19Apr2026 10:37:27.357] [Worker-ResourceReload-6/WARN] [net.minecraft.client.resources.model.ModelBakery/]: Exception loading blockstate definition: 'ars_nouveau:blockstates/magelight_torch.json' missing model for variant: 'ars_nouveau:magelight_torch#facing=north,floor=true,level=10,roof=true'
[19Apr2026 10:37:27.357] [Worker-ResourceReload-6/WARN] [net.minecraft.client.resources.model.ModelBakery/]: Exception loading blockstate definition: 'ars_nouveau:blockstates/magelight_torch.json' missing model for variant: 'ars_nouveau:magelight_torch#facing=north,floor=true,level=11,roof=true'
[19Apr2026 10:37:27.357] [Worker-ResourceReload-6/WARN] [net.minecraft.client.resources.model.ModelBakery/]: Exception loading blockstate definition: 'ars_nouveau:blockstates/magelight_torch.json' missing model for variant: 'ars_nouveau:magelight_torch#facing=north,floor=true,level=9,roof=true'
[19Apr2026 10:37:27.357] [Worker-ResourceReload-6/WARN] [net.minecraft.client.resources.model.ModelBakery/]: Exception loading blockstate definition: 'ars_nouveau:blockstates/magelight_torch.json' missing model for variant: 'ars_nouveau:magelight_torch#facing=east,floor=true,level=2,roof=true'
[19Apr2026 10:37:27.357] [Worker-ResourceReload-6/WARN] [net.minecraft.client.resources.model.ModelBakery/]: Exception loading blockstate definition: 'ars_nouveau:blockstates/magelight_torch.json' missing model for variant: 'ars_nouveau:magelight_torch#facing=east,floor=true,level=7,roof=true'
[19Apr2026 10:37:27.358] [Worker-ResourceReload-6/WARN] [net.minecraft.client.resources.model.ModelBakery/]: Exception loading blockstate definition: 'ars_nouveau:blockstates/magelight_torch.json' missing model for variant: 'ars_nouveau:magelight_torch#facing=north,floor=true,level=4,roof=true'
[19Apr2026 10:37:27.358] [Worker-ResourceReload-6/WARN] [net.minecraft.client.resources.model.ModelBakery/]: Exception loading blockstate definition: 'ars_nouveau:blockstates/magelight_torch.json' missing model for variant: 'ars_nouveau:magelight_torch#facing=east,floor=true,level=8,roof=true'
[19Apr2026 10:37:27.358] [Worker-ResourceReload-6/WARN] [net.minecraft.client.resources.model.ModelBakery/]: Exception loading blockstate definition: 'ars_nouveau:blockstates/magelight_torch.json' missing model for variant: 'ars_nouveau:magelight_torch#facing=north,floor=true,level=14,roof=true'
[19Apr2026 10:37:27.358] [Worker-ResourceReload-6/WARN] [net.minecraft.client.resources.model.ModelBakery/]: Exception loading blockstate definition: 'ars_nouveau:blockstates/magelight_torch.json' missing model for variant: 'ars_nouveau:magelight_torch#facing=east,floor=true,level=12,roof=true'
[19Apr2026 10:37:27.358] [Worker-ResourceReload-6/WARN] [net.minecraft.client.resources.model.ModelBakery/]: Exception loading blockstate definition: 'ars_nouveau:blockstates/magelight_torch.json' missing model for variant: 'ars_nouveau:magelight_torch#facing=east,floor=true,level=13,roof=true'
[19Apr2026 10:37:27.358] [Worker-ResourceReload-6/WARN] [net.minecraft.client.resources.model.ModelBakery/]: Exception loading blockstate definition: 'ars_nouveau:blockstates/magelight_torch.json' missing model for variant: 'ars_nouveau:magelight_torch#facing=north,floor=true,level=13,roof=true'
[19Apr2026 10:37:27.358] [Worker-ResourceReload-6/WARN] [net.minecraft.client.resources.model.ModelBakery/]: Exception loading blockstate definition: 'ars_nouveau:blockstates/magelight_torch.json' missing model for variant: 'ars_nouveau:magelight_torch#facing=north,floor=true,level=3,roof=true'
[19Apr2026 10:37:27.358] [Worker-ResourceReload-6/WARN] [net.minecraft.client.resources.model.ModelBakery/]: Exception loading blockstate definition: 'ars_nouveau:blockstates/magelight_torch.json' missing model for variant: 'ars_nouveau:magelight_torch#facing=east,floor=true,level=14,roof=true'
[19Apr2026 10:37:27.358] [Worker-ResourceReload-6/WARN] [net.minecraft.client.resources.model.ModelBakery/]: Exception loading blockstate definition: 'ars_nouveau:blockstates/magelight_torch.json' missing model for variant: 'ars_nouveau:magelight_torch#facing=east,floor=true,level=11,roof=true'
[19Apr2026 10:37:27.358] [Worker-ResourceReload-6/WARN] [net.minecraft.client.resources.model.ModelBakery/]: Exception loading blockstate definition: 'ars_nouveau:blockstates/magelight_torch.json' missing model for variant: 'ars_nouveau:magelight_torch#facing=north,floor=true,level=2,roof=true'
[19Apr2026 10:37:27.358] [Worker-ResourceReload-6/WARN] [net.minecraft.client.resources.model.ModelBakery/]: Exception loading blockstate definition: 'ars_nouveau:blockstates/magelight_torch.json' missing model for variant: 'ars_nouveau:magelight_torch#facing=north,floor=true,level=5,roof=true'
[19Apr2026 10:37:27.358] [Worker-ResourceReload-6/WARN] [net.minecraft.client.resources.model.ModelBakery/]: Exception loading blockstate definition: 'ars_nouveau:blockstates/magelight_torch.json' missing model for variant: 'ars_nouveau:magelight_torch#facing=east,floor=true,level=15,roof=true'
[19Apr2026 10:37:27.358] [Worker-ResourceReload-6/WARN] [net.minecraft.client.resources.model.ModelBakery/]: Exception loading blockstate definition: 'ars_nouveau:blockstates/magelight_torch.json' missing model for variant: 'ars_nouveau:magelight_torch#facing=east,floor=true,level=9,roof=true'
[19Apr2026 10:37:27.358] [Worker-ResourceReload-6/WARN] [net.minecraft.client.resources.model.ModelBakery/]: Exception loading blockstate definition: 'ars_nouveau:blockstates/magelight_torch.json' missing model for variant: 'ars_nouveau:magelight_torch#facing=north,floor=true,level=15,roof=true'
[19Apr2026 10:37:27.358] [Worker-ResourceReload-6/WARN] [net.minecraft.client.resources.model.ModelBakery/]: Exception loading blockstate definition: 'ars_nouveau:blockstates/magelight_torch.json' missing model for variant: 'ars_nouveau:magelight_torch#facing=east,floor=true,level=6,roof=true'
[19Apr2026 10:37:27.358] [Worker-ResourceReload-6/WARN] [net.minecraft.client.resources.model.ModelBakery/]: Exception loading blockstate definition: 'ars_nouveau:blockstates/magelight_torch.json' missing model for variant: 'ars_nouveau:magelight_torch#facing=north,floor=true,level=12,roof=true'
[19Apr2026 10:37:27.358] [Worker-ResourceReload-6/WARN] [net.minecraft.client.resources.model.ModelBakery/]: Exception loading blockstate definition: 'ars_nouveau:blockstates/magelight_torch.json' missing model for variant: 'ars_nouveau:magelight_torch#facing=north,floor=true,level=8,roof=true'
[19Apr2026 10:37:27.358] [Worker-ResourceReload-6/WARN] [net.minecraft.client.resources.model.ModelBakery/]: Exception loading blockstate definition: 'ars_nouveau:blockstates/magelight_torch.json' missing model for variant: 'ars_nouveau:magelight_torch#facing=north,floor=true,level=0,roof=true'
[19Apr2026 10:37:27.358] [Worker-ResourceReload-6/WARN] [net.minecraft.client.resources.model.ModelBakery/]: Exception loading blockstate definition: 'ars_nouveau:blockstates/magelight_torch.json' missing model for variant: 'ars_nouveau:magelight_torch#facing=north,floor=true,level=7,roof=true'
[19Apr2026 10:37:27.358] [Worker-ResourceReload-6/WARN] [net.minecraft.client.resources.model.ModelBakery/]: Exception loading blockstate definition: 'ars_nouveau:blockstates/magelight_torch.json' missing model for variant: 'ars_nouveau:magelight_torch#facing=east,floor=true,level=4,roof=true'
[19Apr2026 10:37:27.358] [Worker-ResourceReload-6/WARN] [net.minecraft.client.resources.model.ModelBakery/]: Exception loading blockstate definition: 'ars_nouveau:blockstates/magelight_torch.json' missing model for variant: 'ars_nouveau:magelight_torch#facing=east,floor=true,level=5,roof=true'
[19Apr2026 10:37:27.358] [Worker-ResourceReload-6/WARN] [net.minecraft.client.resources.model.ModelBakery/]: Exception loading blockstate definition: 'ars_nouveau:blockstates/magelight_torch.json' missing model for variant: 'ars_nouveau:magelight_torch#facing=north,floor=true,level=6,roof=true'
[19Apr2026 10:37:27.358] [Worker-ResourceReload-6/WARN] [net.minecraft.client.resources.model.ModelBakery/]: Exception loading blockstate definition: 'ars_nouveau:blockstates/magelight_torch.json' missing model for variant: 'ars_nouveau:magelight_torch#facing=east,floor=true,level=10,roof=true'
[19Apr2026 10:37:27.358] [Worker-ResourceReload-6/WARN] [net.minecraft.client.resources.model.ModelBakery/]: Exception loading blockstate definition: 'ars_nouveau:blockstates/magelight_torch.json' missing model for variant: 'ars_nouveau:magelight_torch#facing=north,floor=true,level=1,roof=true'
[19Apr2026 10:37:27.375] [Forge Version Check/INFO] [net.minecraftforge.fml.VersionChecker/]: [codechickenlib] Found status: UP_TO_DATE Current: 4.4.0.516 Target: null
[19Apr2026 10:37:27.375] [Forge Version Check/INFO] [net.minecraftforge.fml.VersionChecker/]: [fastload] Starting version check at https://github.com/BumbleSoftware/Fastload/raw/Forge-1.20.1/updates.json
[19Apr2026 10:37:27.448] [Forge Version Check/INFO] [net.minecraftforge.fml.VersionChecker/]: [fastload] Found status: UP_TO_DATE Current: 3.4.0 Target: null
[19Apr2026 10:37:27.448] [Forge Version Check/INFO] [net.minecraftforge.fml.VersionChecker/]: [harvest_with_ease] Starting version check at https://api.modrinth.com/updates/harvest-with-ease/forge_updates.json
[19Apr2026 10:37:27.551] [FTB Backups Config Watcher 0/INFO] [net.creeperhost.ftbbackups.FTBBackups/]: Config at /home/bigh/.var/app/org.prismlauncher.PrismLauncher/data/PrismLauncher/instances/NeoGreg/minecraft/config/ftbbackups2.json has changed, reloaded!
[19Apr2026 10:37:27.660] [Forge Version Check/INFO] [net.minecraftforge.fml.VersionChecker/]: [harvest_with_ease] Found status: UP_TO_DATE Current: 9.4.0 Target: null
[19Apr2026 10:37:27.660] [Forge Version Check/INFO] [net.minecraftforge.fml.VersionChecker/]: [attributefix] Starting version check at https://updates.blamejared.com/get?n=attributefix&gv=1.20.1
[19Apr2026 10:37:27.692] [Forge Version Check/INFO] [net.minecraftforge.fml.VersionChecker/]: [attributefix] Found status: BETA Current: 21.0.5 Target: 21.0.5
[19Apr2026 10:37:27.692] [Forge Version Check/INFO] [net.minecraftforge.fml.VersionChecker/]: [clumps] Starting version check at https://updates.blamejared.com/get?n=clumps&gv=1.20.1
[19Apr2026 10:37:27.726] [Forge Version Check/INFO] [net.minecraftforge.fml.VersionChecker/]: [clumps] Found status: BETA Current: 12.0.0.4 Target: 12.0.0.4
[19Apr2026 10:37:27.726] [Forge Version Check/INFO] [net.minecraftforge.fml.VersionChecker/]: [journeymap] Starting version check at https://forge.curseupdate.com/32274/journeymap
[19Apr2026 10:37:27.792] [Forge Version Check/INFO] [net.minecraftforge.fml.VersionChecker/]: [journeymap] Found status: UP_TO_DATE Current: 5.10.3 Target: null
[19Apr2026 10:37:27.792] [Forge Version Check/INFO] [net.minecraftforge.fml.VersionChecker/]: [configured] Starting version check at https://mrcrayfish.com/modupdatejson?id=configured
[19Apr2026 10:37:27.890] [Forge Version Check/WARN] [net.minecraftforge.fml.VersionChecker/]: Failed to process update information
com.google.gson.JsonSyntaxException: java.lang.IllegalStateException: Expected BEGIN_OBJECT but was STRING at line 1 column 1 path $
	at com.google.gson.Gson.fromJson(Gson.java:1226) ~[gson-2.10.jar%2388!/:?]
	at com.google.gson.Gson.fromJson(Gson.java:1124) ~[gson-2.10.jar%2388!/:?]
	at com.google.gson.Gson.fromJson(Gson.java:1034) ~[gson-2.10.jar%2388!/:?]
	at com.google.gson.Gson.fromJson(Gson.java:969) ~[gson-2.10.jar%2388!/:?]
	at net.minecraftforge.fml.VersionChecker$1.process(VersionChecker.java:186) ~[fmlcore-1.20.1-47.4.16.jar%23465!/:?]
	at java.lang.Iterable.forEach(Iterable.java:75) ~[?:?]
	at net.minecraftforge.fml.VersionChecker$1.run(VersionChecker.java:117) ~[fmlcore-1.20.1-47.4.16.jar%23465!/:?]
Caused by: java.lang.IllegalStateException: Expected BEGIN_OBJECT but was STRING at line 1 column 1 path $
	at com.google.gson.stream.JsonReader.beginObject(JsonReader.java:393) ~[gson-2.10.jar%2388!/:?]
	at com.google.gson.internal.bind.MapTypeAdapterFactory$Adapter.read(MapTypeAdapterFactory.java:182) ~[gson-2.10.jar%2388!/:?]
	at com.google.gson.internal.bind.MapTypeAdapterFactory$Adapter.read(MapTypeAdapterFactory.java:144) ~[gson-2.10.jar%2388!/:?]
	at com.google.gson.Gson.fromJson(Gson.java:1214) ~[gson-2.10.jar%2388!/:?]
	... 6 more
[19Apr2026 10:37:27.890] [Forge Version Check/INFO] [net.minecraftforge.fml.VersionChecker/]: [libx] Starting version check at https://assets.melanx.de/updates/libx.json
[19Apr2026 10:37:27.956] [Forge Version Check/INFO] [net.minecraftforge.fml.VersionChecker/]: [libx] Found status: AHEAD Current: 1.20.1-5.0.14 Target: null
[19Apr2026 10:37:27.956] [Forge Version Check/INFO] [net.minecraftforge.fml.VersionChecker/]: [cpm] Starting version check at https://raw.githubusercontent.com/tom5454/CustomPlayerModels/master/version-check.json
[19Apr2026 10:37:28.075] [Forge Version Check/INFO] [net.minecraftforge.fml.VersionChecker/]: [cpm] Found status: BETA Current: 0.6.25a Target: 0.6.25a
[19Apr2026 10:37:28.075] [Forge Version Check/INFO] [net.minecraftforge.fml.VersionChecker/]: [puzzlesaccessapi] Starting version check at https://raw.githubusercontent.com/Fuzss/modresources/main/update/puzzlesaccessapi.json
[19Apr2026 10:37:28.084] [Forge Version Check/INFO] [net.minecraftforge.fml.VersionChecker/]: [puzzlesaccessapi] Found status: BETA Current: 20.1.1 Target: null
[19Apr2026 10:37:28.084] [Forge Version Check/INFO] [net.minecraftforge.fml.VersionChecker/]: [forge] Starting version check at https://files.minecraftforge.net/net/minecraftforge/forge/promotions_slim.json
[19Apr2026 10:37:28.224] [Forge Version Check/INFO] [net.minecraftforge.fml.VersionChecker/]: [forge] Found status: OUTDATED Current: 47.4.16 Target: 47.4.20
[19Apr2026 10:37:28.224] [Forge Version Check/INFO] [net.minecraftforge.fml.VersionChecker/]: [smoothboot] Starting version check at https://github.com/AbdElAziz333/SmoothBoot-Reloaded/raw/mc1.20.1/dev/updates.json
[19Apr2026 10:37:28.290] [Worker-ResourceReload-6/WARN] [net.minecraft.client.resources.model.ModelBakery/]: minecraft:rocketitem
java.io.FileNotFoundException: minecraft:models/rocketitem.json
	at net.minecraft.client.resources.model.ModelBakery.m_119364_(ModelBakery.java:417) ~[client-1.20.1-20230612.114412-srg.jar%23464!/:?]
	at net.minecraft.client.resources.model.ModelBakery.m_119362_(ModelBakery.java:262) ~[client-1.20.1-20230612.114412-srg.jar%23464!/:?]
	at net.minecraft.client.resources.model.ModelBakery.m_119341_(ModelBakery.java:243) ~[client-1.20.1-20230612.114412-srg.jar%23464!/:?]
	at net.minecraft.client.resources.model.ModelBakery.m_119306_(ModelBakery.java:384) ~[client-1.20.1-20230612.114412-srg.jar%23464!/:?]
	at net.minecraft.client.resources.model.ModelBakery.<init>(ModelBakery.java:150) ~[client-1.20.1-20230612.114412-srg.jar%23464!/:?]
	at net.minecraft.client.resources.model.ModelManager.m_246505_(ModelManager.java:83) ~[client-1.20.1-20230612.114412-srg.jar%23464!/:?]
	at java.util.concurrent.CompletableFuture.biApply(CompletableFuture.java:1311) ~[?:?]
	at java.util.concurrent.CompletableFuture$BiApply.tryFire(CompletableFuture.java:1280) ~[?:?]
	at java.util.concurrent.CompletableFuture$Completion.exec(CompletableFuture.java:483) ~[?:?]
	at java.util.concurrent.ForkJoinTask.doExec(ForkJoinTask.java:373) ~[?:?]
	at java.util.concurrent.ForkJoinPool$WorkQueue.topLevelExec(ForkJoinPool.java:1182) ~[?:?]
	at java.util.concurrent.ForkJoinPool.scan(ForkJoinPool.java:1655) ~[?:?]
	at java.util.concurrent.ForkJoinPool.runWorker(ForkJoinPool.java:1622) ~[?:?]
	at java.util.concurrent.ForkJoinWorkerThread.run(ForkJoinWorkerThread.java:165) ~[?:?]
[19Apr2026 10:37:28.515] [Forge Version Check/WARN] [net.minecraftforge.fml.VersionChecker/]: Failed to process update information
com.google.gson.JsonSyntaxException: java.lang.IllegalStateException: Expected BEGIN_OBJECT but was STRING at line 9 column 1 path $
	at com.google.gson.Gson.fromJson(Gson.java:1226) ~[gson-2.10.jar%2388!/:?]
	at com.google.gson.Gson.fromJson(Gson.java:1124) ~[gson-2.10.jar%2388!/:?]
	at com.google.gson.Gson.fromJson(Gson.java:1034) ~[gson-2.10.jar%2388!/:?]
	at com.google.gson.Gson.fromJson(Gson.java:969) ~[gson-2.10.jar%2388!/:?]
	at net.minecraftforge.fml.VersionChecker$1.process(VersionChecker.java:186) ~[fmlcore-1.20.1-47.4.16.jar%23465!/:?]
	at java.lang.Iterable.forEach(Iterable.java:75) ~[?:?]
	at net.minecraftforge.fml.VersionChecker$1.run(VersionChecker.java:117) ~[fmlcore-1.20.1-47.4.16.jar%23465!/:?]
Caused by: java.lang.IllegalStateException: Expected BEGIN_OBJECT but was STRING at line 9 column 1 path $
	at com.google.gson.stream.JsonReader.beginObject(JsonReader.java:393) ~[gson-2.10.jar%2388!/:?]
	at com.google.gson.internal.bind.MapTypeAdapterFactory$Adapter.read(MapTypeAdapterFactory.java:182) ~[gson-2.10.jar%2388!/:?]
	at com.google.gson.internal.bind.MapTypeAdapterFactory$Adapter.read(MapTypeAdapterFactory.java:144) ~[gson-2.10.jar%2388!/:?]
	at com.google.gson.Gson.fromJson(Gson.java:1214) ~[gson-2.10.jar%2388!/:?]
	... 6 more
[19Apr2026 10:37:28.515] [Forge Version Check/INFO] [net.minecraftforge.fml.VersionChecker/]: [thinair] Starting version check at https://raw.githubusercontent.com/Fuzss/modresources/main/update/thinair.json
[19Apr2026 10:37:28.683] [Forge Version Check/INFO] [net.minecraftforge.fml.VersionChecker/]: [thinair] Found status: UP_TO_DATE Current: 8.1.7 Target: null
[19Apr2026 10:37:28.683] [Forge Version Check/INFO] [net.minecraftforge.fml.VersionChecker/]: [iceberg] Starting version check at https://mc-update-check.anthonyhilyard.com/520110
[19Apr2026 10:37:28.888] [Forge Version Check/INFO] [net.minecraftforge.fml.VersionChecker/]: [iceberg] Found status: UP_TO_DATE Current: 1.1.25 Target: null
[19Apr2026 10:37:28.888] [Forge Version Check/INFO] [net.minecraftforge.fml.VersionChecker/]: [legendarytooltips] Starting version check at https://mc-update-check.anthonyhilyard.com/532127
[19Apr2026 10:37:28.990] [Forge Version Check/INFO] [net.minecraftforge.fml.VersionChecker/]: [legendarytooltips] Found status: UP_TO_DATE Current: 1.4.5 Target: null
[19Apr2026 10:37:28.990] [Forge Version Check/INFO] [net.minecraftforge.fml.VersionChecker/]: [gravestone] Starting version check at https://update.maxhenkel.de/forge/gravestone
[19Apr2026 10:37:29.135] [Forge Version Check/INFO] [net.minecraftforge.fml.VersionChecker/]: [gravestone] Found status: AHEAD Current: 1.20.1-1.0.35 Target: null
[19Apr2026 10:37:29.135] [Forge Version Check/INFO] [net.minecraftforge.fml.VersionChecker/]: [toms_peripherals] Starting version check at https://raw.githubusercontent.com/tom5454/Toms-Peripherals/main/version-check.json
[19Apr2026 10:37:29.243] [Forge Version Check/INFO] [net.minecraftforge.fml.VersionChecker/]: [toms_peripherals] Found status: BETA Current: 1.3.0 Target: 1.3.0
[19Apr2026 10:37:29.243] [Forge Version Check/INFO] [net.minecraftforge.fml.VersionChecker/]: [puzzleslib] Starting version check at https://raw.githubusercontent.com/Fuzss/modresources/main/update/puzzleslib.json
[19Apr2026 10:37:29.252] [Forge Version Check/INFO] [net.minecraftforge.fml.VersionChecker/]: [puzzleslib] Found status: UP_TO_DATE Current: 8.1.33 Target: null
[19Apr2026 10:37:29.252] [Forge Version Check/INFO] [net.minecraftforge.fml.VersionChecker/]: [ad_astra] Starting version check at https://api.modrinth.com/updates/3ufwT9JF/forge_updates.json
[19Apr2026 10:37:29.503] [Forge Version Check/INFO] [net.minecraftforge.fml.VersionChecker/]: [ad_astra] Found status: UP_TO_DATE Current: 1.15.20 Target: null
[19Apr2026 10:37:30.812] [Worker-ResourceReload-6/WARN] [net.minecraft.client.resources.model.ModelManager/]: Missing textures in model create_connected:fan_enriched_catalyst#:
    minecraft:textures/atlas/blocks.png:createnuclear:block/enriched_soul_soil
    minecraft:textures/atlas/blocks.png:createnuclear:block/enriching/campfire/enriching_flame
[19Apr2026 10:37:30.812] [Worker-ResourceReload-6/WARN] [net.minecraft.client.resources.model.ModelManager/]: Missing textures in model create_connected:fan_ending_catalyst_dragons_breath#inventory:
    minecraft:textures/atlas/blocks.png:create_dragons_plus:fluid/dragon_breath_flow
[19Apr2026 10:37:30.812] [Worker-ResourceReload-6/WARN] [net.minecraft.client.resources.model.ModelManager/]: Missing textures in model create_connected:fan_ending_catalyst_dragons_breath#:
    minecraft:textures/atlas/blocks.png:create_dragons_plus:fluid/dragon_breath_flow
[19Apr2026 10:37:30.812] [Worker-ResourceReload-6/WARN] [net.minecraft.client.resources.model.ModelManager/]: Missing textures in model createaddition:small_light_connector#facing=west,mode=push,powered=true,rotation=x_clockwise_180,variant=default:
    minecraft:textures/atlas/blocks.png:create:block/chute_block
[19Apr2026 10:37:30.812] [Worker-ResourceReload-6/WARN] [net.minecraft.client.resources.model.ModelManager/]: Missing textures in model create_connected:fan_enriched_catalyst#inventory:
    minecraft:textures/atlas/blocks.png:createnuclear:block/enriched_soul_soil
    minecraft:textures/atlas/blocks.png:createnuclear:block/enriching/campfire/enriching_flame
[19Apr2026 10:37:30.812] [Worker-ResourceReload-6/WARN] [net.minecraft.client.resources.model.ModelManager/]: Missing textures in model ars_nouveau:redstone_relay#facing=east,power=10:
    minecraft:textures/atlas/blocks.png:ars_nouveau:blocks/agronomic_sourcelink
[19Apr2026 10:37:32.701] [Worker-ResourceReload-5/INFO] [CPM/]: Customizable Player Models API initialized: Loaded plugins: (0)

[19Apr2026 10:37:32.742] [Worker-ResourceReload-2/INFO] [net.xalcon.torchmaster.Torchmaster/]: Applying mega torch entity block list overrides...
[19Apr2026 10:37:32.742] [Worker-ResourceReload-2/INFO] [net.xalcon.torchmaster.Torchmaster/]: Applying dread lamp entity block list overrides...
[19Apr2026 10:37:32.742] [Worker-ResourceReload-10/INFO] [STDOUT/]: [com.mrh0.createaddition.CreateAddition:postInit:136]: Create Crafts & Additions Initialized!
[19Apr2026 10:37:32.744] [Worker-ResourceReload-8/INFO] [AttributeFix/]: Loaded values for 29 compatible attributes.
[19Apr2026 10:37:32.751] [Worker-ResourceReload-8/WARN] [AttributeFix/]: Attribute ID 'attributeslib:ghost_health' does not belong to a known attribute. This entry will be ignored.
[19Apr2026 10:37:32.751] [Worker-ResourceReload-8/WARN] [AttributeFix/]: Attribute ID 'attributeslib:prot_shred' does not belong to a known attribute. This entry will be ignored.
[19Apr2026 10:37:32.751] [Worker-ResourceReload-8/WARN] [AttributeFix/]: Attribute ID 'attributeslib:overheal' does not belong to a known attribute. This entry will be ignored.
[19Apr2026 10:37:32.751] [Worker-ResourceReload-8/WARN] [AttributeFix/]: Attribute ID 'attributeslib:armor_shred' does not belong to a known attribute. This entry will be ignored.
[19Apr2026 10:37:32.751] [Worker-ResourceReload-8/WARN] [AttributeFix/]: Attribute ID 'attributeslib:healing_received' does not belong to a known attribute. This entry will be ignored.
[19Apr2026 10:37:32.751] [Worker-ResourceReload-8/WARN] [AttributeFix/]: Attribute ID 'attributeslib:armor_pierce' does not belong to a known attribute. This entry will be ignored.
[19Apr2026 10:37:32.751] [Worker-ResourceReload-8/WARN] [AttributeFix/]: Attribute ID 'attributeslib:cold_damage' does not belong to a known attribute. This entry will be ignored.
[19Apr2026 10:37:32.751] [Worker-ResourceReload-8/WARN] [AttributeFix/]: Attribute ID 'attributeslib:experience_gained' does not belong to a known attribute. This entry will be ignored.
[19Apr2026 10:37:32.751] [Worker-ResourceReload-8/WARN] [AttributeFix/]: Attribute ID 'hexcasting:grid_zoom' does not belong to a known attribute. This entry will be ignored.
[19Apr2026 10:37:32.751] [Worker-ResourceReload-8/WARN] [AttributeFix/]: Attribute ID 'attributeslib:dodge_chance' does not belong to a known attribute. This entry will be ignored.
[19Apr2026 10:37:32.752] [Worker-ResourceReload-8/WARN] [AttributeFix/]: Attribute ID 'hexcasting:scry_sight' does not belong to a known attribute. This entry will be ignored.
[19Apr2026 10:37:32.752] [Worker-ResourceReload-8/WARN] [AttributeFix/]: Attribute ID 'attributeslib:fire_damage' does not belong to a known attribute. This entry will be ignored.
[19Apr2026 10:37:32.752] [Worker-ResourceReload-8/WARN] [AttributeFix/]: Attribute ID 'attributeslib:crit_chance' does not belong to a known attribute. This entry will be ignored.
[19Apr2026 10:37:32.752] [Worker-ResourceReload-8/WARN] [AttributeFix/]: Attribute ID 'attributeslib:crit_damage' does not belong to a known attribute. This entry will be ignored.
[19Apr2026 10:37:32.752] [Worker-ResourceReload-8/WARN] [AttributeFix/]: Attribute ID 'attributeslib:draw_speed' does not belong to a known attribute. This entry will be ignored.
[19Apr2026 10:37:32.752] [Worker-ResourceReload-8/WARN] [AttributeFix/]: Attribute ID 'attributeslib:prot_pierce' does not belong to a known attribute. This entry will be ignored.
[19Apr2026 10:37:32.752] [Worker-ResourceReload-8/WARN] [AttributeFix/]: Attribute ID 'attributeslib:current_hp_damage' does not belong to a known attribute. This entry will be ignored.
[19Apr2026 10:37:32.752] [Worker-ResourceReload-8/WARN] [AttributeFix/]: Attribute ID 'attributeslib:mining_speed' does not belong to a known attribute. This entry will be ignored.
[19Apr2026 10:37:32.752] [Worker-ResourceReload-8/WARN] [AttributeFix/]: Attribute ID 'attributeslib:arrow_damage' does not belong to a known attribute. This entry will be ignored.
[19Apr2026 10:37:32.752] [Worker-ResourceReload-8/WARN] [AttributeFix/]: Attribute ID 'attributeslib:arrow_velocity' does not belong to a known attribute. This entry will be ignored.
[19Apr2026 10:37:32.752] [Worker-ResourceReload-8/WARN] [AttributeFix/]: Attribute ID 'attributeslib:life_steal' does not belong to a known attribute. This entry will be ignored.
[19Apr2026 10:37:32.752] [Worker-ResourceReload-8/INFO] [AttributeFix/]: Loaded 50 values from config.
[19Apr2026 10:37:32.761] [Worker-ResourceReload-8/INFO] [AttributeFix/]: Saving config file. 50 entries.
[19Apr2026 10:37:32.761] [Worker-ResourceReload-8/INFO] [AttributeFix/]: Applying changes for 50 attributes.
[19Apr2026 10:37:32.801] [Worker-ResourceReload-0/INFO] [Jade/]: Start loading plugin at net.blay09.mods.balm.forge.compat.hudinfo.ForgeJadeModCompat
[19Apr2026 10:37:32.816] [Worker-ResourceReload-0/INFO] [Jade/]: Start loading plugin at com.hollingsworth.arsnouveau.client.waila.WailaArsNouveauPlugin
[19Apr2026 10:37:32.817] [Worker-ResourceReload-0/INFO] [Jade/]: Start loading plugin at committee.nova.mods.avaritia.init.compat.JadeCompat
[19Apr2026 10:37:32.819] [Worker-ResourceReload-0/INFO] [Jade/]: Start loading plugin at snownee.jade.addon.vanilla.VanillaPlugin
[19Apr2026 10:37:32.840] [Worker-ResourceReload-0/INFO] [Jade/]: Start loading plugin at snownee.jade.addon.universal.UniversalPlugin
[19Apr2026 10:37:32.844] [Worker-ResourceReload-0/INFO] [Jade/]: Start loading plugin at snownee.jade.addon.core.CorePlugin
[19Apr2026 10:37:32.849] [Worker-ResourceReload-0/INFO] [Jade/]: Start loading plugin at xfacthd.framedblocks.common.compat.jade.FramedJadePlugin
[19Apr2026 10:37:32.849] [Worker-ResourceReload-0/INFO] [Jade/]: Start loading plugin at de.maxhenkel.gravestone.integration.waila.PluginGraveStone
[19Apr2026 10:37:32.850] [Worker-ResourceReload-0/INFO] [Jade/]: Start loading plugin at com.tom.peripherals.jade.JadePlugin
[19Apr2026 10:37:32.852] [Worker-ResourceReload-0/INFO] [Jade/]: Start loading plugin at com.jaquadro.minecraft.storagedrawers.integration.Waila
[19Apr2026 10:37:32.853] [Worker-ResourceReload-0/INFO] [Jade/]: Start loading plugin at appeng.integration.modules.jade.JadeModule
[19Apr2026 10:37:32.872] [Worker-ResourceReload-0/INFO] [Jade/]: Start loading plugin at com.gregtechceu.gtceu.integration.jade.GTJadePlugin
[19Apr2026 10:37:32.874] [Worker-ResourceReload-7/INFO] [PonderIndex/]: Registering Ponder Scenes took 139.0 ms
[19Apr2026 10:37:32.877] [Worker-ResourceReload-7/INFO] [PonderIndex/]: Registering Ponder Tags took 3.117 ms
[19Apr2026 10:37:32.891] [Worker-ResourceReload-0/INFO] [Jade/]: Start loading plugin at net.neganote.gtutilities.integration.jade.UtilJadePlugin
[19Apr2026 10:37:32.893] [Worker-ResourceReload-0/INFO] [Jade/]: Start loading plugin at com.hepdd.gtmthings.integration.jade.GTJadePlugin
[19Apr2026 10:37:32.894] [Worker-ResourceReload-0/INFO] [Jade/]: Start loading plugin at com.glodblock.github.extendedae.xmod.jade.JadePlugin
[19Apr2026 10:37:33.362] [Render thread/INFO] [Configured/]: Successfully loaded config provider: com.mrcrayfish.configured.impl.forge.ForgeConfigProvider
[19Apr2026 10:37:33.363] [Render thread/INFO] [Configured/]: Successfully loaded config provider: com.mrcrayfish.configured.impl.framework.FrameworkConfigProvider
[19Apr2026 10:37:33.363] [Render thread/INFO] [Configured/]: Successfully loaded config provider: com.mrcrayfish.configured.impl.jei.JeiConfigProvider
[19Apr2026 10:37:33.363] [Render thread/INFO] [Configured/]: Successfully loaded config provider: com.anthonyhilyard.iceberg.compat.configured.IcebergConfigProvider
[19Apr2026 10:37:33.363] [Render thread/INFO] [Configured/]: Creating config GUI factories...
[19Apr2026 10:37:33.371] [Render thread/INFO] [Configured/]: Registering config factory for mod betterdungeons. Found 1 config(s)
[19Apr2026 10:37:33.372] [Render thread/INFO] [Configured/]: Registering config factory for mod betterwitchhuts. Found 1 config(s)
[19Apr2026 10:37:33.372] [Render thread/INFO] [Configured/]: Registering config factory for mod advancedperipherals. Found 4 config(s)
[19Apr2026 10:37:33.372] [Render thread/INFO] [Configured/]: Registering config factory for mod architects_palette. Found 1 config(s)
[19Apr2026 10:37:33.372] [Render thread/INFO] [Configured/]: Registering config factory for mod betteroceanmonuments. Found 1 config(s)
[19Apr2026 10:37:33.372] [Render thread/INFO] [Configured/]: Registering config factory for mod sophisticatedcore. Found 2 config(s)
[19Apr2026 10:37:33.373] [Render thread/INFO] [Configured/]: Registering config factory for mod sophisticatedbackpacks. Found 2 config(s)
[19Apr2026 10:37:33.373] [Render thread/INFO] [Configured/]: Registering config factory for mod betterfortresses. Found 1 config(s)
[19Apr2026 10:37:33.374] [Render thread/INFO] [Configured/]: Registering config factory for mod create_connected. Found 2 config(s)
[19Apr2026 10:37:33.374] [Render thread/INFO] [Configured/]: Registering config factory for mod farmersdelight. Found 2 config(s)
[19Apr2026 10:37:33.374] [Render thread/INFO] [Configured/]: Registering config factory for mod torchmaster. Found 1 config(s)
[19Apr2026 10:37:33.375] [Render thread/INFO] [Configured/]: Registering config factory for mod hangglider. Found 2 config(s)
[19Apr2026 10:37:33.375] [Render thread/INFO] [Configured/]: Registering config factory for mod modelfix. Found 1 config(s)
[19Apr2026 10:37:33.375] [Render thread/INFO] [Configured/]: Registering config factory for mod curios. Found 3 config(s)
[19Apr2026 10:37:33.375] [Render thread/INFO] [Configured/]: Registering config factory for mod patchouli. Found 1 config(s)
[19Apr2026 10:37:33.375] [Render thread/INFO] [Configured/]: Registering config factory for mod framedblocks. Found 3 config(s)
[19Apr2026 10:37:33.375] [Render thread/INFO] [Configured/]: Registering config factory for mod elevatorid. Found 1 config(s)
[19Apr2026 10:37:33.375] [Render thread/INFO] [Configured/]: Registering config factory for mod betterstrongholds. Found 1 config(s)
[19Apr2026 10:37:33.376] [Render thread/INFO] [Configured/]: Registering config factory for mod oc2r. Found 3 config(s)
[19Apr2026 10:37:33.376] [Render thread/INFO] [Configured/]: Registering config factory for mod computercraft. Found 2 config(s)
[19Apr2026 10:37:33.376] [Render thread/INFO] [Configured/]: Registering config factory for mod betterendisland. Found 1 config(s)
[19Apr2026 10:37:33.376] [Render thread/INFO] [Configured/]: Registering config factory for mod inventoryessentials. Found 1 config(s)
[19Apr2026 10:37:33.376] [Render thread/INFO] [Configured/]: Registering config factory for mod fastleafdecay. Found 1 config(s)
[19Apr2026 10:37:33.376] [Render thread/INFO] [Configured/]: Registering config factory for mod bettermineshafts. Found 1 config(s)
[19Apr2026 10:37:33.376] [Render thread/INFO] [Configured/]: Registering config factory for mod betterjungletemples. Found 1 config(s)
[19Apr2026 10:37:33.376] [Render thread/INFO] [Configured/]: Registering config factory for mod clienttweaks. Found 1 config(s)
[19Apr2026 10:37:33.376] [Render thread/INFO] [Configured/]: Registering config factory for mod harvest_with_ease. Found 1 config(s)
[19Apr2026 10:37:33.376] [Render thread/INFO] [Configured/]: Registering config factory for mod craftingstation. Found 2 config(s)
[19Apr2026 10:37:33.377] [Render thread/INFO] [Configured/]: Registering config factory for mod jei. Found 5 config(s)
[19Apr2026 10:37:33.377] [Render thread/INFO] [Configured/]: Registering config factory for mod journeymap. Found 1 config(s)
[19Apr2026 10:37:33.377] [Render thread/INFO] [Configured/]: Registering config factory for mod naturescompass. Found 2 config(s)
[19Apr2026 10:37:33.377] [Render thread/INFO] [Configured/]: Registering config factory for mod expatternprovider. Found 1 config(s)
[19Apr2026 10:37:33.378] [Render thread/INFO] [Configured/]: Registering config factory for mod betterdeserttemples. Found 1 config(s)
[19Apr2026 10:37:33.378] [Render thread/INFO] [Configured/]: Registering config factory for mod guideme. Found 1 config(s)
[19Apr2026 10:37:33.378] [Render thread/INFO] [Configured/]: Registering config factory for mod explorerscompass. Found 2 config(s)
[19Apr2026 10:37:33.378] [Render thread/INFO] [Configured/]: Registering config factory for mod toastcontrol. Found 1 config(s)
[19Apr2026 10:37:33.378] [Render thread/INFO] [Configured/]: Registering config factory for mod ars_nouveau. Found 84 config(s)
[19Apr2026 10:37:33.378] [Render thread/INFO] [Configured/]: Registering config factory for mod forge. Found 2 config(s)
[19Apr2026 10:37:33.379] [Render thread/INFO] [Configured/]: Registering config factory for mod toolbelt. Found 3 config(s)
[19Apr2026 10:37:33.379] [Render thread/INFO] [Configured/]: Registering config factory for mod thinair. Found 1 config(s)
[19Apr2026 10:37:33.379] [Render thread/INFO] [Configured/]: Registering config factory for mod flywheel. Found 1 config(s)
[19Apr2026 10:37:33.379] [Render thread/INFO] [Configured/]: Registering config factory for mod legendarytooltips. Found 1 config(s)
[19Apr2026 10:37:33.379] [Render thread/INFO] [Configured/]: Registering config factory for mod gravestone. Found 2 config(s)
[19Apr2026 10:37:33.379] [Render thread/INFO] [Configured/]: Registering config factory for mod toms_peripherals. Found 2 config(s)
[19Apr2026 10:37:33.379] [Render thread/INFO] [Configured/]: Registering config factory for mod storagedrawers. Found 2 config(s)
[19Apr2026 10:37:33.379] [Render thread/INFO] [Configured/]: Registering config factory for mod buildinggadgets2. Found 1 config(s)
[19Apr2026 10:37:33.379] [Render thread/INFO] [Configured/]: Registering config factory for mod appleskin. Found 1 config(s)
[19Apr2026 10:37:33.379] [Render thread/INFO] [Configured/]: Registering config factory for mod create_enchantment_industry. Found 1 config(s)
[19Apr2026 10:37:33.379] [Render thread/INFO] [Configured/]: Registering config factory for mod createaddition. Found 1 config(s)
[19Apr2026 10:37:33.380] [Render thread/INFO] [Configured/]: Registering config factory for mod defaultoptions. Found 1 config(s)
[19Apr2026 10:37:33.653] [Render thread/INFO] [defaultoptions/]: Loaded 166 default key bindings.
[19Apr2026 10:37:33.655] [Render thread/INFO] [defaultoptions/]: Applied 107 defaults to key mappings (0 keys were reconfigured).
[19Apr2026 10:37:33.655] [Render thread/INFO] [defaultoptions/]: Loaded default options for keymappings
[19Apr2026 10:37:33.788] [Render thread/WARN] [net.minecraft.client.sounds.SoundEngine/]: Missing sound for event: minecraft:item.goat_horn.play
[19Apr2026 10:37:33.788] [Render thread/WARN] [net.minecraft.client.sounds.SoundEngine/]: Missing sound for event: minecraft:entity.goat.screaming.horn_break
[19Apr2026 10:37:33.809] [Render thread/INFO] [com.mojang.blaze3d.audio.Library/]: OpenAL initialized on device Built-in Audio Analogue Stereo
[19Apr2026 10:37:33.809] [Render thread/INFO] [net.minecraft.client.sounds.SoundEngine/SOUNDS]: Sound engine started
[19Apr2026 10:37:33.901] [Render thread/INFO] [net.minecraft.client.renderer.texture.TextureAtlas/]: Created: 4096x2048x0 minecraft:textures/atlas/blocks.png-atlas
[19Apr2026 10:37:33.933] [Render thread/INFO] [net.minecraft.client.renderer.texture.TextureAtlas/]: Created: 512x256x0 minecraft:textures/atlas/signs.png-atlas
[19Apr2026 10:37:33.933] [Render thread/INFO] [net.minecraft.client.renderer.texture.TextureAtlas/]: Created: 512x512x0 minecraft:textures/atlas/shield_patterns.png-atlas
[19Apr2026 10:37:33.934] [Render thread/INFO] [net.minecraft.client.renderer.texture.TextureAtlas/]: Created: 512x512x0 minecraft:textures/atlas/banner_patterns.png-atlas
[19Apr2026 10:37:33.935] [Render thread/INFO] [net.minecraft.client.renderer.texture.TextureAtlas/]: Created: 2048x1024x0 minecraft:textures/atlas/armor_trims.png-atlas
[19Apr2026 10:37:33.938] [Render thread/INFO] [net.minecraft.client.renderer.texture.TextureAtlas/]: Created: 128x64x0 minecraft:textures/atlas/decorated_pot.png-atlas
[19Apr2026 10:37:33.938] [Render thread/INFO] [net.minecraft.client.renderer.texture.TextureAtlas/]: Created: 512x256x0 minecraft:textures/atlas/chest.png-atlas
[19Apr2026 10:37:33.939] [Render thread/INFO] [net.minecraft.client.renderer.texture.TextureAtlas/]: Created: 512x256x0 minecraft:textures/atlas/shulker_boxes.png-atlas
[19Apr2026 10:37:33.939] [Render thread/INFO] [net.minecraft.client.renderer.texture.TextureAtlas/]: Created: 512x256x0 minecraft:textures/atlas/beds.png-atlas
[19Apr2026 10:37:34.280] [Render thread/INFO] [Entity Texture Features/]: [ETF]: emissive suffixes loaded: {_e}
[19Apr2026 10:37:35.065] [Render thread/WARN] [net.minecraft.client.renderer.ShaderInstance/]: Shader rendertype_entity_translucent_emissive could not find sampler named Sampler2 in the specified shader program.
[19Apr2026 10:37:35.094] [Render thread/WARN] [net.minecraft.client.renderer.ShaderInstance/]: Shader avaritia:black_hole could not find uniform named ScreenSize in the specified shader program.
[19Apr2026 10:37:35.094] [Render thread/WARN] [net.minecraft.client.renderer.ShaderInstance/]: Shader avaritia:black_hole could not find uniform named Mass in the specified shader program.
[19Apr2026 10:37:35.098] [Render thread/WARN] [net.minecraft.client.renderer.ShaderInstance/]: Shader gtmutils:rendertype_wormhole could not find uniform named GameTime in the specified shader program.
[19Apr2026 10:37:35.099] [Render thread/WARN] [net.minecraft.client.renderer.ShaderInstance/]: Shader gtmutils:rendertype_wormhole could not find uniform named ScrollSpeed in the specified shader program.
[19Apr2026 10:37:35.115] [Render thread/INFO] [net.minecraft.client.renderer.texture.TextureAtlas/]: Created: 512x512x0 minecraft:textures/atlas/particles.png-atlas
[19Apr2026 10:37:35.116] [Render thread/INFO] [net.minecraft.client.renderer.texture.TextureAtlas/]: Created: 512x512x0 minecraft:textures/atlas/paintings.png-atlas
[19Apr2026 10:37:35.117] [Render thread/INFO] [net.minecraft.client.renderer.texture.TextureAtlas/]: Created: 256x128x0 minecraft:textures/atlas/mob_effects.png-atlas
[19Apr2026 10:37:35.127] [Render thread/INFO] [patchouli/]: BookContentResourceListenerLoader preloaded 535 jsons
[19Apr2026 10:37:35.155] [Render thread/INFO] [ModernFix/]: Deduplicated ResourcefulLib highlights (295 points, 466 lines)
[19Apr2026 10:37:35.155] [Render thread/INFO] [net.minecraft.client.renderer.texture.TextureAtlas/]: Created: 128x128x0 computercraft:textures/atlas/gui.png-atlas
[19Apr2026 10:37:35.156] [Render thread/INFO] [net.minecraft.client.renderer.texture.TextureAtlas/]: Created: 512x256x0 polylib:textures/atlas/gui.png-atlas
[19Apr2026 10:37:35.157] [Render thread/INFO] [net.minecraft.client.renderer.texture.TextureAtlas/]: Created: 512x256x0 codechickenlib:textures/atlas/gui.png-atlas
[19Apr2026 10:37:35.158] [Render thread/INFO] [guideme.internal.GuideReloadListener/]: Data driven guides: []
[19Apr2026 10:37:35.159] [Render thread/WARN] [guideme.indices.ItemIndex/]: Page ae2:ae2insertexportcard-index.md references an unknown item ae2insertexportcard:export_card in its item_ids frontmatter
[19Apr2026 10:37:35.159] [Render thread/WARN] [guideme.indices.ItemIndex/]: Page ae2:ae2insertexportcard-index.md references an unknown item ae2insertexportcard:insert_card in its item_ids frontmatter
[19Apr2026 10:37:35.159] [Render thread/WARN] [guideme.indices.ItemIndex/]: Page advanced_ae:aae_intro/stock_export_bus.md references an unknown item advanced_ae:stock_export_bus_part in its item_ids frontmatter
[19Apr2026 10:37:35.159] [Render thread/WARN] [guideme.indices.ItemIndex/]: Page advanced_ae:aae_intro/quantum_armor.md references an unknown item advanced_ae:quantum_helmet in its item_ids frontmatter
[19Apr2026 10:37:35.159] [Render thread/WARN] [guideme.indices.ItemIndex/]: Page advanced_ae:aae_intro/quantum_armor.md references an unknown item advanced_ae:quantum_chestplate in its item_ids frontmatter
[19Apr2026 10:37:35.159] [Render thread/WARN] [guideme.indices.ItemIndex/]: Page advanced_ae:aae_intro/quantum_armor.md references an unknown item advanced_ae:quantum_leggings in its item_ids frontmatter
[19Apr2026 10:37:35.159] [Render thread/WARN] [guideme.indices.ItemIndex/]: Page advanced_ae:aae_intro/quantum_armor.md references an unknown item advanced_ae:quantum_boots in its item_ids frontmatter
[19Apr2026 10:37:35.159] [Render thread/WARN] [guideme.indices.ItemIndex/]: Page advanced_ae:aae_intro/quantum_armor.md references an unknown item advanced_ae:quantum_upgrade_base in its item_ids frontmatter
[19Apr2026 10:37:35.159] [Render thread/WARN] [guideme.indices.ItemIndex/]: Page advanced_ae:aae_intro/quantum_armor.md references an unknown item advanced_ae:walk_speed_card in its item_ids frontmatter
[19Apr2026 10:37:35.159] [Render thread/WARN] [guideme.indices.ItemIndex/]: Page advanced_ae:aae_intro/quantum_armor.md references an unknown item advanced_ae:sprint_speed_card in its item_ids frontmatter
[19Apr2026 10:37:35.159] [Render thread/WARN] [guideme.indices.ItemIndex/]: Page advanced_ae:aae_intro/quantum_armor.md references an unknown item advanced_ae:step_assist_card in its item_ids frontmatter
[19Apr2026 10:37:35.159] [Render thread/WARN] [guideme.indices.ItemIndex/]: Page advanced_ae:aae_intro/quantum_armor.md references an unknown item advanced_ae:jump_height_card in its item_ids frontmatter
[19Apr2026 10:37:35.159] [Render thread/WARN] [guideme.indices.ItemIndex/]: Page advanced_ae:aae_intro/quantum_armor.md references an unknown item advanced_ae:lava_immunity_card in its item_ids frontmatter
[19Apr2026 10:37:35.159] [Render thread/WARN] [guideme.indices.ItemIndex/]: Page advanced_ae:aae_intro/quantum_armor.md references an unknown item advanced_ae:flight_card in its item_ids frontmatter
[19Apr2026 10:37:35.159] [Render thread/WARN] [guideme.indices.ItemIndex/]: Page advanced_ae:aae_intro/quantum_armor.md references an unknown item advanced_ae:water_breathing_card in its item_ids frontmatter
[19Apr2026 10:37:35.160] [Render thread/WARN] [guideme.indices.ItemIndex/]: Page advanced_ae:aae_intro/quantum_armor.md references an unknown item advanced_ae:auto_feeding_card in its item_ids frontmatter
[19Apr2026 10:37:35.160] [Render thread/WARN] [guideme.indices.ItemIndex/]: Page advanced_ae:aae_intro/quantum_armor.md references an unknown item advanced_ae:auto_stock_card in its item_ids frontmatter
[19Apr2026 10:37:35.160] [Render thread/WARN] [guideme.indices.ItemIndex/]: Page advanced_ae:aae_intro/quantum_armor.md references an unknown item advanced_ae:magnet_card in its item_ids frontmatter
[19Apr2026 10:37:35.160] [Render thread/WARN] [guideme.indices.ItemIndex/]: Page advanced_ae:aae_intro/quantum_armor.md references an unknown item advanced_ae:hp_buffer_card in its item_ids frontmatter
[19Apr2026 10:37:35.160] [Render thread/WARN] [guideme.indices.ItemIndex/]: Page advanced_ae:aae_intro/quantum_armor.md references an unknown item advanced_ae:evasion_card in its item_ids frontmatter
[19Apr2026 10:37:35.160] [Render thread/WARN] [guideme.indices.ItemIndex/]: Page advanced_ae:aae_intro/quantum_armor.md references an unknown item advanced_ae:regeneration_card in its item_ids frontmatter
[19Apr2026 10:37:35.160] [Render thread/WARN] [guideme.indices.ItemIndex/]: Page advanced_ae:aae_intro/quantum_armor.md references an unknown item advanced_ae:strength_card in its item_ids frontmatter
[19Apr2026 10:37:35.160] [Render thread/WARN] [guideme.indices.ItemIndex/]: Page advanced_ae:aae_intro/quantum_armor.md references an unknown item advanced_ae:attack_speed_card in its item_ids frontmatter
[19Apr2026 10:37:35.160] [Render thread/WARN] [guideme.indices.ItemIndex/]: Page advanced_ae:aae_intro/quantum_armor.md references an unknown item advanced_ae:luck_card in its item_ids frontmatter
[19Apr2026 10:37:35.160] [Render thread/WARN] [guideme.indices.ItemIndex/]: Page advanced_ae:aae_intro/quantum_armor.md references an unknown item advanced_ae:reach_card in its item_ids frontmatter
[19Apr2026 10:37:35.160] [Render thread/WARN] [guideme.indices.ItemIndex/]: Page advanced_ae:aae_intro/quantum_armor.md references an unknown item advanced_ae:swim_speed_card in its item_ids frontmatter
[19Apr2026 10:37:35.160] [Render thread/WARN] [guideme.indices.ItemIndex/]: Page advanced_ae:aae_intro/quantum_armor.md references an unknown item advanced_ae:night_vision_card in its item_ids frontmatter
[19Apr2026 10:37:35.160] [Render thread/WARN] [guideme.indices.ItemIndex/]: Page advanced_ae:aae_intro/quantum_armor.md references an unknown item advanced_ae:flight_drift_card in its item_ids frontmatter
[19Apr2026 10:37:35.160] [Render thread/WARN] [guideme.indices.ItemIndex/]: Page advanced_ae:aae_intro/quantum_armor.md references an unknown item advanced_ae:recharging_card in its item_ids frontmatter
[19Apr2026 10:37:35.160] [Render thread/WARN] [guideme.indices.ItemIndex/]: Page advanced_ae:aae_intro/quantum_armor.md references an unknown item advanced_ae:portable_workbench_card in its item_ids frontmatter
[19Apr2026 10:37:35.160] [Render thread/WARN] [guideme.indices.ItemIndex/]: Page advanced_ae:aae_intro/quantum_armor.md references an unknown item advanced_ae:pick_craft_card in its item_ids frontmatter
[19Apr2026 10:37:35.160] [Render thread/WARN] [guideme.indices.ItemIndex/]: Page megacells:bulk_cell.md references an unknown item megacells:bulk_item_cell in its item_ids frontmatter
[19Apr2026 10:37:35.160] [Render thread/WARN] [guideme.indices.ItemIndex/]: Page megacells:bulk_cell.md references an unknown item megacells:bulk_cell_component in its item_ids frontmatter
[19Apr2026 10:37:35.160] [Render thread/WARN] [guideme.indices.ItemIndex/]: Page megacells:bulk_cell.md references an unknown item megacells:compression_card in its item_ids frontmatter
[19Apr2026 10:37:35.160] [Render thread/WARN] [guideme.indices.ItemIndex/]: Page megacells:bulk_cell.md references an unknown item megacells:decompression_module in its item_ids frontmatter
[19Apr2026 10:37:35.160] [Render thread/WARN] [guideme.indices.ItemIndex/]: Page appflux:appflux/redstone_crystal.md references an unknown item appflux:redstone_crystal in its item_ids frontmatter
[19Apr2026 10:37:35.160] [Render thread/WARN] [guideme.indices.ItemIndex/]: Page appflux:appflux/redstone_crystal.md references an unknown item appflux:charged_redstone in its item_ids frontmatter
[19Apr2026 10:37:35.160] [Render thread/WARN] [guideme.indices.ItemIndex/]: Page appflux:appflux/redstone_crystal.md references an unknown item appflux:charged_redstone_block in its item_ids frontmatter
[19Apr2026 10:37:35.160] [Render thread/WARN] [guideme.indices.ItemIndex/]: Page advanced_ae:aae_intro/advanced_pattern_encoder.md references an unknown item advanced_ae:adv_pattern_encoder in its item_ids frontmatter
[19Apr2026 10:37:35.160] [Render thread/WARN] [guideme.indices.ItemIndex/]: Page advanced_ae:aae_intro/advanced_pattern_encoder.md references an unknown item advanced_ae:adv_processing_pattern in its item_ids frontmatter
[19Apr2026 10:37:35.160] [Render thread/WARN] [guideme.indices.ItemIndex/]: Page appflux:appflux/induction_card.md references an unknown item appflux:induction_card in its item_ids frontmatter
[19Apr2026 10:37:35.160] [Render thread/WARN] [guideme.indices.ItemIndex/]: Page megacells:crafting.md references an unknown item megacells:mega_crafting_unit in its item_ids frontmatter
[19Apr2026 10:37:35.160] [Render thread/WARN] [guideme.indices.ItemIndex/]: Page megacells:crafting.md references an unknown item megacells:1m_crafting_storage in its item_ids frontmatter
[19Apr2026 10:37:35.160] [Render thread/WARN] [guideme.indices.ItemIndex/]: Page megacells:crafting.md references an unknown item megacells:4m_crafting_storage in its item_ids frontmatter
[19Apr2026 10:37:35.160] [Render thread/WARN] [guideme.indices.ItemIndex/]: Page megacells:crafting.md references an unknown item megacells:16m_crafting_storage in its item_ids frontmatter
[19Apr2026 10:37:35.160] [Render thread/WARN] [guideme.indices.ItemIndex/]: Page megacells:crafting.md references an unknown item megacells:64m_crafting_storage in its item_ids frontmatter
[19Apr2026 10:37:35.160] [Render thread/WARN] [guideme.indices.ItemIndex/]: Page megacells:crafting.md references an unknown item megacells:256m_crafting_storage in its item_ids frontmatter
[19Apr2026 10:37:35.160] [Render thread/WARN] [guideme.indices.ItemIndex/]: Page megacells:crafting.md references an unknown item megacells:mega_crafting_accelerator in its item_ids frontmatter
[19Apr2026 10:37:35.160] [Render thread/WARN] [guideme.indices.ItemIndex/]: Page megacells:crafting.md references an unknown item megacells:mega_crafting_monitor in its item_ids frontmatter
[19Apr2026 10:37:35.160] [Render thread/WARN] [guideme.indices.ItemIndex/]: Page megacells:crafting.md references an unknown item megacells:mega_pattern_provider in its item_ids frontmatter
[19Apr2026 10:37:35.160] [Render thread/WARN] [guideme.indices.ItemIndex/]: Page megacells:crafting.md references an unknown item megacells:cable_mega_pattern_provider in its item_ids frontmatter
[19Apr2026 10:37:35.160] [Render thread/WARN] [guideme.indices.ItemIndex/]: Page advanced_ae:aae_intro/import_export_bus.md references an unknown item advanced_ae:import_export_bus_part in its item_ids frontmatter
[19Apr2026 10:37:35.160] [Render thread/WARN] [guideme.indices.ItemIndex/]: Page megacells:energy.md references an unknown item megacells:mega_energy_cell in its item_ids frontmatter
[19Apr2026 10:37:35.160] [Render thread/WARN] [guideme.indices.ItemIndex/]: Page megacells:energy.md references an unknown item megacells:greater_energy_card in its item_ids frontmatter
[19Apr2026 10:37:35.160] [Render thread/WARN] [guideme.indices.ItemIndex/]: Page advanced_ae:aae_intro/throughput_monitor.md references an unknown item advanced_ae:throughput_monitor in its item_ids frontmatter
[19Apr2026 10:37:35.160] [Render thread/WARN] [guideme.indices.ItemIndex/]: Page advanced_ae:aae_intro/throughput_monitor.md references an unknown item advanced_ae:throughput_monitor_configurator in its item_ids frontmatter
[19Apr2026 10:37:35.160] [Render thread/WARN] [guideme.indices.ItemIndex/]: Page appliede:transmutation_terminal.md references an unknown item appliede:transmutation_terminal in its item_ids frontmatter
[19Apr2026 10:37:35.160] [Render thread/WARN] [guideme.indices.ItemIndex/]: Page appliede:transmutation_terminal.md references an unknown item appliede:wireless_transmutation_terminal in its item_ids frontmatter
[19Apr2026 10:37:35.160] [Render thread/WARN] [guideme.indices.ItemIndex/]: Page appliede:transmutation_devices.md references an unknown item appliede:emc_interface in its item_ids frontmatter
[19Apr2026 10:37:35.160] [Render thread/WARN] [guideme.indices.ItemIndex/]: Page appliede:transmutation_devices.md references an unknown item appliede:cable_emc_interface in its item_ids frontmatter
[19Apr2026 10:37:35.160] [Render thread/WARN] [guideme.indices.ItemIndex/]: Page appliede:transmutation_devices.md references an unknown item appliede:emc_export_bus in its item_ids frontmatter
[19Apr2026 10:37:35.160] [Render thread/WARN] [guideme.indices.ItemIndex/]: Page appliede:transmutation_devices.md references an unknown item appliede:emc_import_bus in its item_ids frontmatter
[19Apr2026 10:37:35.160] [Render thread/WARN] [guideme.indices.ItemIndex/]: Page appliede:transmutation_devices.md references an unknown item appliede:learning_card in its item_ids frontmatter
[19Apr2026 10:37:35.160] [Render thread/WARN] [guideme.indices.ItemIndex/]: Page advanced_ae:aae_intro/app_upgrade_items.md references an unknown item advanced_ae:adv_pattern_provider_upgrade in its item_ids frontmatter
[19Apr2026 10:37:35.160] [Render thread/WARN] [guideme.indices.ItemIndex/]: Page advanced_ae:aae_intro/app_upgrade_items.md references an unknown item advanced_ae:adv_pattern_provider_capacity_upgrade in its item_ids frontmatter
[19Apr2026 10:37:35.160] [Render thread/WARN] [guideme.indices.ItemIndex/]: Page megacells:extras.md references an unknown item megacells:mega_interface in its item_ids frontmatter
[19Apr2026 10:37:35.160] [Render thread/WARN] [guideme.indices.ItemIndex/]: Page megacells:extras.md references an unknown item megacells:cell_dock in its item_ids frontmatter
[19Apr2026 10:37:35.160] [Render thread/WARN] [guideme.indices.ItemIndex/]: Page megacells:extras.md references an unknown item megacells:portable_cell_workbench in its item_ids frontmatter
[19Apr2026 10:37:35.160] [Render thread/WARN] [guideme.indices.ItemIndex/]: Page appflux:appflux/energy_processor.md references an unknown item appflux:energy_processor in its item_ids frontmatter
[19Apr2026 10:37:35.160] [Render thread/WARN] [guideme.indices.ItemIndex/]: Page appflux:appflux/energy_processor.md references an unknown item appflux:printed_energy_processor in its item_ids frontmatter
[19Apr2026 10:37:35.160] [Render thread/WARN] [guideme.indices.ItemIndex/]: Page appflux:appflux/energy_processor.md references an unknown item appflux:energy_processor_press in its item_ids frontmatter
[19Apr2026 10:37:35.160] [Render thread/WARN] [guideme.indices.ItemIndex/]: Page merequester:merequester.md references an unknown item merequester:requester in its item_ids frontmatter
[19Apr2026 10:37:35.160] [Render thread/WARN] [guideme.indices.ItemIndex/]: Page merequester:merequester.md references an unknown item merequester:requester_terminal in its item_ids frontmatter
[19Apr2026 10:37:35.160] [Render thread/WARN] [guideme.indices.ItemIndex/]: Page advanced_ae:aae_intro/quantum_crafter.md references an unknown item advanced_ae:quantum_crafter in its item_ids frontmatter
[19Apr2026 10:37:35.160] [Render thread/WARN] [guideme.indices.ItemIndex/]: Page appflux:appflux/insulating_resin.md references an unknown item appflux:insulating_resin in its item_ids frontmatter
[19Apr2026 10:37:35.160] [Render thread/WARN] [guideme.indices.ItemIndex/]: Page appflux:appflux/insulating_resin.md references an unknown item appflux:harden_insulating_resin in its item_ids frontmatter
[19Apr2026 10:37:35.160] [Render thread/WARN] [guideme.indices.ItemIndex/]: Page appflux:appflux/flux_cells.md references an unknown item appflux:fe_cell_housing in its item_ids frontmatter
[19Apr2026 10:37:35.160] [Render thread/WARN] [guideme.indices.ItemIndex/]: Page appflux:appflux/flux_cells.md references an unknown item appflux:core_1k in its item_ids frontmatter
[19Apr2026 10:37:35.160] [Render thread/WARN] [guideme.indices.ItemIndex/]: Page appflux:appflux/flux_cells.md references an unknown item appflux:core_4k in its item_ids frontmatter
[19Apr2026 10:37:35.160] [Render thread/WARN] [guideme.indices.ItemIndex/]: Page appflux:appflux/flux_cells.md references an unknown item appflux:core_16k in its item_ids frontmatter
[19Apr2026 10:37:35.160] [Render thread/WARN] [guideme.indices.ItemIndex/]: Page appflux:appflux/flux_cells.md references an unknown item appflux:core_64k in its item_ids frontmatter
[19Apr2026 10:37:35.160] [Render thread/WARN] [guideme.indices.ItemIndex/]: Page appflux:appflux/flux_cells.md references an unknown item appflux:core_256k in its item_ids frontmatter
[19Apr2026 10:37:35.160] [Render thread/WARN] [guideme.indices.ItemIndex/]: Page appflux:appflux/flux_cells.md references an unknown item appflux:core_1m in its item_ids frontmatter
[19Apr2026 10:37:35.160] [Render thread/WARN] [guideme.indices.ItemIndex/]: Page appflux:appflux/flux_cells.md references an unknown item appflux:core_4m in its item_ids frontmatter
[19Apr2026 10:37:35.160] [Render thread/WARN] [guideme.indices.ItemIndex/]: Page appflux:appflux/flux_cells.md references an unknown item appflux:core_16m in its item_ids frontmatter
[19Apr2026 10:37:35.160] [Render thread/WARN] [guideme.indices.ItemIndex/]: Page appflux:appflux/flux_cells.md references an unknown item appflux:core_64m in its item_ids frontmatter
[19Apr2026 10:37:35.160] [Render thread/WARN] [guideme.indices.ItemIndex/]: Page appflux:appflux/flux_cells.md references an unknown item appflux:core_256m in its item_ids frontmatter
[19Apr2026 10:37:35.160] [Render thread/WARN] [guideme.indices.ItemIndex/]: Page appflux:appflux/flux_cells.md references an unknown item appflux:fe_1k_cell in its item_ids frontmatter
[19Apr2026 10:37:35.160] [Render thread/WARN] [guideme.indices.ItemIndex/]: Page appflux:appflux/flux_cells.md references an unknown item appflux:fe_4k_cell in its item_ids frontmatter
[19Apr2026 10:37:35.160] [Render thread/WARN] [guideme.indices.ItemIndex/]: Page appflux:appflux/flux_cells.md references an unknown item appflux:fe_16k_cell in its item_ids frontmatter
[19Apr2026 10:37:35.160] [Render thread/WARN] [guideme.indices.ItemIndex/]: Page appflux:appflux/flux_cells.md references an unknown item appflux:fe_64k_cell in its item_ids frontmatter
[19Apr2026 10:37:35.160] [Render thread/WARN] [guideme.indices.ItemIndex/]: Page appflux:appflux/flux_cells.md references an unknown item appflux:fe_256k_cell in its item_ids frontmatter
[19Apr2026 10:37:35.160] [Render thread/WARN] [guideme.indices.ItemIndex/]: Page appflux:appflux/flux_cells.md references an unknown item appflux:fe_1m_cell in its item_ids frontmatter
[19Apr2026 10:37:35.160] [Render thread/WARN] [guideme.indices.ItemIndex/]: Page appflux:appflux/flux_cells.md references an unknown item appflux:fe_4m_cell in its item_ids frontmatter
[19Apr2026 10:37:35.160] [Render thread/WARN] [guideme.indices.ItemIndex/]: Page appflux:appflux/flux_cells.md references an unknown item appflux:fe_16m_cell in its item_ids frontmatter
[19Apr2026 10:37:35.160] [Render thread/WARN] [guideme.indices.ItemIndex/]: Page appflux:appflux/flux_cells.md references an unknown item appflux:fe_64m_cell in its item_ids frontmatter
[19Apr2026 10:37:35.160] [Render thread/WARN] [guideme.indices.ItemIndex/]: Page appflux:appflux/flux_cells.md references an unknown item appflux:fe_256m_cell in its item_ids frontmatter
[19Apr2026 10:37:35.160] [Render thread/WARN] [guideme.indices.ItemIndex/]: Page advanced_ae:aae_intro/quantum_computer.md references an unknown item advanced_ae:quantum_unit in its item_ids frontmatter
[19Apr2026 10:37:35.160] [Render thread/WARN] [guideme.indices.ItemIndex/]: Page advanced_ae:aae_intro/quantum_computer.md references an unknown item advanced_ae:quantum_core in its item_ids frontmatter
[19Apr2026 10:37:35.160] [Render thread/WARN] [guideme.indices.ItemIndex/]: Page advanced_ae:aae_intro/quantum_computer.md references an unknown item advanced_ae:quantum_structure in its item_ids frontmatter
[19Apr2026 10:37:35.160] [Render thread/WARN] [guideme.indices.ItemIndex/]: Page advanced_ae:aae_intro/quantum_computer.md references an unknown item advanced_ae:quantum_accelerator in its item_ids frontmatter
[19Apr2026 10:37:35.160] [Render thread/WARN] [guideme.indices.ItemIndex/]: Page advanced_ae:aae_intro/quantum_computer.md references an unknown item advanced_ae:quantum_multi_threader in its item_ids frontmatter
[19Apr2026 10:37:35.161] [Render thread/WARN] [guideme.indices.ItemIndex/]: Page advanced_ae:aae_intro/quantum_computer.md references an unknown item advanced_ae:quantum_storage_128 in its item_ids frontmatter
[19Apr2026 10:37:35.161] [Render thread/WARN] [guideme.indices.ItemIndex/]: Page advanced_ae:aae_intro/quantum_computer.md references an unknown item advanced_ae:quantum_storage_256 in its item_ids frontmatter
[19Apr2026 10:37:35.161] [Render thread/WARN] [guideme.indices.ItemIndex/]: Page advanced_ae:aae_intro/quantum_computer.md references an unknown item advanced_ae:data_entangler in its item_ids frontmatter
[19Apr2026 10:37:35.161] [Render thread/WARN] [guideme.indices.ItemIndex/]: Page advanced_ae:aae_intro/advanced_pattern_provider.md references an unknown item advanced_ae:adv_pattern_provider in its item_ids frontmatter
[19Apr2026 10:37:35.161] [Render thread/WARN] [guideme.indices.ItemIndex/]: Page advanced_ae:aae_intro/advanced_pattern_provider.md references an unknown item advanced_ae:small_adv_pattern_provider in its item_ids frontmatter
[19Apr2026 10:37:35.161] [Render thread/WARN] [guideme.indices.ItemIndex/]: Page advanced_ae:aae_intro/advanced_pattern_provider.md references an unknown item advanced_ae:adv_pattern_provider_part in its item_ids frontmatter
[19Apr2026 10:37:35.161] [Render thread/WARN] [guideme.indices.ItemIndex/]: Page advanced_ae:aae_intro/advanced_pattern_provider.md references an unknown item advanced_ae:small_adv_pattern_provider_part in its item_ids frontmatter
[19Apr2026 10:37:35.161] [Render thread/WARN] [guideme.indices.ItemIndex/]: Page advanced_ae:aae_intro/reaction_chamber.md references an unknown item advanced_ae:reaction_chamber in its item_ids frontmatter
[19Apr2026 10:37:35.161] [Render thread/WARN] [guideme.indices.ItemIndex/]: Page megacells:storage.md references an unknown item megacells:cell_component_1m in its item_ids frontmatter
[19Apr2026 10:37:35.161] [Render thread/WARN] [guideme.indices.ItemIndex/]: Page megacells:storage.md references an unknown item megacells:cell_component_4m in its item_ids frontmatter
[19Apr2026 10:37:35.161] [Render thread/WARN] [guideme.indices.ItemIndex/]: Page megacells:storage.md references an unknown item megacells:cell_component_16m in its item_ids frontmatter
[19Apr2026 10:37:35.161] [Render thread/WARN] [guideme.indices.ItemIndex/]: Page megacells:storage.md references an unknown item megacells:cell_component_64m in its item_ids frontmatter
[19Apr2026 10:37:35.161] [Render thread/WARN] [guideme.indices.ItemIndex/]: Page megacells:storage.md references an unknown item megacells:cell_component_256m in its item_ids frontmatter
[19Apr2026 10:37:35.161] [Render thread/WARN] [guideme.indices.ItemIndex/]: Page megacells:storage.md references an unknown item megacells:mega_item_cell_housing in its item_ids frontmatter
[19Apr2026 10:37:35.161] [Render thread/WARN] [guideme.indices.ItemIndex/]: Page megacells:storage.md references an unknown item megacells:mega_fluid_cell_housing in its item_ids frontmatter
[19Apr2026 10:37:35.161] [Render thread/WARN] [guideme.indices.ItemIndex/]: Page megacells:storage.md references an unknown item megacells:mega_chemical_cell_housing in its item_ids frontmatter
[19Apr2026 10:37:35.161] [Render thread/WARN] [guideme.indices.ItemIndex/]: Page megacells:storage.md references an unknown item megacells:mega_source_cell_housing in its item_ids frontmatter
[19Apr2026 10:37:35.161] [Render thread/WARN] [guideme.indices.ItemIndex/]: Page megacells:storage.md references an unknown item megacells:mega_mana_cell_housing in its item_ids frontmatter
[19Apr2026 10:37:35.161] [Render thread/WARN] [guideme.indices.ItemIndex/]: Page megacells:storage.md references an unknown item megacells:mega_experience_cell_housing in its item_ids frontmatter
[19Apr2026 10:37:35.161] [Render thread/WARN] [guideme.indices.ItemIndex/]: Page megacells:storage.md references an unknown item megacells:item_storage_cell_1m in its item_ids frontmatter
[19Apr2026 10:37:35.161] [Render thread/WARN] [guideme.indices.ItemIndex/]: Page megacells:storage.md references an unknown item megacells:item_storage_cell_4m in its item_ids frontmatter
[19Apr2026 10:37:35.161] [Render thread/WARN] [guideme.indices.ItemIndex/]: Page megacells:storage.md references an unknown item megacells:item_storage_cell_16m in its item_ids frontmatter
[19Apr2026 10:37:35.161] [Render thread/WARN] [guideme.indices.ItemIndex/]: Page megacells:storage.md references an unknown item megacells:item_storage_cell_64m in its item_ids frontmatter
[19Apr2026 10:37:35.161] [Render thread/WARN] [guideme.indices.ItemIndex/]: Page megacells:storage.md references an unknown item megacells:item_storage_cell_256m in its item_ids frontmatter
[19Apr2026 10:37:35.161] [Render thread/WARN] [guideme.indices.ItemIndex/]: Page megacells:storage.md references an unknown item megacells:fluid_storage_cell_1m in its item_ids frontmatter
[19Apr2026 10:37:35.161] [Render thread/WARN] [guideme.indices.ItemIndex/]: Page megacells:storage.md references an unknown item megacells:fluid_storage_cell_4m in its item_ids frontmatter
[19Apr2026 10:37:35.161] [Render thread/WARN] [guideme.indices.ItemIndex/]: Page megacells:storage.md references an unknown item megacells:fluid_storage_cell_16m in its item_ids frontmatter
[19Apr2026 10:37:35.161] [Render thread/WARN] [guideme.indices.ItemIndex/]: Page megacells:storage.md references an unknown item megacells:fluid_storage_cell_64m in its item_ids frontmatter
[19Apr2026 10:37:35.161] [Render thread/WARN] [guideme.indices.ItemIndex/]: Page megacells:storage.md references an unknown item megacells:fluid_storage_cell_256m in its item_ids frontmatter
[19Apr2026 10:37:35.161] [Render thread/WARN] [guideme.indices.ItemIndex/]: Page megacells:storage.md references an unknown item megacells:chemical_storage_cell_1m in its item_ids frontmatter
[19Apr2026 10:37:35.161] [Render thread/WARN] [guideme.indices.ItemIndex/]: Page megacells:storage.md references an unknown item megacells:chemical_storage_cell_4m in its item_ids frontmatter
[19Apr2026 10:37:35.161] [Render thread/WARN] [guideme.indices.ItemIndex/]: Page megacells:storage.md references an unknown item megacells:chemical_storage_cell_16m in its item_ids frontmatter
[19Apr2026 10:37:35.161] [Render thread/WARN] [guideme.indices.ItemIndex/]: Page megacells:storage.md references an unknown item megacells:chemical_storage_cell_64m in its item_ids frontmatter
[19Apr2026 10:37:35.161] [Render thread/WARN] [guideme.indices.ItemIndex/]: Page megacells:storage.md references an unknown item megacells:chemical_storage_cell_256m in its item_ids frontmatter
[19Apr2026 10:37:35.161] [Render thread/WARN] [guideme.indices.ItemIndex/]: Page megacells:storage.md references an unknown item megacells:source_storage_cell_1m in its item_ids frontmatter
[19Apr2026 10:37:35.161] [Render thread/WARN] [guideme.indices.ItemIndex/]: Page megacells:storage.md references an unknown item megacells:source_storage_cell_4m in its item_ids frontmatter
[19Apr2026 10:37:35.161] [Render thread/WARN] [guideme.indices.ItemIndex/]: Page megacells:storage.md references an unknown item megacells:source_storage_cell_16m in its item_ids frontmatter
[19Apr2026 10:37:35.161] [Render thread/WARN] [guideme.indices.ItemIndex/]: Page megacells:storage.md references an unknown item megacells:source_storage_cell_64m in its item_ids frontmatter
[19Apr2026 10:37:35.161] [Render thread/WARN] [guideme.indices.ItemIndex/]: Page megacells:storage.md references an unknown item megacells:source_storage_cell_256m in its item_ids frontmatter
[19Apr2026 10:37:35.161] [Render thread/WARN] [guideme.indices.ItemIndex/]: Page megacells:storage.md references an unknown item megacells:mana_storage_cell_1m in its item_ids frontmatter
[19Apr2026 10:37:35.161] [Render thread/WARN] [guideme.indices.ItemIndex/]: Page megacells:storage.md references an unknown item megacells:mana_storage_cell_4m in its item_ids frontmatter
[19Apr2026 10:37:35.161] [Render thread/WARN] [guideme.indices.ItemIndex/]: Page megacells:storage.md references an unknown item megacells:mana_storage_cell_16m in its item_ids frontmatter
[19Apr2026 10:37:35.161] [Render thread/WARN] [guideme.indices.ItemIndex/]: Page megacells:storage.md references an unknown item megacells:mana_storage_cell_64m in its item_ids frontmatter
[19Apr2026 10:37:35.161] [Render thread/WARN] [guideme.indices.ItemIndex/]: Page megacells:storage.md references an unknown item megacells:mana_storage_cell_256m in its item_ids frontmatter
[19Apr2026 10:37:35.161] [Render thread/WARN] [guideme.indices.ItemIndex/]: Page megacells:storage.md references an unknown item megacells:experience_storage_cell_1m in its item_ids frontmatter
[19Apr2026 10:37:35.161] [Render thread/WARN] [guideme.indices.ItemIndex/]: Page megacells:storage.md references an unknown item megacells:experience_storage_cell_4m in its item_ids frontmatter
[19Apr2026 10:37:35.161] [Render thread/WARN] [guideme.indices.ItemIndex/]: Page megacells:storage.md references an unknown item megacells:experience_storage_cell_16m in its item_ids frontmatter
[19Apr2026 10:37:35.161] [Render thread/WARN] [guideme.indices.ItemIndex/]: Page megacells:storage.md references an unknown item megacells:experience_storage_cell_64m in its item_ids frontmatter
[19Apr2026 10:37:35.161] [Render thread/WARN] [guideme.indices.ItemIndex/]: Page megacells:storage.md references an unknown item megacells:experience_storage_cell_256m in its item_ids frontmatter
[19Apr2026 10:37:35.161] [Render thread/WARN] [guideme.indices.ItemIndex/]: Page megacells:storage.md references an unknown item megacells:portable_item_cell_1m in its item_ids frontmatter
[19Apr2026 10:37:35.161] [Render thread/WARN] [guideme.indices.ItemIndex/]: Page megacells:storage.md references an unknown item megacells:portable_item_cell_4m in its item_ids frontmatter
[19Apr2026 10:37:35.161] [Render thread/WARN] [guideme.indices.ItemIndex/]: Page megacells:storage.md references an unknown item megacells:portable_item_cell_16m in its item_ids frontmatter
[19Apr2026 10:37:35.161] [Render thread/WARN] [guideme.indices.ItemIndex/]: Page megacells:storage.md references an unknown item megacells:portable_item_cell_64m in its item_ids frontmatter
[19Apr2026 10:37:35.161] [Render thread/WARN] [guideme.indices.ItemIndex/]: Page megacells:storage.md references an unknown item megacells:portable_item_cell_256m in its item_ids frontmatter
[19Apr2026 10:37:35.161] [Render thread/WARN] [guideme.indices.ItemIndex/]: Page megacells:storage.md references an unknown item megacells:portable_fluid_cell_1m in its item_ids frontmatter
[19Apr2026 10:37:35.161] [Render thread/WARN] [guideme.indices.ItemIndex/]: Page megacells:storage.md references an unknown item megacells:portable_fluid_cell_4m in its item_ids frontmatter
[19Apr2026 10:37:35.161] [Render thread/WARN] [guideme.indices.ItemIndex/]: Page megacells:storage.md references an unknown item megacells:portable_fluid_cell_16m in its item_ids frontmatter
[19Apr2026 10:37:35.161] [Render thread/WARN] [guideme.indices.ItemIndex/]: Page megacells:storage.md references an unknown item megacells:portable_fluid_cell_64m in its item_ids frontmatter
[19Apr2026 10:37:35.161] [Render thread/WARN] [guideme.indices.ItemIndex/]: Page megacells:storage.md references an unknown item megacells:portable_fluid_cell_256m in its item_ids frontmatter
[19Apr2026 10:37:35.161] [Render thread/WARN] [guideme.indices.ItemIndex/]: Page megacells:storage.md references an unknown item megacells:portable_chemical_cell_1m in its item_ids frontmatter
[19Apr2026 10:37:35.161] [Render thread/WARN] [guideme.indices.ItemIndex/]: Page megacells:storage.md references an unknown item megacells:portable_chemical_cell_4m in its item_ids frontmatter
[19Apr2026 10:37:35.161] [Render thread/WARN] [guideme.indices.ItemIndex/]: Page megacells:storage.md references an unknown item megacells:portable_chemical_cell_16m in its item_ids frontmatter
[19Apr2026 10:37:35.161] [Render thread/WARN] [guideme.indices.ItemIndex/]: Page megacells:storage.md references an unknown item megacells:portable_chemical_cell_64m in its item_ids frontmatter
[19Apr2026 10:37:35.161] [Render thread/WARN] [guideme.indices.ItemIndex/]: Page megacells:storage.md references an unknown item megacells:portable_chemical_cell_256m in its item_ids frontmatter
[19Apr2026 10:37:35.161] [Render thread/WARN] [guideme.indices.ItemIndex/]: Page megacells:storage.md references an unknown item megacells:portable_source_cell_1m in its item_ids frontmatter
[19Apr2026 10:37:35.161] [Render thread/WARN] [guideme.indices.ItemIndex/]: Page megacells:storage.md references an unknown item megacells:portable_source_cell_4m in its item_ids frontmatter
[19Apr2026 10:37:35.161] [Render thread/WARN] [guideme.indices.ItemIndex/]: Page megacells:storage.md references an unknown item megacells:portable_source_cell_16m in its item_ids frontmatter
[19Apr2026 10:37:35.161] [Render thread/WARN] [guideme.indices.ItemIndex/]: Page megacells:storage.md references an unknown item megacells:portable_source_cell_64m in its item_ids frontmatter
[19Apr2026 10:37:35.161] [Render thread/WARN] [guideme.indices.ItemIndex/]: Page megacells:storage.md references an unknown item megacells:portable_source_cell_256m in its item_ids frontmatter
[19Apr2026 10:37:35.161] [Render thread/WARN] [guideme.indices.ItemIndex/]: Page megacells:storage.md references an unknown item megacells:portable_mana_cell_1m in its item_ids frontmatter
[19Apr2026 10:37:35.161] [Render thread/WARN] [guideme.indices.ItemIndex/]: Page megacells:storage.md references an unknown item megacells:portable_mana_cell_4m in its item_ids frontmatter
[19Apr2026 10:37:35.161] [Render thread/WARN] [guideme.indices.ItemIndex/]: Page megacells:storage.md references an unknown item megacells:portable_mana_cell_16m in its item_ids frontmatter
[19Apr2026 10:37:35.161] [Render thread/WARN] [guideme.indices.ItemIndex/]: Page megacells:storage.md references an unknown item megacells:portable_mana_cell_64m in its item_ids frontmatter
[19Apr2026 10:37:35.161] [Render thread/WARN] [guideme.indices.ItemIndex/]: Page megacells:storage.md references an unknown item megacells:portable_mana_cell_256m in its item_ids frontmatter
[19Apr2026 10:37:35.161] [Render thread/WARN] [guideme.indices.ItemIndex/]: Page megacells:storage.md references an unknown item megacells:portable_experience_cell_1m in its item_ids frontmatter
[19Apr2026 10:37:35.161] [Render thread/WARN] [guideme.indices.ItemIndex/]: Page megacells:storage.md references an unknown item megacells:portable_experience_cell_4m in its item_ids frontmatter
[19Apr2026 10:37:35.161] [Render thread/WARN] [guideme.indices.ItemIndex/]: Page megacells:storage.md references an unknown item megacells:portable_experience_cell_16m in its item_ids frontmatter
[19Apr2026 10:37:35.161] [Render thread/WARN] [guideme.indices.ItemIndex/]: Page megacells:storage.md references an unknown item megacells:portable_experience_cell_64m in its item_ids frontmatter
[19Apr2026 10:37:35.161] [Render thread/WARN] [guideme.indices.ItemIndex/]: Page megacells:storage.md references an unknown item megacells:portable_experience_cell_256m in its item_ids frontmatter
[19Apr2026 10:37:35.161] [Render thread/WARN] [guideme.indices.ItemIndex/]: Page megacells:storage.md references an unknown item megacells:sky_bronze_ingot in its item_ids frontmatter
[19Apr2026 10:37:35.161] [Render thread/WARN] [guideme.indices.ItemIndex/]: Page megacells:storage.md references an unknown item megacells:sky_bronze_block in its item_ids frontmatter
[19Apr2026 10:37:35.161] [Render thread/WARN] [guideme.indices.ItemIndex/]: Page megacells:storage.md references an unknown item megacells:sky_osmium_ingot in its item_ids frontmatter
[19Apr2026 10:37:35.161] [Render thread/WARN] [guideme.indices.ItemIndex/]: Page megacells:storage.md references an unknown item megacells:sky_osmium_block in its item_ids frontmatter
[19Apr2026 10:37:35.161] [Render thread/WARN] [guideme.indices.ItemIndex/]: Page megacells:index.md references an unknown item megacells:accumulation_processor in its item_ids frontmatter
[19Apr2026 10:37:35.161] [Render thread/WARN] [guideme.indices.ItemIndex/]: Page megacells:index.md references an unknown item megacells:accumulation_processor_press in its item_ids frontmatter
[19Apr2026 10:37:35.161] [Render thread/WARN] [guideme.indices.ItemIndex/]: Page megacells:index.md references an unknown item megacells:printed_accumulation_processor in its item_ids frontmatter
[19Apr2026 10:37:35.161] [Render thread/WARN] [guideme.indices.ItemIndex/]: Page megacells:index.md references an unknown item megacells:sky_steel_ingot in its item_ids frontmatter
[19Apr2026 10:37:35.161] [Render thread/WARN] [guideme.indices.ItemIndex/]: Page megacells:index.md references an unknown item megacells:sky_steel_block in its item_ids frontmatter
[19Apr2026 10:37:35.161] [Render thread/WARN] [guideme.indices.ItemIndex/]: Page appliede:transmutation_module.md references an unknown item appliede:emc_module in its item_ids frontmatter
[19Apr2026 10:37:35.161] [Render thread/WARN] [guideme.indices.ItemIndex/]: Page megacells:radioactive_cell.md references an unknown item megacells:radioactive_cell_component in its item_ids frontmatter
[19Apr2026 10:37:35.161] [Render thread/WARN] [guideme.indices.ItemIndex/]: Page megacells:radioactive_cell.md references an unknown item megacells:radioactive_chemical_cell in its item_ids frontmatter
[19Apr2026 10:37:35.161] [Render thread/WARN] [guideme.indices.ItemIndex/]: Page appflux:appflux/portable_flux_cells.md references an unknown item appflux:fe_1k_portable_cell in its item_ids frontmatter
[19Apr2026 10:37:35.161] [Render thread/WARN] [guideme.indices.ItemIndex/]: Page appflux:appflux/portable_flux_cells.md references an unknown item appflux:fe_4k_portable_cell in its item_ids frontmatter
[19Apr2026 10:37:35.161] [Render thread/WARN] [guideme.indices.ItemIndex/]: Page appflux:appflux/portable_flux_cells.md references an unknown item appflux:fe_16k_portable_cell in its item_ids frontmatter
[19Apr2026 10:37:35.161] [Render thread/WARN] [guideme.indices.ItemIndex/]: Page appflux:appflux/portable_flux_cells.md references an unknown item appflux:fe_64k_portable_cell in its item_ids frontmatter
[19Apr2026 10:37:35.161] [Render thread/WARN] [guideme.indices.ItemIndex/]: Page appflux:appflux/portable_flux_cells.md references an unknown item appflux:fe_256k_portable_cell in its item_ids frontmatter
[19Apr2026 10:37:35.161] [Render thread/WARN] [guideme.indices.ItemIndex/]: Page appflux:appflux/portable_flux_cells.md references an unknown item appflux:fe_1m_portable_cell in its item_ids frontmatter
[19Apr2026 10:37:35.161] [Render thread/WARN] [guideme.indices.ItemIndex/]: Page appflux:appflux/portable_flux_cells.md references an unknown item appflux:fe_4m_portable_cell in its item_ids frontmatter
[19Apr2026 10:37:35.161] [Render thread/WARN] [guideme.indices.ItemIndex/]: Page appflux:appflux/portable_flux_cells.md references an unknown item appflux:fe_16m_portable_cell in its item_ids frontmatter
[19Apr2026 10:37:35.161] [Render thread/WARN] [guideme.indices.ItemIndex/]: Page appflux:appflux/portable_flux_cells.md references an unknown item appflux:fe_64m_portable_cell in its item_ids frontmatter
[19Apr2026 10:37:35.161] [Render thread/WARN] [guideme.indices.ItemIndex/]: Page appflux:appflux/portable_flux_cells.md references an unknown item appflux:fe_256m_portable_cell in its item_ids frontmatter
[19Apr2026 10:37:35.161] [Render thread/WARN] [guideme.indices.ItemIndex/]: Page appflux:appflux/flux_accessor.md references an unknown item appflux:flux_accessor in its item_ids frontmatter
[19Apr2026 10:37:35.161] [Render thread/WARN] [guideme.indices.ItemIndex/]: Page appflux:appflux/flux_accessor.md references an unknown item appflux:part_flux_accessor in its item_ids frontmatter
[19Apr2026 10:37:35.162] [Render thread/ERROR] [guideme.internal.util.NavigationUtil/]: Couldn't find icon megacells:mega_interface for icon of page megacells:extras.md (from file/AE2TexturesBackport1.20-1.0.zip)
[19Apr2026 10:37:35.163] [Render thread/ERROR] [guideme.internal.util.NavigationUtil/]: Couldn't find icon ae2:creative_storage_cell for icon of page ae2:ae2-mechanics/bytes-and-types.md (from file/AE2TexturesBackport1.20-1.0.zip)
[19Apr2026 10:37:35.163] [Render thread/ERROR] [guideme.internal.util.NavigationUtil/]: Couldn't find icon appflux:insulating_resin for icon of page appflux:appflux/insulating_resin.md (from file/AE2TexturesBackport1.20-1.0.zip)
[19Apr2026 10:37:35.163] [Render thread/ERROR] [guideme.internal.util.NavigationUtil/]: Couldn't find icon advanced_ae:adv_pattern_provider for icon of page advanced_ae:aae_intro/advanced_pattern_provider.md (from file/AE2TexturesBackport1.20-1.0.zip)
[19Apr2026 10:37:35.163] [Render thread/ERROR] [guideme.internal.util.NavigationUtil/]: Couldn't find icon appflux:redstone_crystal for icon of page appflux:appflux/redstone_crystal.md (from file/AE2TexturesBackport1.20-1.0.zip)
[19Apr2026 10:37:35.163] [Render thread/ERROR] [guideme.internal.util.NavigationUtil/]: Couldn't find icon appflux:induction_card for icon of page appflux:appflux/induction_card.md (from file/AE2TexturesBackport1.20-1.0.zip)
[19Apr2026 10:37:35.163] [Render thread/ERROR] [guideme.internal.util.NavigationUtil/]: Couldn't find icon appflux:energy_processor for icon of page appflux:appflux/energy_processor.md (from file/AE2TexturesBackport1.20-1.0.zip)
[19Apr2026 10:37:35.163] [Render thread/ERROR] [guideme.internal.util.NavigationUtil/]: Couldn't find icon appflux:insulating_resin for icon of page appflux:appflux/insulating_resin.md (from file/AE2TexturesBackport1.20-1.0.zip)
[19Apr2026 10:37:35.163] [Render thread/ERROR] [guideme.internal.util.NavigationUtil/]: Couldn't find icon appflux:fe_1k_cell for icon of page appflux:appflux/flux_cells.md (from file/AE2TexturesBackport1.20-1.0.zip)
[19Apr2026 10:37:35.163] [Render thread/ERROR] [guideme.internal.util.NavigationUtil/]: Couldn't find icon appflux:fe_1k_portable_cell for icon of page appflux:appflux/portable_flux_cells.md (from file/AE2TexturesBackport1.20-1.0.zip)
[19Apr2026 10:37:35.163] [Render thread/ERROR] [guideme.internal.util.NavigationUtil/]: Couldn't find icon appflux:flux_accessor for icon of page appflux:appflux/flux_accessor.md (from file/AE2TexturesBackport1.20-1.0.zip)
[19Apr2026 10:37:35.163] [Render thread/ERROR] [guideme.internal.util.NavigationUtil/]: Couldn't find icon merequester:requester for icon of page merequester:merequester.md (from file/AE2TexturesBackport1.20-1.0.zip)
[19Apr2026 10:37:35.163] [Render thread/ERROR] [guideme.internal.util.NavigationUtil/]: Couldn't find icon advanced_ae:import_export_bus_part for icon of page advanced_ae:aae_intro/import_export_bus.md (from file/AE2TexturesBackport1.20-1.0.zip)
[19Apr2026 10:37:35.163] [Render thread/ERROR] [guideme.internal.util.NavigationUtil/]: Couldn't find icon advanced_ae:quantum_core for icon of page advanced_ae:aae_intro/quantum_computer.md (from file/AE2TexturesBackport1.20-1.0.zip)
[19Apr2026 10:37:35.163] [Render thread/ERROR] [guideme.internal.util.NavigationUtil/]: Couldn't find icon advanced_ae:adv_pattern_encoder for icon of page advanced_ae:aae_intro/advanced_pattern_encoder.md (from file/AE2TexturesBackport1.20-1.0.zip)
[19Apr2026 10:37:35.163] [Render thread/ERROR] [guideme.internal.util.NavigationUtil/]: Couldn't find icon advanced_ae:quantum_helmet for icon of page advanced_ae:aae_intro/quantum_armor.md (from file/AE2TexturesBackport1.20-1.0.zip)
[19Apr2026 10:37:35.163] [Render thread/ERROR] [guideme.internal.util.NavigationUtil/]: Couldn't find icon appliede:transmutation_terminal for icon of page appliede:transmutation_terminal.md (from file/AE2TexturesBackport1.20-1.0.zip)
[19Apr2026 10:37:35.163] [Render thread/ERROR] [guideme.internal.util.NavigationUtil/]: Couldn't find icon appliede:emc_interface for icon of page appliede:transmutation_devices.md (from file/AE2TexturesBackport1.20-1.0.zip)
[19Apr2026 10:37:35.163] [Render thread/ERROR] [guideme.internal.util.NavigationUtil/]: Couldn't find icon megacells:greater_energy_card for icon of page megacells:energy.md (from file/AE2TexturesBackport1.20-1.0.zip)
[19Apr2026 10:37:35.163] [Render thread/ERROR] [guideme.internal.util.NavigationUtil/]: Couldn't find icon megacells:bulk_item_cell for icon of page megacells:bulk_cell.md (from file/AE2TexturesBackport1.20-1.0.zip)
[19Apr2026 10:37:35.163] [Render thread/ERROR] [guideme.internal.util.NavigationUtil/]: Couldn't find icon advanced_ae:throughput_monitor for icon of page advanced_ae:aae_intro/throughput_monitor.md (from file/AE2TexturesBackport1.20-1.0.zip)
[19Apr2026 10:37:35.163] [Render thread/ERROR] [guideme.internal.util.NavigationUtil/]: Couldn't find icon megacells:radioactive_chemical_cell for icon of page megacells:radioactive_cell.md (from file/AE2TexturesBackport1.20-1.0.zip)
[19Apr2026 10:37:35.163] [Render thread/ERROR] [guideme.internal.util.NavigationUtil/]: Couldn't find icon advanced_ae:reaction_chamber for icon of page advanced_ae:aae_intro/reaction_chamber.md (from file/AE2TexturesBackport1.20-1.0.zip)
[19Apr2026 10:37:35.163] [Render thread/ERROR] [guideme.internal.util.NavigationUtil/]: Couldn't find icon appflux:induction_card for icon of page appflux:appflux/induction_card.md (from file/AE2TexturesBackport1.20-1.0.zip)
[19Apr2026 10:37:35.163] [Render thread/ERROR] [guideme.internal.util.NavigationUtil/]: Couldn't find icon appflux:fe_1k_cell for icon of page appflux:appflux/flux_cells.md (from file/AE2TexturesBackport1.20-1.0.zip)
[19Apr2026 10:37:35.163] [Render thread/ERROR] [guideme.internal.util.NavigationUtil/]: Couldn't find icon appflux:redstone_crystal for icon of page appflux:appflux/redstone_crystal.md (from file/AE2TexturesBackport1.20-1.0.zip)
[19Apr2026 10:37:35.163] [Render thread/ERROR] [guideme.internal.util.NavigationUtil/]: Couldn't find icon advanced_ae:adv_pattern_provider_upgrade for icon of page advanced_ae:aae_intro/app_upgrade_items.md (from file/AE2TexturesBackport1.20-1.0.zip)
[19Apr2026 10:37:35.163] [Render thread/ERROR] [guideme.internal.util.NavigationUtil/]: Couldn't find icon advanced_ae:stock_export_bus_part for icon of page advanced_ae:aae_intro/stock_export_bus.md (from file/AE2TexturesBackport1.20-1.0.zip)
[19Apr2026 10:37:35.163] [Render thread/ERROR] [guideme.internal.util.NavigationUtil/]: Couldn't find icon advanced_ae:quantum_helmet for icon of page advanced_ae:aae_intro/quantum_armor.md (from file/AE2TexturesBackport1.20-1.0.zip)
[19Apr2026 10:37:35.163] [Render thread/ERROR] [guideme.internal.util.NavigationUtil/]: Couldn't find icon advanced_ae:adv_pattern_encoder for icon of page advanced_ae:aae_intro/advanced_pattern_encoder.md (from file/AE2TexturesBackport1.20-1.0.zip)
[19Apr2026 10:37:35.163] [Render thread/ERROR] [guideme.internal.util.NavigationUtil/]: Couldn't find icon advanced_ae:import_export_bus_part for icon of page advanced_ae:aae_intro/import_export_bus.md (from file/AE2TexturesBackport1.20-1.0.zip)
[19Apr2026 10:37:35.163] [Render thread/ERROR] [guideme.internal.util.NavigationUtil/]: Couldn't find icon advanced_ae:throughput_monitor for icon of page advanced_ae:aae_intro/throughput_monitor.md (from file/AE2TexturesBackport1.20-1.0.zip)
[19Apr2026 10:37:35.163] [Render thread/ERROR] [guideme.internal.util.NavigationUtil/]: Couldn't find icon advanced_ae:adv_pattern_provider_upgrade for icon of page advanced_ae:aae_intro/app_upgrade_items.md (from file/AE2TexturesBackport1.20-1.0.zip)
[19Apr2026 10:37:35.163] [Render thread/ERROR] [guideme.internal.util.NavigationUtil/]: Couldn't find icon advanced_ae:quantum_crafter for icon of page advanced_ae:aae_intro/quantum_crafter.md (from file/AE2TexturesBackport1.20-1.0.zip)
[19Apr2026 10:37:35.163] [Render thread/ERROR] [guideme.internal.util.NavigationUtil/]: Couldn't find icon advanced_ae:quantum_core for icon of page advanced_ae:aae_intro/quantum_computer.md (from file/AE2TexturesBackport1.20-1.0.zip)
[19Apr2026 10:37:35.163] [Render thread/ERROR] [guideme.internal.util.NavigationUtil/]: Couldn't find icon advanced_ae:adv_pattern_provider for icon of page advanced_ae:aae_intro/advanced_pattern_provider.md (from file/AE2TexturesBackport1.20-1.0.zip)
[19Apr2026 10:37:35.163] [Render thread/ERROR] [guideme.internal.util.NavigationUtil/]: Couldn't find icon advanced_ae:reaction_chamber for icon of page advanced_ae:aae_intro/reaction_chamber.md (from file/AE2TexturesBackport1.20-1.0.zip)
[19Apr2026 10:37:35.163] [Render thread/ERROR] [guideme.internal.util.NavigationUtil/]: Couldn't find icon advanced_ae:stock_export_bus_part for icon of page advanced_ae:aae_intro/stock_export_bus.md (from file/AE2TexturesBackport1.20-1.0.zip)
[19Apr2026 10:37:35.163] [Render thread/ERROR] [guideme.internal.util.NavigationUtil/]: Couldn't find icon ae2:creative_storage_cell for icon of page ae2:ae2-mechanics/bytes-and-types.md (from file/AE2TexturesBackport1.20-1.0.zip)
[19Apr2026 10:37:35.163] [Render thread/ERROR] [guideme.internal.util.NavigationUtil/]: Couldn't find icon appflux:energy_processor for icon of page appflux:appflux/energy_processor.md (from file/AE2TexturesBackport1.20-1.0.zip)
[19Apr2026 10:37:35.164] [Render thread/ERROR] [guideme.internal.util.NavigationUtil/]: Couldn't find icon ae2insertexportcard:export_card for icon of page ae2:ae2insertexportcard-index.md (from file/AE2TexturesBackport1.20-1.0.zip)
[19Apr2026 10:37:35.164] [Render thread/ERROR] [guideme.internal.util.NavigationUtil/]: Couldn't find icon megacells:256m_crafting_storage for icon of page megacells:crafting.md (from file/AE2TexturesBackport1.20-1.0.zip)
[19Apr2026 10:37:35.164] [Render thread/ERROR] [guideme.internal.util.NavigationUtil/]: Couldn't find icon appliede:transmutation_terminal for icon of page appliede:transmutation_terminal.md (from file/AE2TexturesBackport1.20-1.0.zip)
[19Apr2026 10:37:35.164] [Render thread/ERROR] [guideme.internal.util.NavigationUtil/]: Couldn't find icon appliede:emc_interface for icon of page appliede:transmutation_devices.md (from file/AE2TexturesBackport1.20-1.0.zip)
[19Apr2026 10:37:35.164] [Render thread/ERROR] [guideme.internal.util.NavigationUtil/]: Couldn't find icon appliede:emc_module for icon of page appliede:transmutation_module.md (from file/AE2TexturesBackport1.20-1.0.zip)
[19Apr2026 10:37:35.164] [Render thread/ERROR] [guideme.internal.util.NavigationUtil/]: Couldn't find icon megacells:bulk_item_cell for icon of page megacells:bulk_cell.md (from file/AE2TexturesBackport1.20-1.0.zip)
[19Apr2026 10:37:35.164] [Render thread/ERROR] [guideme.internal.util.NavigationUtil/]: Couldn't find icon megacells:256m_crafting_storage for icon of page megacells:crafting.md (from file/AE2TexturesBackport1.20-1.0.zip)
[19Apr2026 10:37:35.164] [Render thread/ERROR] [guideme.internal.util.NavigationUtil/]: Couldn't find icon megacells:greater_energy_card for icon of page megacells:energy.md (from file/AE2TexturesBackport1.20-1.0.zip)
[19Apr2026 10:37:35.164] [Render thread/ERROR] [guideme.internal.util.NavigationUtil/]: Couldn't find icon megacells:mega_interface for icon of page megacells:extras.md (from file/AE2TexturesBackport1.20-1.0.zip)
[19Apr2026 10:37:35.164] [Render thread/ERROR] [guideme.internal.util.NavigationUtil/]: Couldn't find icon megacells:item_storage_cell_256m for icon of page megacells:storage.md (from file/AE2TexturesBackport1.20-1.0.zip)
[19Apr2026 10:37:35.164] [Render thread/ERROR] [guideme.internal.util.NavigationUtil/]: Couldn't find icon megacells:radioactive_chemical_cell for icon of page megacells:radioactive_cell.md (from file/AE2TexturesBackport1.20-1.0.zip)
[19Apr2026 10:37:35.164] [Render thread/ERROR] [guideme.internal.util.NavigationUtil/]: Couldn't find icon appflux:fe_1k_portable_cell for icon of page appflux:appflux/portable_flux_cells.md (from file/AE2TexturesBackport1.20-1.0.zip)
[19Apr2026 10:37:35.164] [Render thread/ERROR] [guideme.internal.util.NavigationUtil/]: Couldn't find icon appflux:flux_accessor for icon of page appflux:appflux/flux_accessor.md (from file/AE2TexturesBackport1.20-1.0.zip)
[19Apr2026 10:37:35.164] [Render thread/ERROR] [guideme.internal.util.NavigationUtil/]: Couldn't find icon appliede:emc_module for icon of page appliede:transmutation_module.md (from file/AE2TexturesBackport1.20-1.0.zip)
[19Apr2026 10:37:35.164] [Render thread/ERROR] [guideme.internal.util.NavigationUtil/]: Couldn't find icon advanced_ae:quantum_crafter for icon of page advanced_ae:aae_intro/quantum_crafter.md (from file/AE2TexturesBackport1.20-1.0.zip)
[19Apr2026 10:37:35.164] [Render thread/ERROR] [guideme.internal.util.NavigationUtil/]: Couldn't find icon megacells:item_storage_cell_256m for icon of page megacells:storage.md (from file/AE2TexturesBackport1.20-1.0.zip)
[19Apr2026 10:37:35.164] [Render thread/INFO] [net.minecraft.client.renderer.texture.TextureAtlas/]: Created: 128x64x0 guideme:textures/atlas/gui.png-atlas
[19Apr2026 10:37:35.192] [Render thread/INFO] [flywheel/backend/shaders/]: Loaded 77 shader sources in 20.257 ms
[19Apr2026 10:37:35.213] [Render thread/INFO] [com.simibubi.create.Create/]: Loaded 56 train hat configurations.
[19Apr2026 10:37:35.214] [Render thread/INFO] [net.minecraft.client.renderer.texture.TextureAtlas/]: Created: 256x256x0 jei:textures/atlas/gui.png-atlas
[19Apr2026 10:37:35.234] [Render thread/INFO] [Entity Texture Features/]: [ETF]: reloading ETF data.
[19Apr2026 10:37:35.236] [Render thread/INFO] [Entity Texture Features/]: [ETF]: emissive suffixes loaded: {_e}
[19Apr2026 10:37:35.307] [Render thread/INFO] [Oculus/]: Creating pipeline for dimension NamespacedId{namespace='minecraft', name='overworld'}
[19Apr2026 10:37:35.332] [Worker-Main-1/ERROR] [CorgiLib/]: GET request failed. Response Code: 301
[19Apr2026 10:37:35.339] [Render thread/INFO] [Oculus/]: Starting custom uniform resolving
[19Apr2026 10:37:35.369] [Render thread/WARN] [Oculus/]: Failed to resolve uniform inPaleGarden, reason: Unknown variable: BIOME_PALE_GARDEN ( = FunctionCall{smooth {[Number{54}, FunctionCall{if {[FunctionCall{in {[Id{biome}, Id{BIOME_PALE_GARDEN}]} }, Number{1}, Number{0}]} }, Number{15}, Number{15}]} })
java.lang.RuntimeException: Unknown variable: BIOME_PALE_GARDEN
	at kroppeb.stareval.resolver.ExpressionResolver.resolveExpressionInternal(ExpressionResolver.java:220) ~[oculus-mc1.20.1-1.8.0.jar%23419!/:?]
	at kroppeb.stareval.resolver.ExpressionResolver.resolveCallExpressionInternal(ExpressionResolver.java:81) ~[oculus-mc1.20.1-1.8.0.jar%23419!/:?]
	at kroppeb.stareval.resolver.ExpressionResolver.resolveCallExpression(ExpressionResolver.java:140) ~[oculus-mc1.20.1-1.8.0.jar%23419!/:?]
	at kroppeb.stareval.resolver.ExpressionResolver.resolveExpressionInternal(ExpressionResolver.java:194) ~[oculus-mc1.20.1-1.8.0.jar%23419!/:?]
	at kroppeb.stareval.resolver.ExpressionResolver.resolveCallExpressionInternal(ExpressionResolver.java:81) ~[oculus-mc1.20.1-1.8.0.jar%23419!/:?]
	at kroppeb.stareval.resolver.ExpressionResolver.resolveCallExpression(ExpressionResolver.java:140) ~[oculus-mc1.20.1-1.8.0.jar%23419!/:?]
	at kroppeb.stareval.resolver.ExpressionResolver.resolveCallExpression(ExpressionResolver.java:127) ~[oculus-mc1.20.1-1.8.0.jar%23419!/:?]
	at kroppeb.stareval.resolver.ExpressionResolver.resolveExpressionInternal(ExpressionResolver.java:194) ~[oculus-mc1.20.1-1.8.0.jar%23419!/:?]
	at kroppeb.stareval.resolver.ExpressionResolver.resolveCallExpressionInternal(ExpressionResolver.java:81) ~[oculus-mc1.20.1-1.8.0.jar%23419!/:?]
	at kroppeb.stareval.resolver.ExpressionResolver.resolveCallExpression(ExpressionResolver.java:140) ~[oculus-mc1.20.1-1.8.0.jar%23419!/:?]
	at kroppeb.stareval.resolver.ExpressionResolver.resolveExpressionInternal(ExpressionResolver.java:194) ~[oculus-mc1.20.1-1.8.0.jar%23419!/:?]
	at kroppeb.stareval.resolver.ExpressionResolver.resolveExpression(ExpressionResolver.java:50) ~[oculus-mc1.20.1-1.8.0.jar%23419!/:?]
	at net.irisshaders.iris.uniforms.custom.CustomUniforms.<init>(CustomUniforms.java:62) ~[oculus-mc1.20.1-1.8.0.jar%23419!/:?]
	at net.irisshaders.iris.uniforms.custom.CustomUniforms$Builder.build(CustomUniforms.java:334) ~[oculus-mc1.20.1-1.8.0.jar%23419!/:?]
	at net.irisshaders.iris.uniforms.custom.CustomUniforms$Builder.build(CustomUniforms.java:345) ~[oculus-mc1.20.1-1.8.0.jar%23419!/:?]
	at net.irisshaders.iris.pipeline.IrisRenderingPipeline.<init>(IrisRenderingPipeline.java:263) ~[oculus-mc1.20.1-1.8.0.jar%23419!/:?]
	at net.irisshaders.iris.Iris.createPipeline(Iris.java:623) ~[oculus-mc1.20.1-1.8.0.jar%23419!/:?]
	at net.irisshaders.iris.pipeline.PipelineManager.preparePipeline(PipelineManager.java:33) ~[oculus-mc1.20.1-1.8.0.jar%23419!/:?]
	at net.irisshaders.iris.Iris.onLoadingComplete(Iris.java:181) ~[oculus-mc1.20.1-1.8.0.jar%23419!/:?]
	at net.minecraft.client.gui.screens.TitleScreen.handler$bkh000$iris$firstInit(TitleScreen.java:523) ~[client-1.20.1-20230612.114412-srg.jar%23464!/:?]
	at net.minecraft.client.gui.screens.TitleScreen.m_7856_(TitleScreen.java:155) ~[client-1.20.1-20230612.114412-srg.jar%23464!/:?]
	at net.minecraft.client.gui.screens.Screen.m_6575_(Screen.java:321) ~[client-1.20.1-20230612.114412-srg.jar%23464!/:?]
	at net.minecraft.client.Minecraft.m_91152_(Minecraft.java:1007) ~[client-1.20.1-20230612.114412-srg.jar%23464!/:?]
	at net.minecraft.client.Minecraft.m_278684_(Minecraft.java:603) ~[client-1.20.1-20230612.114412-srg.jar%23464!/:?]
	at net.minecraft.client.Minecraft.lambda$new$4(Minecraft.java:583) ~[client-1.20.1-20230612.114412-srg.jar%23464!/:?]
	at net.minecraft.Util.m_137521_(Util.java:421) ~[client-1.20.1-20230612.114412-srg.jar%23464!/:?]
	at net.minecraft.client.Minecraft.lambda$new$5(Minecraft.java:564) ~[client-1.20.1-20230612.114412-srg.jar%23464!/:?]
	at net.minecraftforge.client.loading.ForgeLoadingOverlay.m_88315_(ForgeLoadingOverlay.java:146) ~[forge-1.20.1-47.4.16-universal.jar%23469!/:?]
	at net.minecraft.client.renderer.GameRenderer.m_109093_(GameRenderer.java:954) ~[client-1.20.1-20230612.114412-srg.jar%23464!/:?]
	at net.minecraft.client.Minecraft.m_91383_(Minecraft.java:1146) ~[client-1.20.1-20230612.114412-srg.jar%23464!/:?]
	at net.minecraft.client.Minecraft.m_91374_(Minecraft.java:718) ~[client-1.20.1-20230612.114412-srg.jar%23464!/:?]
	at net.minecraft.client.main.Main.main(Main.java:218) ~[minecraft-1.20.1-client.jar:?]
	at jdk.internal.reflect.NativeMethodAccessorImpl.invoke0(Native Method) ~[?:?]
	at jdk.internal.reflect.NativeMethodAccessorImpl.invoke(NativeMethodAccessorImpl.java:77) ~[?:?]
	at jdk.internal.reflect.DelegatingMethodAccessorImpl.invoke(DelegatingMethodAccessorImpl.java:43) ~[?:?]
	at java.lang.reflect.Method.invoke(Method.java:569) ~[?:?]
	at net.minecraftforge.fml.loading.targets.CommonLaunchHandler.runTarget(CommonLaunchHandler.java:111) ~[fmlloader-1.20.1-47.4.16.jar:?]
	at net.minecraftforge.fml.loading.targets.CommonLaunchHandler.clientService(CommonLaunchHandler.java:99) ~[fmlloader-1.20.1-47.4.16.jar:?]
	at net.minecraftforge.fml.loading.targets.CommonClientLaunchHandler.lambda$makeService$0(CommonClientLaunchHandler.java:25) ~[fmlloader-1.20.1-47.4.16.jar:?]
	at cpw.mods.modlauncher.LaunchServiceHandlerDecorator.launch(LaunchServiceHandlerDecorator.java:30) ~[modlauncher-10.0.9.jar:?]
	at cpw.mods.modlauncher.LaunchServiceHandler.launch(LaunchServiceHandler.java:53) ~[modlauncher-10.0.9.jar:?]
	at cpw.mods.modlauncher.LaunchServiceHandler.launch(LaunchServiceHandler.java:71) ~[modlauncher-10.0.9.jar:?]
	at cpw.mods.modlauncher.Launcher.run(Launcher.java:108) ~[modlauncher-10.0.9.jar:?]
	at cpw.mods.modlauncher.Launcher.main(Launcher.java:78) ~[modlauncher-10.0.9.jar:?]
	at cpw.mods.modlauncher.BootstrapLaunchConsumer.accept(BootstrapLaunchConsumer.java:26) ~[modlauncher-10.0.9.jar:?]
	at cpw.mods.modlauncher.BootstrapLaunchConsumer.accept(BootstrapLaunchConsumer.java:23) ~[modlauncher-10.0.9.jar:?]
	at cpw.mods.bootstraplauncher.BootstrapLauncher.main(BootstrapLauncher.java:141) ~[bootstraplauncher-1.1.2.jar:?]
	at jdk.internal.reflect.NativeMethodAccessorImpl.invoke0(Native Method) ~[?:?]
	at jdk.internal.reflect.NativeMethodAccessorImpl.invoke(NativeMethodAccessorImpl.java:77) ~[?:?]
	at jdk.internal.reflect.DelegatingMethodAccessorImpl.invoke(DelegatingMethodAccessorImpl.java:43) ~[?:?]
	at java.lang.reflect.Method.invoke(Method.java:569) ~[?:?]
	at io.github.zekerzhayard.forgewrapper.installer.Main.main(Main.java:67) ~[?:?]
	at org.prismlauncher.launcher.impl.StandardLauncher.launch(StandardLauncher.java:115) ~[?:?]
	at org.prismlauncher.EntryPoint.listen(EntryPoint.java:129) ~[?:?]
	at org.prismlauncher.EntryPoint.main(EntryPoint.java:70) ~[?:?]
[19Apr2026 10:37:36.976] [Render thread/WARN] [Oculus/]: Error while parsing the block ID map entry for "block.10104":
[19Apr2026 10:37:36.976] [Render thread/WARN] [Oculus/]: - The block minecraft:stone_slab has no property with the name variant, ignoring!
[19Apr2026 10:37:36.991] [Render thread/WARN] [Embeddium-MixinTaintDetector/]: Mod(s) [oculus] are modifying Embeddium class me.jellysquid.mods.sodium.client.gl.device.GLRenderDevice$ImmediateDrawCommandList, which may cause instability.
[19Apr2026 10:37:37.140] [Render thread/ERROR] [ambientsounds/]: Could not find sound category suspense for pale-garden.pale-garden-ambience.
[19Apr2026 10:37:37.144] [Render thread/INFO] [ambientsounds/]: Loaded AmbientEngine 'basic' v3.2.4. 11 dimension(s), 11 features, 11 blockgroups, 2 sound collections, 38 regions, 60 sounds, 11 sound categories, 7 solids and 2 biome types
[19Apr2026 10:37:37.282] [Render thread/WARN] [ModernFix/]: Game took 31.891 seconds to start
[19Apr2026 10:37:38.220] [Render thread/WARN] [Embeddium-MixinTaintDetector/]: Mod(s) [oculus] are modifying Embeddium class me.jellysquid.mods.sodium.client.render.vertex.serializers.VertexSerializerRegistryImpl, which may cause instability.
[19Apr2026 10:37:38.276] [Render thread/WARN] [Embeddium-MixinTaintDetector/]: Mod(s) [oculus] are modifying Embeddium class me.jellysquid.mods.sodium.client.render.immediate.model.BakedModelEncoder, which may cause instability.
[19Apr2026 10:37:56.984] [Render thread/INFO] [com.simibubi.create.Create/]: Created 225 recipes which will be injected into the game
[19Apr2026 10:37:56.986] [Render thread/INFO] [com.simibubi.create.Create/]: Created 3 tags which will be injected into the game
[19Apr2026 10:37:57.176] [Render thread/INFO] [STDOUT/]: [earth.terrarium.botarium.common.energy.EnergyApi:finalizeItemRegistration:54]: Finalizing energy item registration
[19Apr2026 10:37:57.177] [Render thread/INFO] [STDOUT/]: [earth.terrarium.botarium.common.fluid.FluidApi:finalizeItemRegistration:55]: Finalizing fluid item registration
[19Apr2026 10:37:58.858] [Render thread/WARN] [GregTechCEu/]: Did not find gear for copper, skipping gear -> buzzsaw blade recipe
[19Apr2026 10:38:00.348] [Render thread/INFO] [GregTechCEu/]: Registering dungeon loot...
[19Apr2026 10:38:00.352] [Render thread/INFO] [GregTechCEu/]: GregTech Data loading took 3362ms
[19Apr2026 10:38:00.374] [Render thread/WARN] [net.minecraftforge.common.ForgeHooks/WP]: The following mods have version differences that were not resolved:
javd (version 5.0.1+mc1.20.1 -> MISSING)
Things may not work well.
[19Apr2026 10:38:00.506] [Render thread/ERROR] [net.minecraftforge.registries.GameData/REGISTRIES]: Unidentified mapping from registry minecraft:block
	javd:portal_block: 1522

[19Apr2026 10:38:00.507] [Render thread/ERROR] [net.minecraftforge.registries.GameData/REGISTRIES]: Unidentified mapping from registry minecraft:item
	javd:portal_block: 2292

[19Apr2026 10:38:00.508] [Render thread/WARN] [net.minecraftforge.registries.GameData/REGISTRIES]: Forge Mod Loader detected missing registry entries.

There are 2 missing entries in this save.
If you continue the missing entries will get removed.
A world backup will be automatically created in your saves directory.


[19Apr2026 10:38:00.508] [Render thread/WARN] [net.minecraftforge.registries.GameData/REGISTRIES]: Missing minecraft:item:
    javd:portal_block

Missing minecraft:block:
    javd:portal_block


[19Apr2026 10:38:00.508] [Render thread/ERROR] [net.minecraftforge.registries.GameData/REGISTRIES]: There are unidentified mappings in this world - we are going to attempt to process anyway
[19Apr2026 10:38:00.675] [Render thread/WARN] [net.minecraft.server.MinecraftServer/]: Missing data pack mod:javd
[19Apr2026 10:38:00.945] [Render thread/INFO] [KubeJS/]: Added bindings for script type SERVER from mod 'almostunified': [AlmostUnified]
[19Apr2026 10:38:00.947] [Render thread/INFO] [KubeJS Server/]: Loaded script server_scripts:torchmaster.js in 0.001 s
[19Apr2026 10:38:00.947] [Render thread/INFO] [KubeJS Server/]: Loaded script server_scripts:gregtech/temporary_fixes.js in 0.0 s
[19Apr2026 10:38:00.948] [Render thread/INFO] [KubeJS Server/]: Loaded script server_scripts:gregtech/components.js in 0.001 s
[19Apr2026 10:38:00.948] [Render thread/INFO] [KubeJS Server/]: Loaded script server_scripts:gregtech/machines.js in 0.0 s
[19Apr2026 10:38:00.950] [Render thread/INFO] [KubeJS Server/]: Loaded script server_scripts:gregtech/wood_unification.js in 0.002 s
[19Apr2026 10:38:00.951] [Render thread/INFO] [KubeJS Server/]: Loaded script server_scripts:gregtech/inscriber.js in 0.0 s
[19Apr2026 10:38:00.952] [Render thread/INFO] [KubeJS Server/]: Loaded script server_scripts:gregtech/greenhouse.js in 0.001 s
[19Apr2026 10:38:00.953] [Render thread/INFO] [KubeJS Server/]: Loaded script server_scripts:appliedenergistics2/circuitry.js in 0.001 s
[19Apr2026 10:38:00.954] [Render thread/INFO] [KubeJS Server/]: Loaded script server_scripts:appliedenergistics2/terminals.js in 0.001 s
[19Apr2026 10:38:00.955] [Render thread/INFO] [KubeJS Server/]: Loaded script server_scripts:appliedenergistics2/certus_quartz.js in 0.001 s
[19Apr2026 10:38:00.955] [Render thread/INFO] [KubeJS Server/]: Loaded script server_scripts:appliedenergistics2/portable_cells.js in 0.0 s
[19Apr2026 10:38:00.957] [Render thread/INFO] [KubeJS Server/]: Loaded script server_scripts:appliedenergistics2/extendedae2.js in 0.001 s
[19Apr2026 10:38:00.957] [Render thread/INFO] [KubeJS Server/]: Loaded script server_scripts:appliedenergistics2/cards.js in 0.0 s
[19Apr2026 10:38:00.958] [Render thread/INFO] [KubeJS Server/]: Loaded script server_scripts:appliedenergistics2/molecular_assemblers.js in 0.0 s
[19Apr2026 10:38:00.962] [Render thread/INFO] [KubeJS Server/]: Loaded script server_scripts:appliedenergistics2/ae2.js in 0.004 s
[19Apr2026 10:38:00.963] [Render thread/INFO] [KubeJS Server/]: Loaded script server_scripts:appliedenergistics2/cells.js in 0.001 s
[19Apr2026 10:38:00.964] [Render thread/INFO] [KubeJS Server/]: Loaded script server_scripts:appliedenergistics2/inter_providers.js in 0.001 s
[19Apr2026 10:38:00.965] [Render thread/INFO] [KubeJS Server/]: Loaded script server_scripts:appliedenergistics2/removals.js in 0.001 s
[19Apr2026 10:38:00.965] [Render thread/INFO] [KubeJS Server/]: Loaded script server_scripts:appliedenergistics2/patterns.js in 0.0 s
[19Apr2026 10:38:00.967] [Render thread/INFO] [KubeJS Server/]: Loaded script server_scripts:appliedenergistics2/cables.js in 0.002 s
[19Apr2026 10:38:00.968] [Render thread/INFO] [KubeJS Server/]: Loaded script server_scripts:appliedenergistics2/storage_parts.js in 0.001 s
[19Apr2026 10:38:00.969] [Render thread/INFO] [KubeJS Server/]: Loaded script server_scripts:appliedenergistics2/pressing.js in 0.001 s
[19Apr2026 10:38:00.970] [Render thread/INFO] [KubeJS Server/]: Loaded script server_scripts:appliedenergistics2/crafting_storage.js in 0.0 s
[19Apr2026 10:38:00.973] [Render thread/INFO] [KubeJS Server/]: Loaded script server_scripts:Create Recipes/greg.js in 0.003 s
[19Apr2026 10:38:00.975] [Render thread/INFO] [KubeJS Server/]: Loaded script server_scripts:Create Recipes/create_ore_processing.js in 0.001 s
[19Apr2026 10:38:00.977] [Render thread/INFO] [KubeJS Server/]: Loaded script server_scripts:storage_drawers/drawers.js in 0.002 s
[19Apr2026 10:38:00.978] [Render thread/INFO] [KubeJS Server/]: Loaded script server_scripts:storage_drawers/upgrades.js in 0.001 s
[19Apr2026 10:38:00.979] [Render thread/INFO] [KubeJS Server/]: Loaded script server_scripts:elden_ring.js in 0.001 s
[19Apr2026 10:38:00.980] [Render thread/INFO] [KubeJS Server/]: Loaded script server_scripts:open_blocks/elevator.js in 0.001 s
[19Apr2026 10:38:00.980] [Render thread/INFO] [KubeJS Server/]: Loaded script server_scripts:open_blocks/magnets.js in 0.0 s
[19Apr2026 10:38:00.981] [Render thread/INFO] [KubeJS Server/]: Loaded script server_scripts:open_blocks/hang_glider.js in 0.001 s
[19Apr2026 10:38:00.997] [Render thread/INFO] [KubeJS Server/]: Loaded script server_scripts:vein_modification.js in 0.016 s
[19Apr2026 10:38:00.998] [Render thread/INFO] [KubeJS Server/]: Loaded script server_scripts:tool_belt/recipes.js in 0.001 s
[19Apr2026 10:38:01.001] [Render thread/INFO] [KubeJS Server/]: Loaded script server_scripts:sophisticated_backpacks/upgrades.js in 0.002 s
[19Apr2026 10:38:01.002] [Render thread/INFO] [KubeJS Server/]: Loaded script server_scripts:sophisticated_backpacks/backpacks.js in 0.001 s
[19Apr2026 10:38:01.002] [Render thread/INFO] [KubeJS Server/]: Loaded script server_scripts:building_gadgets/gadgets.js in 0.0 s
[19Apr2026 10:38:01.009] [Render thread/INFO] [KubeJS Server/]: Loaded script server_scripts:kubejs_edits_custom.js in 0.006 s
[19Apr2026 10:38:01.010] [Render thread/INFO] [KubeJS Server/]: Loaded script server_scripts:vanilla/mob_drops.js in 0.001 s
[19Apr2026 10:38:01.010] [Render thread/INFO] [KubeJS Server/]: Loaded script server_scripts:vanilla/loot_drops.js in 0.0 s
[19Apr2026 10:38:01.010] [Render thread/INFO] [KubeJS Server/]: Loaded script server_scripts:charcoal.js in 0.0 s
[19Apr2026 10:38:01.012] [Render thread/INFO] [KubeJS Server/]: Loaded script server_scripts:architects_palette.js in 0.002 s
[19Apr2026 10:38:01.012] [Render thread/INFO] [KubeJS Server/]: Loaded script server_scripts:crafting_station/recipes.js in 0.0 s
[19Apr2026 10:38:01.012] [Render thread/INFO] [KubeJS Server/]: Loaded script server_scripts:recipe_removals.js in 0.0 s
[19Apr2026 10:38:01.013] [Render thread/INFO] [KubeJS Server/]: Loaded script server_scripts:xtones.js in 0.001 s
[19Apr2026 10:38:01.013] [Render thread/INFO] [KubeJS Server/]: Loaded script server_scripts:tags/items.js in 0.0 s
[19Apr2026 10:38:01.013] [Render thread/INFO] [KubeJS Server/]: Loaded script server_scripts:tags/ae2.js in 0.0 s
[19Apr2026 10:38:01.013] [Render thread/INFO] [KubeJS Server/]: Loaded script server_scripts:tags/blocks.js in 0.0 s
[19Apr2026 10:38:01.013] [Render thread/INFO] [KubeJS Server/]: Loaded script server_scripts:tags/gregtech.js in 0.0 s
[19Apr2026 10:38:01.014] [Render thread/INFO] [KubeJS Server/]: Loaded 48/48 KubeJS server scripts in 0.082 s with 0 errors and 0 warnings
[19Apr2026 10:38:01.014] [Render thread/INFO] [KubeJS Server/]: Scripts loaded
[19Apr2026 10:38:01.026] [Render thread/INFO] [KubeJS Server/]: Initializing recipe event...
[19Apr2026 10:38:01.648] [Render thread/ERROR] [net.minecraft.world.level.levelgen.flat.FlatLevelGeneratorSettings/]: Unknown biome, defaulting to plains
[19Apr2026 10:38:01.650] [Render thread/ERROR] [net.minecraft.world.level.storage.LevelStorageSource/]: WorldGenSettings: Failed to get element ResourceKey[minecraft:dimension_type / javd:void] missed input: {"javd:void":{generator:{settings:{biome:"javd:void",features:0b,lakes:0b,layers:[],structure_overrides:[]},type:"minecraft:flat"},type:"javd:void"}}
[19Apr2026 10:38:01.972] [Render thread/INFO] [AE2:C/]: Scanning class appeng.server.testplots.TestPlots for plots
[19Apr2026 10:38:01.974] [Render thread/INFO] [AE2:C/]: Scanning class appeng.server.testplots.AutoCraftingTestPlots for plots
[19Apr2026 10:38:01.975] [Render thread/INFO] [AE2:C/]: Scanning class appeng.server.testplots.InscriberTestPlots for plots
[19Apr2026 10:38:01.982] [Render thread/INFO] [AE2:C/]: Scanning class appeng.server.testplots.P2PTestPlots for plots
[19Apr2026 10:38:01.982] [Render thread/INFO] [AE2:C/]: Scanning class appeng.server.testplots.ItemP2PTestPlots for plots
[19Apr2026 10:38:01.982] [Render thread/INFO] [AE2:C/]: Scanning class appeng.server.testplots.MemoryCardTestPlots for plots
[19Apr2026 10:38:01.983] [Render thread/INFO] [AE2:C/]: Scanning class appeng.server.testplots.PatternProviderLockModePlots for plots
[19Apr2026 10:38:01.983] [Render thread/INFO] [AE2:C/]: Scanning class appeng.server.testplots.PatternProviderPlots for plots
[19Apr2026 10:38:01.983] [Render thread/INFO] [AE2:C/]: Scanning class appeng.server.testplots.SpatialTestPlots for plots
[19Apr2026 10:38:01.983] [Render thread/INFO] [AE2:C/]: Scanning class appeng.server.testplots.QnbTestPlots for plots
[19Apr2026 10:38:01.983] [Render thread/INFO] [AE2:C/]: Scanning class appeng.server.testplots.GuidebookPlot for plots
[19Apr2026 10:38:01.983] [Render thread/INFO] [AE2:C/]: Scanning class appeng.server.testplots.SubnetPlots for plots
[19Apr2026 10:38:01.983] [Render thread/INFO] [AE2:C/]: Scanning class appeng.server.testplots.ChannelTests for plots
[19Apr2026 10:38:01.983] [Render thread/INFO] [AE2:C/]: Scanning class appeng.server.testplots.AnnihilationPlaneTests for plots
[19Apr2026 10:38:01.983] [Render thread/INFO] [AE2:C/]: Scanning class de.mari_023.ae2wtlib.AE2WTLibTestPlots for plots
[19Apr2026 10:38:02.077] [Worker-ResourceReload-0/INFO] [li.cil.oc2.common.bus.device.data.FileSystems/]: Searching for datapack filesystems...
[19Apr2026 10:38:02.078] [Worker-ResourceReload-0/INFO] [li.cil.oc2.common.bus.device.data.FileSystems/]: Found [oc2r:file_systems/rootfs.json]
[19Apr2026 10:38:02.078] [Worker-ResourceReload-7/INFO] [KubeJS Server/]: [minecraft:fluid] Found 481 tags, added 4 objects, removed 5 objects
[19Apr2026 10:38:02.122] [Worker-ResourceReload-0/INFO] [li.cil.oc2.common.bus.device.data.FileSystems/]:   Adding block device [rootfs] with id [oc2r:file_systems/rootfs.dsk] and a size of [8MB].
[19Apr2026 10:38:02.123] [Worker-ResourceReload-0/INFO] [li.cil.oc2.common.bus.device.data.FileSystems/]: Found [oc2r:file_systems/scripts.json]
[19Apr2026 10:38:02.146] [Worker-ResourceReload-0/INFO] [li.cil.oc2.common.bus.device.data.FileSystems/]:   Adding layer with [17] file(s).
[19Apr2026 10:38:02.212] [Worker-ResourceReload-2/INFO] [KubeJS Server/]: [minecraft:item] Found 4703 tags, added 24 objects, removed 5 objects
[19Apr2026 10:38:02.298] [Worker-ResourceReload-6/WARN] [AlmostUnified/]: The following tags are invalid and will be ignored: [forge:gems/osmium, forge:storage_blocks/raw_aluminum, forge:ores/lumium, forge:storage_blocks/raw_lumium, forge:nuggets/lapis, forge:plates/mithril, forge:gears/lapis, forge:ingots/constantan, forge:ingots/peridot, forge:wires/silver, forge:gears/signalum, forge:ores/aeternium, forge:gems/cobalt, forge:gems/invar, forge:plates/aeternium, forge:raw_materials/amber, forge:wires/charcoal, forge:storage_blocks/raw_enderium, forge:raw_materials/netherite, forge:storage_blocks/raw_constantan, forge:storage_blocks/raw_mithril, forge:plates/enderium, forge:ingots/potassium_nitrate, forge:ingots/sulfur, forge:wires/peridot, forge:wires/lead, forge:storage_blocks/raw_netherite, forge:plates/lumium, forge:wires/steel, forge:nuggets/ruby, forge:gems/fluorite, forge:gears/nickel, forge:wires/amethyst, forge:storage_blocks/aeternium, forge:ores/obsidian, forge:raw_materials/tungsten, forge:raw_materials/peridot, forge:gems/tin, forge:rods/charcoal, forge:gears/copper, forge:ingots/enderium, forge:wires/platinum, forge:ores/mithril, forge:gears/chrome, forge:nuggets/elementium, forge:storage_blocks/raw_electrum, forge:rods/fluorite, forge:raw_materials/coal_coke, forge:nuggets/signalum, forge:gems/gold, forge:plates/aluminum, forge:ores/amber, forge:rods/peridot, forge:gears/apatite, forge:gems/enderium, forge:rods/potassium_nitrate, forge:ores/tungsten, forge:wires/cobalt, forge:dusts/coal_coke, forge:ores/chrome, forge:raw_materials/lumium, forge:gems/aluminum, forge:wires/apatite, forge:wires/coal, forge:raw_materials/chrome, forge:raw_materials/signalum, forge:plates/elementium, forge:ores/electrum, forge:plates/fluorite, forge:wires/graphite, forge:rods/aluminum, forge:gears/ruby, forge:storage_blocks/raw_obsidian, forge:gears/coal_coke, forge:gears/mithril, forge:raw_materials/bronze, forge:wires/fluorite, forge:nuggets/diamond, forge:wires/sapphire, forge:wires/constantan, forge:raw_materials/bitumen, forge:wires/coal_coke, forge:gems/iron, forge:gems/elementium, forge:gems/nickel, forge:storage_blocks/enderium, forge:nuggets/potassium_nitrate, forge:gems/uranium, forge:wires/brass, forge:storage_blocks/raw_potassium_nitrate, forge:storage_blocks/raw_bronze, forge:plates/coal, forge:gears/amethyst, forge:gems/chrome, forge:nuggets/coal_coke, forge:storage_blocks/constantan, forge:storage_blocks/signalum, forge:dusts/aluminum, forge:plates/cinnabar, forge:wires/ruby, forge:gems/netherite, forge:rods/coal_coke, forge:ingots/cinnabar, forge:wires/aluminum, forge:wires/emerald, forge:storage_blocks/elementium, forge:gears/sulfur, forge:ores/constantan, forge:wires/signalum, forge:ores/elementium, forge:gems/electrum, forge:raw_materials/osmium, forge:rods/graphite, forge:wires/chrome, forge:plates/apatite, forge:dusts/enderium, forge:gems/aeternium, forge:ingots/bitumen, forge:nuggets/bitumen, forge:ingots/coal_coke, forge:wires/osmium, forge:plates/potassium_nitrate, forge:dusts/lumium, forge:gems/peridot, forge:ores/bitumen, forge:storage_blocks/raw_tungsten, forge:gems/bronze, forge:rods/apatite, forge:gears/graphite, forge:storage_blocks/raw_coal_coke, forge:plates/coal_coke, forge:storage_blocks/fluorite, forge:storage_blocks/raw_osmium, forge:gems/platinum, forge:storage_blocks/raw_chrome, forge:raw_materials/enderium, forge:wires/nickel, forge:gears/gold, forge:ingots/diamond, forge:wires/iridium, forge:nuggets/sapphire, forge:plates/chrome, forge:wires/lumium, forge:nuggets/charcoal, forge:gems/lumium, forge:gears/netherite, forge:ingots/aluminum, forge:wires/cinnabar, forge:gems/silver, forge:raw_materials/uranium, forge:wires/enderium, forge:gems/signalum, forge:raw_materials/aluminum, forge:nuggets/fluorite, forge:wires/bronze, forge:wires/elementium, forge:storage_blocks/raw_steel, forge:storage_blocks/chrome, forge:gears/emerald, forge:wires/obsidian, forge:nuggets/aluminum, forge:nuggets/enderium, forge:raw_materials/fluorite, forge:ingots/graphite, forge:ores/potassium_nitrate, forge:gears/silver, forge:ingots/mithril, forge:nuggets/sulfur, forge:gems/sulfur, forge:ingots/ruby, forge:storage_blocks/raw_aeternium, forge:gears/aluminum, forge:ores/brass, forge:rods/sulfur, forge:rods/cinnabar, forge:plates/signalum, forge:wires/tin, forge:ingots/elementium, forge:gears/zinc, forge:storage_blocks/coal_coke, forge:storage_blocks/raw_elementium, forge:gems/tungsten, forge:ingots/lapis, forge:storage_blocks/bitumen, forge:nuggets/mithril, forge:dusts/constantan, forge:nuggets/constantan, forge:dusts/chrome, forge:wires/sulfur, forge:storage_blocks/raw_peridot, forge:raw_materials/aeternium, forge:storage_blocks/raw_amber, forge:gems/lead, forge:wires/mithril, forge:wires/lapis, forge:wires/invar, forge:storage_blocks/potassium_nitrate, forge:raw_materials/mithril, forge:storage_blocks/amber, forge:ores/fluorite, forge:ores/coal_coke, forge:wires/bitumen, forge:gears/brass, forge:storage_blocks/lumium, forge:dusts/peridot, forge:ingots/coal, forge:nuggets/aeternium, forge:wires/aeternium, forge:gems/constantan, forge:rods/nickel, forge:gems/mithril, forge:raw_materials/potassium_nitrate, forge:gems/zinc, forge:rods/constantan, forge:storage_blocks/raw_uranium, forge:gears/bitumen, forge:plates/sulfur, forge:gears/cobalt, forge:ingots/amber, forge:gears/enderium, forge:plates/peridot, forge:gears/aeternium, forge:ingots/amethyst, forge:raw_materials/brass, forge:ingots/signalum, forge:gears/cinnabar, forge:plates/constantan, forge:gems/bitumen, forge:plates/charcoal, forge:gems/obsidian, forge:plates/graphite, forge:ores/charcoal, forge:plates/netherite, forge:rods/obsidian, forge:wires/tungsten, forge:ingots/aeternium, forge:storage_blocks/mithril, forge:wires/diamond, forge:ingots/apatite, forge:rods/netherite, forge:gems/amber, forge:ores/uranium, forge:wires/potassium_nitrate, forge:raw_materials/invar, forge:wires/uranium, forge:dusts/amber, forge:gears/lumium, forge:nuggets/cinnabar, forge:storage_blocks/aluminum, forge:nuggets/chrome, forge:dusts/signalum, forge:dusts/aeternium, forge:gears/charcoal, forge:storage_blocks/peridot, forge:rods/elementium, forge:gems/steel, forge:ingots/chrome, forge:ores/bronze, forge:raw_materials/constantan, forge:ores/enderium, forge:raw_materials/electrum, forge:plates/bitumen, forge:storage_blocks/raw_charcoal, forge:rods/chrome, forge:plates/amber, forge:gears/obsidian, forge:wires/zinc, forge:storage_blocks/raw_invar, forge:rods/enderium, forge:gears/potassium_nitrate, forge:rods/lumium, forge:gears/coal, forge:ores/invar, forge:rods/aeternium, forge:gears/platinum, forge:ores/signalum, forge:dusts/elementium, forge:ingots/lumium, forge:wires/netherite, forge:nuggets/amber, forge:nuggets/amethyst, forge:ingots/sapphire, forge:ores/aluminum, forge:gems/graphite, forge:raw_materials/charcoal, forge:ingots/fluorite, forge:gems/coal_coke, forge:nuggets/emerald, forge:gems/potassium_nitrate, forge:storage_blocks/raw_fluorite, forge:gears/peridot, forge:ingots/emerald, forge:ingots/charcoal, forge:gems/brass, forge:nuggets/graphite, forge:gears/constantan, forge:wires/amber, forge:gears/fluorite, forge:dusts/fluorite, forge:nuggets/peridot, forge:gems/copper, forge:ores/osmium, forge:storage_blocks/raw_brass, forge:ores/steel, forge:gears/tin, forge:rods/mithril, forge:storage_blocks/graphite, forge:nuggets/apatite, forge:ores/peridot, forge:ores/netherite, forge:gears/osmium, forge:storage_blocks/raw_bitumen, forge:raw_materials/obsidian, forge:gears/electrum, forge:dusts/bitumen, forge:raw_materials/elementium, forge:rods/amber, forge:gears/sapphire, forge:rods/coal, forge:nuggets/coal, forge:raw_materials/steel, forge:gems/iridium, forge:rods/bitumen, forge:storage_blocks/raw_signalum, forge:dusts/potassium_nitrate, forge:nuggets/lumium, forge:gears/elementium, forge:gears/lead, forge:storage_blocks/sulfur, forge:rods/signalum, forge:gears/amber, forge:gears/uranium, forge:dusts/mithril]
[19Apr2026 10:38:02.421] [Worker-ResourceReload-3/ERROR] [net.minecraftforge.common.ForgeHooks/]: Couldn't parse element loot_tables:expatternprovider:blocks/ex_emc_interface
com.google.gson.JsonSyntaxException: Expected name to be an item, was unknown string 'expatternprovider:ex_emc_interface'
	at net.minecraft.util.GsonHelper.m_13866_(GsonHelper.java:145) ~[client-1.20.1-20230612.114412-srg.jar%23464!/:?]
	at java.util.Optional.orElseThrow(Optional.java:403) ~[?:?]
	at net.minecraft.util.GsonHelper.m_13874_(GsonHelper.java:145) ~[client-1.20.1-20230612.114412-srg.jar%23464!/:?]
	at net.minecraft.util.GsonHelper.m_13909_(GsonHelper.java:153) ~[client-1.20.1-20230612.114412-srg.jar%23464!/:?]
	at net.minecraft.world.level.storage.loot.entries.LootItem$Serializer.m_7267_(LootItem.java:55) ~[client-1.20.1-20230612.114412-srg.jar%23464!/:?]
	at net.minecraft.world.level.storage.loot.entries.LootItem$Serializer.m_7267_(LootItem.java:40) ~[client-1.20.1-20230612.114412-srg.jar%23464!/:?]
	at net.minecraft.world.level.storage.loot.entries.LootPoolSingletonContainer$Serializer.m_5921_(LootPoolSingletonContainer.java:151) ~[client-1.20.1-20230612.114412-srg.jar%23464!/:?]
	at net.minecraft.world.level.storage.loot.entries.LootPoolSingletonContainer$Serializer.m_5921_(LootPoolSingletonContainer.java:129) ~[client-1.20.1-20230612.114412-srg.jar%23464!/:?]
	at net.minecraft.world.level.storage.loot.entries.LootPoolEntryContainer$Serializer.m_7561_(LootPoolEntryContainer.java:86) ~[client-1.20.1-20230612.114412-srg.jar%23464!/:?]
	at net.minecraft.world.level.storage.loot.entries.LootPoolEntryContainer$Serializer.m_7561_(LootPoolEntryContainer.java:74) ~[client-1.20.1-20230612.114412-srg.jar%23464!/:?]
	at net.minecraft.world.level.storage.loot.GsonAdapterFactory$JsonAdapter.deserialize(GsonAdapterFactory.java:102) ~[client-1.20.1-20230612.114412-srg.jar%23464!/:?]
	at com.google.gson.internal.bind.TreeTypeAdapter.read(TreeTypeAdapter.java:76) ~[gson-2.10.jar%2388!/:?]
	at com.google.gson.internal.bind.TypeAdapterRuntimeTypeWrapper.read(TypeAdapterRuntimeTypeWrapper.java:40) ~[gson-2.10.jar%2388!/:?]
	at com.google.gson.internal.bind.ArrayTypeAdapter.read(ArrayTypeAdapter.java:72) ~[gson-2.10.jar%2388!/:?]
	at com.google.gson.Gson.fromJson(Gson.java:1214) ~[gson-2.10.jar%2388!/:?]
	at com.google.gson.Gson.fromJson(Gson.java:1319) ~[gson-2.10.jar%2388!/:?]
	at com.google.gson.Gson.fromJson(Gson.java:1290) ~[gson-2.10.jar%2388!/:?]
	at com.google.gson.internal.bind.TreeTypeAdapter$GsonContextImpl.deserialize(TreeTypeAdapter.java:179) ~[gson-2.10.jar%2388!/:?]
	at net.minecraft.util.GsonHelper.m_13808_(GsonHelper.java:463) ~[client-1.20.1-20230612.114412-srg.jar%23464!/:?]
	at net.minecraft.util.GsonHelper.m_13836_(GsonHelper.java:471) ~[client-1.20.1-20230612.114412-srg.jar%23464!/:?]
	at net.minecraft.world.level.storage.loot.LootPool$Serializer.deserialize(LootPool.java:192) ~[client-1.20.1-20230612.114412-srg.jar%23464!/:?]
	at net.minecraft.world.level.storage.loot.LootPool$Serializer.deserialize(LootPool.java:189) ~[client-1.20.1-20230612.114412-srg.jar%23464!/:?]
	at com.google.gson.internal.bind.TreeTypeAdapter.read(TreeTypeAdapter.java:76) ~[gson-2.10.jar%2388!/:?]
	at com.google.gson.internal.bind.TypeAdapterRuntimeTypeWrapper.read(TypeAdapterRuntimeTypeWrapper.java:40) ~[gson-2.10.jar%2388!/:?]
	at com.google.gson.internal.bind.ArrayTypeAdapter.read(ArrayTypeAdapter.java:72) ~[gson-2.10.jar%2388!/:?]
	at com.google.gson.Gson.fromJson(Gson.java:1214) ~[gson-2.10.jar%2388!/:?]
	at com.google.gson.Gson.fromJson(Gson.java:1319) ~[gson-2.10.jar%2388!/:?]
	at com.google.gson.Gson.fromJson(Gson.java:1290) ~[gson-2.10.jar%2388!/:?]
	at com.google.gson.internal.bind.TreeTypeAdapter$GsonContextImpl.deserialize(TreeTypeAdapter.java:179) ~[gson-2.10.jar%2388!/:?]
	at net.minecraft.util.GsonHelper.m_13808_(GsonHelper.java:463) ~[client-1.20.1-20230612.114412-srg.jar%23464!/:?]
	at net.minecraft.util.GsonHelper.m_13845_(GsonHelper.java:481) ~[client-1.20.1-20230612.114412-srg.jar%23464!/:?]
	at net.minecraft.world.level.storage.loot.LootTable$Serializer.deserialize(LootTable.java:294) ~[client-1.20.1-20230612.114412-srg.jar%23464!/:?]
	at net.minecraft.world.level.storage.loot.LootTable$Serializer.deserialize(LootTable.java:291) ~[client-1.20.1-20230612.114412-srg.jar%23464!/:?]
	at com.google.gson.internal.bind.TreeTypeAdapter.read(TreeTypeAdapter.java:76) ~[gson-2.10.jar%2388!/:?]
	at com.google.gson.Gson.fromJson(Gson.java:1214) ~[gson-2.10.jar%2388!/:?]
	at com.google.gson.Gson.fromJson(Gson.java:1319) ~[gson-2.10.jar%2388!/:?]
	at com.google.gson.Gson.fromJson(Gson.java:1261) ~[gson-2.10.jar%2388!/:?]
	at net.minecraftforge.common.ForgeHooks.loadLootTable(ForgeHooks.java:872) ~[forge-1.20.1-47.4.16-universal.jar%23469!/:?]
	at net.minecraftforge.common.ForgeHooks.lambda$getLootTableDeserializer$3(ForgeHooks.java:849) ~[forge-1.20.1-47.4.16-universal.jar%23469!/:?]
	at net.minecraft.world.level.storage.loot.LootDataType.deserialize(LootDataType.java:45) ~[client-1.20.1-20230612.114412-srg.jar%23464!/:?]
	at net.minecraft.world.level.storage.loot.LootDataManager.lambda$scheduleElementParse$4(LootDataManager.java:56) ~[client-1.20.1-20230612.114412-srg.jar%23464!/:?]
	at java.util.HashMap.forEach(HashMap.java:1421) ~[?:?]
	at net.minecraft.world.level.storage.loot.LootDataManager.m_278660_(LootDataManager.java:55) ~[client-1.20.1-20230612.114412-srg.jar%23464!/:?]
	at java.util.concurrent.CompletableFuture$AsyncRun.run(CompletableFuture.java:1804) ~[?:?]
	at java.util.concurrent.CompletableFuture$AsyncRun.exec(CompletableFuture.java:1796) ~[?:?]
	at java.util.concurrent.ForkJoinTask.doExec(ForkJoinTask.java:373) ~[?:?]
	at java.util.concurrent.ForkJoinPool$WorkQueue.topLevelExec(ForkJoinPool.java:1182) ~[?:?]
	at java.util.concurrent.ForkJoinPool.scan(ForkJoinPool.java:1655) ~[?:?]
	at java.util.concurrent.ForkJoinPool.runWorker(ForkJoinPool.java:1622) ~[?:?]
	at java.util.concurrent.ForkJoinWorkerThread.run(ForkJoinWorkerThread.java:165) ~[?:?]
[19Apr2026 10:38:02.882] [Render thread/WARN] [AlmostUnified/]: Recipe count: 51736
[19Apr2026 10:38:07.074] [Render thread/WARN] [AlmostUnified/]: Recipe count afterwards: 50426 (done in 4.192 s)
[19Apr2026 10:38:07.076] [Render thread/INFO] [KubeJS Server/]: Processing recipes...
[19Apr2026 10:38:07.932] [Render thread/INFO] [KubeJS Server/]: Found 49565 recipes in 855.3 ms
[19Apr2026 10:38:07.952] [KubeJS Recipe Event Worker 0/WARN] [com.simibubi.create.Create/]: Your custom createaddition:rolling/electrum_plate recipe (createaddition:rolling/electrum_plate) specified a duration. Durations have no impact on this type of recipe.
[19Apr2026 10:38:07.953] [KubeJS Recipe Event Worker 0/WARN] [com.simibubi.create.Create/]: Your custom createaddition:rolling/brass_ingot recipe (createaddition:rolling/brass_ingot) specified a duration. Durations have no impact on this type of recipe.
[19Apr2026 10:38:07.956] [KubeJS Recipe Event Worker 0/WARN] [com.simibubi.create.Create/]: Your custom createaddition:rolling/iron_ingot recipe (createaddition:rolling/iron_ingot) specified a duration. Durations have no impact on this type of recipe.
[19Apr2026 10:38:07.956] [KubeJS Recipe Event Worker 0/WARN] [com.simibubi.create.Create/]: Your custom createaddition:rolling/copper_ingot recipe (createaddition:rolling/copper_ingot) specified a duration. Durations have no impact on this type of recipe.
[19Apr2026 10:38:07.960] [KubeJS Recipe Event Worker 0/WARN] [com.simibubi.create.Create/]: Your custom createaddition:rolling/copper_plate recipe (createaddition:rolling/copper_plate) specified a duration. Durations have no impact on this type of recipe.
[19Apr2026 10:38:07.964] [KubeJS Recipe Event Worker 0/WARN] [com.simibubi.create.Create/]: Your custom createaddition:rolling/straw recipe (createaddition:rolling/straw) specified a duration. Durations have no impact on this type of recipe.
[19Apr2026 10:38:07.998] [KubeJS Recipe Event Worker 0/WARN] [com.simibubi.create.Create/]: Your custom createaddition:rolling/gold_ingot recipe (createaddition:rolling/gold_ingot) specified a duration. Durations have no impact on this type of recipe.
[19Apr2026 10:38:08.001] [KubeJS Recipe Event Worker 0/WARN] [com.simibubi.create.Create/]: Your custom createaddition:rolling/gold_plate recipe (createaddition:rolling/gold_plate) specified a duration. Durations have no impact on this type of recipe.
[19Apr2026 10:38:08.005] [KubeJS Recipe Event Worker 0/WARN] [com.simibubi.create.Create/]: Your custom createaddition:rolling/iron_plate recipe (createaddition:rolling/iron_plate) specified a duration. Durations have no impact on this type of recipe.
[19Apr2026 10:38:08.016] [KubeJS Recipe Event Worker 0/WARN] [com.simibubi.create.Create/]: Your custom createaddition:rolling/electrum_ingot recipe (createaddition:rolling/electrum_ingot) specified a duration. Durations have no impact on this type of recipe.
[19Apr2026 10:38:08.544] [Render thread/ERROR] [KubeJS Server/]: elden_ring.js#4: Failed to create recipe for type 'kubejs:shaped': ItemStack 'result' can't be empty!
[19Apr2026 10:38:08.546] [Render thread/ERROR] [KubeJS Server/]: elden_ring.js#10: Failed to create recipe for type 'kubejs:shaped': ItemStack 'result' can't be empty!
[19Apr2026 10:38:08.547] [Render thread/ERROR] [KubeJS Server/]: elden_ring.js#17: Failed to create recipe for type 'kubejs:shaped': ItemStack 'result' can't be empty!
[19Apr2026 10:38:09.253] [Render thread/INFO] [KubeJS Server/]: Posted recipe events in 1.321 s
[19Apr2026 10:38:09.498] [KubeJS Recipe Event Worker 0/ERROR] [GregTechCEu/]: No key duration in MapLike[{"type":"gtceu:forming_press","inputs":{"item":[{"content":{"type":"gtceu:sized","count":1,"ingredient":{"tag":"forge:plates/certus_quartz"}},"chance":10000,"maxChance":10000,"tierChanceBoost":0},{"content":{"type":"gtceu:sized","count":1,"ingredient":{"item":"ae2:calculation_processor_press"}},"chance":0,"maxChance":10000,"tierChanceBoost":0}]},"outputs":{"item":[{"content":{"type":"gtceu:sized","count":1,"ingredient":{"item":"ae2:printed_calculation_processor"}},"chance":10000,"maxChance":10000,"tierChanceBoost":0}]}}]
[19Apr2026 10:38:09.500] [KubeJS Recipe Event Worker 0/WARN] [KubeJS Server/]: Error parsing recipe create:kjs/b913epj5q9h33npb4c4x3gxy7[create:milling]: {"type":"create:milling","results":[{"fluid":"gtceu:rose_quartz_dust","amount":1000}],"ingredients":[{"tag":"forge:gems/rose_quartz"}],"processingTime":100}: Invalid empty fluid 'gtceu:rose_quartz_dust'
[19Apr2026 10:38:09.500] [KubeJS Recipe Event Worker 0/WARN] [KubeJS Server/]: Error parsing recipe create:kjs/8q075j0imtpwdkzcyt6ejpgqo[create:milling]: {"type":"create:milling","results":[{"fluid":"minecraft:4x","amount":1000}],"ingredients":[{"fluid":"minecraft:empty","nbt":{},"amount":0}],"processingTime":100}: Invalid empty fluid 'minecraft:empty'
[19Apr2026 10:38:09.502] [KubeJS Recipe Event Worker 0/WARN] [KubeJS Server/]: Error parsing recipe gtceu:forming_press/printed_calculation_circuit[gtceu:forming_press]: {"type":"gtceu:forming_press","inputs":{"item":[{"content":{"type":"gtceu:sized","count":1,"ingredient":{"tag":"forge:plates/certus_quartz"}},"chance":10000,"maxChance":10000,"tierChanceBoost":0},{"content":{"type":"gtceu:sized","count":1,"ingredient":{"item":"ae2:calculation_processor_press"}},"chance":0,"maxChance":10000,"tierChanceBoost":0}]},"outputs":{"item":[{"content":{"type":"gtceu:sized","count":1,"ingredient":{"item":"ae2:printed_calculation_processor"}},"chance":10000,"maxChance":10000,"tierChanceBoost":0}]}}: No key duration in MapLike[{"type":"gtceu:forming_press","inputs":{"item":[{"content":{"type":"gtceu:sized","count":1,"ingredient":{"tag":"forge:plates/certus_quartz"}},"chance":10000,"maxChance":10000,"tierChanceBoost":0},{"content":{"type":"gtceu:sized","count":1,"ingredient":{"item":"ae2:calculation_processor_press"}},"chance":0,"maxChance":10000,"tierChanceBoost":0}]},"outputs":{"item":[{"content":{"type":"gtceu:sized","count":1,"ingredient":{"item":"ae2:printed_calculation_processor"}},"chance":10000,"maxChance":10000,"tierChanceBoost":0}]}}]
[19Apr2026 10:38:09.503] [KubeJS Recipe Event Worker 0/WARN] [KubeJS Server/]: Error parsing recipe create:kjs/882hr2v7ng0nv9d87gmud1d8n[create:milling]: {"type":"create:milling","results":[{"fluid":"minecraft:2x","amount":1000}],"ingredients":[{"fluid":"minecraft:empty","nbt":{},"amount":0}],"processingTime":100}: Invalid empty fluid 'minecraft:empty'
[19Apr2026 10:38:09.506] [KubeJS Recipe Event Worker 0/WARN] [KubeJS Server/]: Error parsing recipe minecraft:kjs/gtceu_lv_item_magnet[kubejs:shapeless]: {"type":"minecraft:crafting_shapeless","result":{"item":"gtceu:lv_item_magnet","count":1},"ingredients":[[]]}: Item array cannot be empty, at least one item must be defined
[19Apr2026 10:38:09.506] [KubeJS Recipe Event Worker 0/WARN] [KubeJS Server/]: Error parsing recipe minecraft:kjs/gtceu_hv_item_magnet[kubejs:shapeless]: {"type":"minecraft:crafting_shapeless","result":{"item":"gtceu:hv_item_magnet","count":1},"ingredients":[[]]}: Item array cannot be empty, at least one item must be defined
[19Apr2026 10:38:09.793] [Render thread/WARN] [GregTechCEu/]: failed to add recipe from staging into lookup DB: gtceu:smelting/smelt_andesite_ruby_ore_to_ingot
[19Apr2026 10:38:09.793] [Render thread/WARN] [GregTechCEu/]: failed to add recipe from staging into lookup DB: minecraft:iron_ingot_from_smelting_deepslate_iron_ore
[19Apr2026 10:38:09.795] [Render thread/WARN] [GregTechCEu/]: failed to add recipe from staging into lookup DB: ad_astra:smelting/coal_from_smelting_glacio_coal_ore
[19Apr2026 10:38:09.795] [Render thread/WARN] [GregTechCEu/]: failed to add recipe from staging into lookup DB: gtceu:smelting/smelt_andesite_emerald_ore_to_ingot
[19Apr2026 10:38:09.795] [Render thread/WARN] [GregTechCEu/]: failed to add recipe from staging into lookup DB: minecraft:emerald_from_smelting_deepslate_emerald_ore
[19Apr2026 10:38:09.795] [Render thread/WARN] [GregTechCEu/]: failed to add recipe from staging into lookup DB: gtceu:smelting/smelt_basalt_copper_ore_to_ingot
[19Apr2026 10:38:09.795] [Render thread/WARN] [GregTechCEu/]: failed to add recipe from staging into lookup DB: gtceu:smelting/smelt_basalt_nickel_ore_to_ingot
[19Apr2026 10:38:09.796] [Render thread/WARN] [GregTechCEu/]: failed to add recipe from staging into lookup DB: gtceu:smelting/smelt_andesite_gold_ore_to_ingot
[19Apr2026 10:38:09.796] [Render thread/WARN] [GregTechCEu/]: failed to add recipe from staging into lookup DB: create:smelting/zinc_ingot_from_raw_ore
[19Apr2026 10:38:09.796] [Render thread/WARN] [GregTechCEu/]: failed to add recipe from staging into lookup DB: minecraft:diamond_from_smelting_deepslate_diamond_ore
[19Apr2026 10:38:09.797] [Render thread/WARN] [GregTechCEu/]: failed to add recipe from staging into lookup DB: gtceu:smelting/smelt_amethyst_ore_to_ingot
[19Apr2026 10:38:09.797] [Render thread/WARN] [GregTechCEu/]: failed to add recipe from staging into lookup DB: gtceu:smelting/smelt_andesite_apatite_ore_to_ingot
[19Apr2026 10:38:09.798] [Render thread/WARN] [GregTechCEu/]: failed to add recipe from staging into lookup DB: gtceu:smelting/smelt_basalt_iron_ore_to_ingot
[19Apr2026 10:38:09.798] [Render thread/WARN] [GregTechCEu/]: failed to add recipe from staging into lookup DB: gtceu:smelting/smelt_andesite_copper_ore_to_ingot
[19Apr2026 10:38:09.798] [Render thread/WARN] [GregTechCEu/]: failed to add recipe from staging into lookup DB: minecraft:gold_ingot_from_smelting_deepslate_gold_ore
[19Apr2026 10:38:09.799] [Render thread/WARN] [GregTechCEu/]: failed to add recipe from staging into lookup DB: gtceu:smelting/smelt_andesite_coal_ore_to_ingot
[19Apr2026 10:38:09.799] [Render thread/WARN] [GregTechCEu/]: failed to add recipe from staging into lookup DB: gtceu:smelting/smelt_andesite_graphite_ore_to_ingot
[19Apr2026 10:38:09.799] [Render thread/WARN] [GregTechCEu/]: failed to add recipe from staging into lookup DB: gtceu:smelting/smelt_andesite_cinnabar_ore_to_ingot
[19Apr2026 10:38:09.799] [Render thread/WARN] [GregTechCEu/]: failed to add recipe from staging into lookup DB: create:smelting/zinc_ingot_from_ore
[19Apr2026 10:38:09.799] [Render thread/WARN] [GregTechCEu/]: failed to add recipe from staging into lookup DB: gtceu:smelting/smelt_basalt_lead_ore_to_ingot
[19Apr2026 10:38:09.799] [Render thread/WARN] [GregTechCEu/]: failed to add recipe from staging into lookup DB: gtceu:smelting/smelt_andesite_sulfur_ore_to_ingot
[19Apr2026 10:38:09.799] [Render thread/WARN] [GregTechCEu/]: failed to add recipe from staging into lookup DB: minecraft:lapis_lazuli_from_smelting_deepslate_lapis_ore
[19Apr2026 10:38:09.799] [Render thread/WARN] [GregTechCEu/]: failed to add recipe from staging into lookup DB: gtceu:smelting/smelt_basalt_zinc_ore_to_ingot
[19Apr2026 10:38:09.800] [Render thread/WARN] [GregTechCEu/]: failed to add recipe from staging into lookup DB: gtceu:smelting/smelt_andesite_diamond_ore_to_ingot
[19Apr2026 10:38:09.800] [Render thread/WARN] [GregTechCEu/]: failed to add recipe from staging into lookup DB: gtceu:smelting/smelt_andesite_sapphire_ore_to_ingot
[19Apr2026 10:38:09.800] [Render thread/WARN] [GregTechCEu/]: failed to add recipe from staging into lookup DB: gtceu:smelting/smelt_basalt_tin_ore_to_ingot
[19Apr2026 10:38:09.800] [Render thread/WARN] [GregTechCEu/]: failed to add recipe from staging into lookup DB: gtceu:smelting/smelt_basalt_cobalt_ore_to_ingot
[19Apr2026 10:38:09.800] [Render thread/WARN] [GregTechCEu/]: failed to add recipe from staging into lookup DB: gtceu:smelting/smelt_basalt_platinum_ore_to_ingot
[19Apr2026 10:38:09.801] [Render thread/WARN] [GregTechCEu/]: failed to add recipe from staging into lookup DB: gtceu:smelting/smelt_andesite_silver_ore_to_ingot
[19Apr2026 10:38:09.801] [Render thread/WARN] [GregTechCEu/]: failed to add recipe from staging into lookup DB: gtceu:smelting/smelt_basalt_lapis_ore_to_ingot
[19Apr2026 10:38:10.133] [Render thread/WARN] [GregTechCEu/]: failed to add recipe from staging into lookup DB: gtceu:macerator/macerate_red_sand_iridium_ore_to_crushed_ore
[19Apr2026 10:38:10.133] [Render thread/WARN] [GregTechCEu/]: failed to add recipe from staging into lookup DB: gtceu:macerator/macerate_gravel_gold_ore_to_crushed_ore
[19Apr2026 10:38:10.133] [Render thread/WARN] [GregTechCEu/]: failed to add recipe from staging into lookup DB: gtceu:macerator/macerate_gravel_cinnabar_ore_to_crushed_ore
[19Apr2026 10:38:10.133] [Render thread/WARN] [GregTechCEu/]: failed to add recipe from staging into lookup DB: gtceu:macerator/macerate_netherrack_amethyst_ore_to_crushed_ore
[19Apr2026 10:38:10.133] [Render thread/WARN] [GregTechCEu/]: failed to add recipe from staging into lookup DB: gtceu:macerator/macerate_endstone_graphite_ore_to_crushed_ore
[19Apr2026 10:38:10.133] [Render thread/WARN] [GregTechCEu/]: failed to add recipe from staging into lookup DB: gtceu:macerator/macerate_red_granite_platinum_ore_to_crushed_ore
[19Apr2026 10:38:10.133] [Render thread/WARN] [GregTechCEu/]: failed to add recipe from staging into lookup DB: gtceu:macerator/macerate_glacio_lapis_ore_to_crushed_ore
[19Apr2026 10:38:10.133] [Render thread/WARN] [GregTechCEu/]: failed to add recipe from staging into lookup DB: gtceu:macerator/macerate_marble_platinum_ore_to_crushed_ore
[19Apr2026 10:38:10.134] [Render thread/WARN] [GregTechCEu/]: failed to add recipe from staging into lookup DB: gtceu:macerator/macerate_deepslate_ruby_ore_to_crushed_ore
[19Apr2026 10:38:10.134] [Render thread/WARN] [GregTechCEu/]: failed to add recipe from staging into lookup DB: gtceu:macerator/macerate_granite_platinum_ore_to_crushed_ore
[19Apr2026 10:38:10.134] [Render thread/WARN] [GregTechCEu/]: failed to add recipe from staging into lookup DB: gtceu:macerator/macerate_andesite_nickel_ore_to_crushed_ore
[19Apr2026 10:38:10.134] [Render thread/WARN] [GregTechCEu/]: failed to add recipe from staging into lookup DB: gtceu:macerator/macerate_netherrack_lead_ore_to_crushed_ore
[19Apr2026 10:38:10.134] [Render thread/WARN] [GregTechCEu/]: failed to add recipe from staging into lookup DB: gtceu:macerator/macerate_endstone_iridium_ore_to_crushed_ore
[19Apr2026 10:38:10.134] [Render thread/WARN] [GregTechCEu/]: failed to add recipe from staging into lookup DB: gtceu:macerator/macerate_lapis_ore_to_crushed_ore
[19Apr2026 10:38:10.134] [Render thread/WARN] [GregTechCEu/]: failed to add recipe from staging into lookup DB: gtceu:macerator/macerate_deepslate_cobalt_ore_to_crushed_ore
[19Apr2026 10:38:10.134] [Render thread/WARN] [GregTechCEu/]: failed to add recipe from staging into lookup DB: gtceu:macerator/macerate_diorite_silver_ore_to_crushed_ore
[19Apr2026 10:38:10.134] [Render thread/WARN] [GregTechCEu/]: failed to add recipe from staging into lookup DB: gtceu:macerator/macerate_granite_amethyst_ore_to_crushed_ore
[19Apr2026 10:38:10.135] [Render thread/WARN] [GregTechCEu/]: failed to add recipe from staging into lookup DB: gtceu:macerator/macerate_granite_lead_ore_to_crushed_ore
[19Apr2026 10:38:10.135] [Render thread/WARN] [GregTechCEu/]: failed to add recipe from staging into lookup DB: gtceu:macerator/macerate_marble_silver_ore_to_crushed_ore
[19Apr2026 10:38:10.135] [Render thread/WARN] [GregTechCEu/]: failed to add recipe from staging into lookup DB: gtceu:macerator/macerate_netherrack_cinnabar_ore_to_crushed_ore
[19Apr2026 10:38:10.135] [Render thread/WARN] [GregTechCEu/]: failed to add recipe from staging into lookup DB: gtceu:macerator/macerate_platinum_ore_to_crushed_ore
[19Apr2026 10:38:10.135] [Render thread/WARN] [GregTechCEu/]: failed to add recipe from staging into lookup DB: gtceu:macerator/macerate_blackstone_iron_ore_to_crushed_ore
[19Apr2026 10:38:10.135] [Render thread/WARN] [GregTechCEu/]: failed to add recipe from staging into lookup DB: gtceu:macerator/macerate_amethyst_ore_to_crushed_ore
[19Apr2026 10:38:10.135] [Render thread/WARN] [GregTechCEu/]: failed to add recipe from staging into lookup DB: gtceu:macerator/macerate_red_granite_cinnabar_ore_to_crushed_ore
[19Apr2026 10:38:10.135] [Render thread/WARN] [GregTechCEu/]: failed to add recipe from staging into lookup DB: gtceu:macerator/macerate_red_sand_graphite_ore_to_crushed_ore
[19Apr2026 10:38:10.135] [Render thread/WARN] [GregTechCEu/]: failed to add recipe from staging into lookup DB: gtceu:macerator/macerate_tuff_tin_ore_to_crushed_ore
[19Apr2026 10:38:10.135] [Render thread/WARN] [GregTechCEu/]: failed to add recipe from staging into lookup DB: gtceu:macerator/macerate_deepslate_iron_ore_to_crushed_ore
[19Apr2026 10:38:10.135] [Render thread/WARN] [GregTechCEu/]: failed to add recipe from staging into lookup DB: gtceu:macerator/macerate_marble_gold_ore_to_crushed_ore
[19Apr2026 10:38:10.135] [Render thread/WARN] [GregTechCEu/]: failed to add recipe from staging into lookup DB: gtceu:macerator/macerate_blackstone_lapis_ore_to_crushed_ore
[19Apr2026 10:38:10.135] [Render thread/WARN] [GregTechCEu/]: failed to add recipe from staging into lookup DB: gtceu:macerator/macerate_red_granite_iridium_ore_to_crushed_ore
[19Apr2026 10:38:10.136] [Render thread/WARN] [GregTechCEu/]: failed to add recipe from staging into lookup DB: gtceu:macerator/macerate_andesite_iridium_ore_to_crushed_ore
[19Apr2026 10:38:10.136] [Render thread/WARN] [GregTechCEu/]: failed to add recipe from staging into lookup DB: gtceu:macerator/macerate_red_granite_lead_ore_to_crushed_ore
[19Apr2026 10:38:10.136] [Render thread/WARN] [GregTechCEu/]: failed to add recipe from staging into lookup DB: gtceu:macerator/macerate_granite_copper_ore_to_crushed_ore
[19Apr2026 10:38:10.136] [Render thread/WARN] [GregTechCEu/]: failed to add recipe from staging into lookup DB: gtceu:macerator/macerate_granite_ruby_ore_to_crushed_ore
[19Apr2026 10:38:10.136] [Render thread/WARN] [GregTechCEu/]: failed to add recipe from staging into lookup DB: gtceu:macerator/macerate_blackstone_gold_ore_to_crushed_ore
[19Apr2026 10:38:10.136] [Render thread/WARN] [GregTechCEu/]: failed to add recipe from staging into lookup DB: gtceu:macerator/macerate_andesite_sulfur_ore_to_crushed_ore
[19Apr2026 10:38:10.136] [Render thread/WARN] [GregTechCEu/]: failed to add recipe from staging into lookup DB: gtceu:macerator/macerate_red_sand_emerald_ore_to_crushed_ore
[19Apr2026 10:38:10.136] [Render thread/WARN] [GregTechCEu/]: failed to add recipe from staging into lookup DB: gtceu:macerator/macerate_andesite_sapphire_ore_to_crushed_ore
[19Apr2026 10:38:10.136] [Render thread/WARN] [GregTechCEu/]: failed to add recipe from staging into lookup DB: gtceu:macerator/macerate_deepslate_sulfur_ore_to_crushed_ore
[19Apr2026 10:38:10.136] [Render thread/WARN] [GregTechCEu/]: failed to add recipe from staging into lookup DB: gtceu:macerator/macerate_deepslate_lead_ore_to_crushed_ore
[19Apr2026 10:38:10.136] [Render thread/WARN] [GregTechCEu/]: failed to add recipe from staging into lookup DB: gtceu:macerator/macerate_iridium_ore_to_crushed_ore
[19Apr2026 10:38:10.136] [Render thread/WARN] [GregTechCEu/]: failed to add recipe from staging into lookup DB: gtceu:macerator/macerate_red_granite_amethyst_ore_to_crushed_ore
[19Apr2026 10:38:10.137] [Render thread/WARN] [GregTechCEu/]: failed to add recipe from staging into lookup DB: gtceu:macerator/macerate_basalt_graphite_ore_to_crushed_ore
[19Apr2026 10:38:10.137] [Render thread/WARN] [GregTechCEu/]: failed to add recipe from staging into lookup DB: gtceu:macerator/macerate_diorite_graphite_ore_to_crushed_ore
[19Apr2026 10:38:10.137] [Render thread/WARN] [GregTechCEu/]: failed to add recipe from staging into lookup DB: gtceu:macerator/macerate_diorite_diamond_ore_to_crushed_ore
[19Apr2026 10:38:10.137] [Render thread/WARN] [GregTechCEu/]: failed to add recipe from staging into lookup DB: gtceu:macerator/macerate_glacio_nickel_ore_to_crushed_ore
[19Apr2026 10:38:10.137] [Render thread/WARN] [GregTechCEu/]: failed to add recipe from staging into lookup DB: gtceu:macerator/macerate_granite_zinc_ore_to_crushed_ore
[19Apr2026 10:38:10.137] [Render thread/WARN] [GregTechCEu/]: failed to add recipe from staging into lookup DB: gtceu:macerator/macerate_cinnabar_ore_to_crushed_ore
[19Apr2026 10:38:10.137] [Render thread/WARN] [GregTechCEu/]: failed to add recipe from staging into lookup DB: gtceu:macerator/macerate_glacio_sapphire_ore_to_crushed_ore
[19Apr2026 10:38:10.138] [Render thread/WARN] [GregTechCEu/]: failed to add recipe from staging into lookup DB: gtceu:macerator/macerate_red_sand_lapis_ore_to_crushed_ore
[19Apr2026 10:38:10.138] [Render thread/WARN] [GregTechCEu/]: failed to add recipe from staging into lookup DB: gtceu:macerator/macerate_glacio_iron_ore_to_crushed_ore
[19Apr2026 10:38:10.138] [Render thread/WARN] [GregTechCEu/]: failed to add recipe from staging into lookup DB: gtceu:macerator/macerate_diorite_nickel_ore_to_crushed_ore
[19Apr2026 10:38:10.138] [Render thread/WARN] [GregTechCEu/]: failed to add recipe from staging into lookup DB: gtceu:macerator/macerate_copper_ore_to_crushed_ore
[19Apr2026 10:38:10.138] [Render thread/WARN] [GregTechCEu/]: failed to add recipe from staging into lookup DB: gtceu:macerator/macerate_gravel_platinum_ore_to_crushed_ore
[19Apr2026 10:38:10.138] [Render thread/WARN] [GregTechCEu/]: failed to add recipe from staging into lookup DB: gtceu:macerator/macerate_basalt_diamond_ore_to_crushed_ore
[19Apr2026 10:38:10.138] [Render thread/WARN] [GregTechCEu/]: failed to add recipe from staging into lookup DB: gtceu:macerator/macerate_andesite_tin_ore_to_crushed_ore
[19Apr2026 10:38:10.138] [Render thread/WARN] [GregTechCEu/]: failed to add recipe from staging into lookup DB: gtceu:macerator/macerate_diorite_zinc_ore_to_crushed_ore
[19Apr2026 10:38:10.139] [Render thread/WARN] [GregTechCEu/]: failed to add recipe from staging into lookup DB: gtceu:macerator/macerate_diorite_sulfur_ore_to_crushed_ore
[19Apr2026 10:38:10.139] [Render thread/WARN] [GregTechCEu/]: failed to add recipe from staging into lookup DB: gtceu:macerator/macerate_basalt_ruby_ore_to_crushed_ore
[19Apr2026 10:38:10.139] [Render thread/WARN] [GregTechCEu/]: failed to add recipe from staging into lookup DB: gtceu:macerator/macerate_netherrack_ruby_ore_to_crushed_ore
[19Apr2026 10:38:10.139] [Render thread/WARN] [GregTechCEu/]: failed to add recipe from staging into lookup DB: gtceu:macerator/macerate_basalt_copper_ore_to_crushed_ore
[19Apr2026 10:38:10.139] [Render thread/WARN] [GregTechCEu/]: failed to add recipe from staging into lookup DB: gtceu:macerator/macerate_deepslate_emerald_ore_to_crushed_ore
[19Apr2026 10:38:10.139] [Render thread/WARN] [GregTechCEu/]: failed to add recipe from staging into lookup DB: gtceu:macerator/macerate_granite_tin_ore_to_crushed_ore
[19Apr2026 10:38:10.139] [Render thread/WARN] [GregTechCEu/]: failed to add recipe from staging into lookup DB: gtceu:macerator/macerate_tuff_platinum_ore_to_crushed_ore
[19Apr2026 10:38:10.139] [Render thread/WARN] [GregTechCEu/]: failed to add recipe from staging into lookup DB: gtceu:macerator/macerate_gravel_tin_ore_to_crushed_ore
[19Apr2026 10:38:10.139] [Render thread/WARN] [GregTechCEu/]: failed to add recipe from staging into lookup DB: gtceu:macerator/macerate_diorite_lead_ore_to_crushed_ore
[19Apr2026 10:38:10.139] [Render thread/WARN] [GregTechCEu/]: failed to add recipe from staging into lookup DB: gtceu:macerator/macerate_deepslate_zinc_ore_to_crushed_ore
[19Apr2026 10:38:10.139] [Render thread/WARN] [GregTechCEu/]: failed to add recipe from staging into lookup DB: gtceu:macerator/macerate_granite_gold_ore_to_crushed_ore
[19Apr2026 10:38:10.139] [Render thread/WARN] [GregTechCEu/]: failed to add recipe from staging into lookup DB: gtceu:macerator/macerate_glacio_cinnabar_ore_to_crushed_ore
[19Apr2026 10:38:10.140] [Render thread/WARN] [GregTechCEu/]: failed to add recipe from staging into lookup DB: gtceu:macerator/macerate_netherrack_nickel_ore_to_crushed_ore
[19Apr2026 10:38:10.140] [Render thread/WARN] [GregTechCEu/]: failed to add recipe from staging into lookup DB: gtceu:macerator/macerate_netherrack_diamond_ore_to_crushed_ore
[19Apr2026 10:38:10.140] [Render thread/WARN] [GregTechCEu/]: failed to add recipe from staging into lookup DB: gtceu:macerator/macerate_tuff_amethyst_ore_to_crushed_ore
[19Apr2026 10:38:10.140] [Render thread/WARN] [GregTechCEu/]: failed to add recipe from staging into lookup DB: gtceu:macerator/macerate_endstone_lapis_ore_to_crushed_ore
[19Apr2026 10:38:10.140] [Render thread/WARN] [GregTechCEu/]: failed to add recipe from staging into lookup DB: gtceu:macerator/macerate_nickel_ore_to_crushed_ore
[19Apr2026 10:38:10.140] [Render thread/WARN] [GregTechCEu/]: failed to add recipe from staging into lookup DB: gtceu:macerator/macerate_netherrack_lapis_ore_to_crushed_ore
[19Apr2026 10:38:10.140] [Render thread/WARN] [GregTechCEu/]: failed to add recipe from staging into lookup DB: gtceu:macerator/macerate_lead_ore_to_crushed_ore
[19Apr2026 10:38:10.140] [Render thread/WARN] [GregTechCEu/]: failed to add recipe from staging into lookup DB: gtceu:macerator/macerate_blackstone_iridium_ore_to_crushed_ore
[19Apr2026 10:38:10.140] [Render thread/WARN] [GregTechCEu/]: failed to add recipe from staging into lookup DB: gtceu:macerator/macerate_granite_cobalt_ore_to_crushed_ore
[19Apr2026 10:38:10.140] [Render thread/WARN] [GregTechCEu/]: failed to add recipe from staging into lookup DB: gtceu:macerator/macerate_diorite_amethyst_ore_to_crushed_ore
[19Apr2026 10:38:10.140] [Render thread/WARN] [GregTechCEu/]: failed to add recipe from staging into lookup DB: gtceu:macerator/macerate_red_granite_graphite_ore_to_crushed_ore
[19Apr2026 10:38:10.140] [Render thread/WARN] [GregTechCEu/]: failed to add recipe from staging into lookup DB: gtceu:macerator/macerate_gravel_iridium_ore_to_crushed_ore
[19Apr2026 10:38:10.140] [Render thread/WARN] [GregTechCEu/]: failed to add recipe from staging into lookup DB: gtceu:macerator/macerate_gravel_sapphire_ore_to_crushed_ore
[19Apr2026 10:38:10.140] [Render thread/WARN] [GregTechCEu/]: failed to add recipe from staging into lookup DB: gtceu:macerator/macerate_endstone_platinum_ore_to_crushed_ore
[19Apr2026 10:38:10.140] [Render thread/WARN] [GregTechCEu/]: failed to add recipe from staging into lookup DB: gtceu:macerator/macerate_granite_sapphire_ore_to_crushed_ore
[19Apr2026 10:38:10.140] [Render thread/WARN] [GregTechCEu/]: failed to add recipe from staging into lookup DB: gtceu:macerator/macerate_glacio_diamond_ore_to_crushed_ore
[19Apr2026 10:38:10.140] [Render thread/WARN] [GregTechCEu/]: failed to add recipe from staging into lookup DB: gtceu:macerator/macerate_gravel_nickel_ore_to_crushed_ore
[19Apr2026 10:38:10.140] [Render thread/WARN] [GregTechCEu/]: failed to add recipe from staging into lookup DB: gtceu:macerator/macerate_diorite_platinum_ore_to_crushed_ore
[19Apr2026 10:38:10.140] [Render thread/WARN] [GregTechCEu/]: failed to add recipe from staging into lookup DB: gtceu:macerator/macerate_andesite_coal_ore_to_crushed_ore
[19Apr2026 10:38:10.140] [Render thread/WARN] [GregTechCEu/]: failed to add recipe from staging into lookup DB: gtceu:macerator/macerate_marble_ruby_ore_to_crushed_ore
[19Apr2026 10:38:10.141] [Render thread/WARN] [GregTechCEu/]: failed to add recipe from staging into lookup DB: gtceu:macerator/macerate_zinc_ore_to_crushed_ore
[19Apr2026 10:38:10.141] [Render thread/WARN] [GregTechCEu/]: failed to add recipe from staging into lookup DB: gtceu:macerator/macerate_diorite_apatite_ore_to_crushed_ore
[19Apr2026 10:38:10.141] [Render thread/WARN] [GregTechCEu/]: failed to add recipe from staging into lookup DB: gtceu:macerator/macerate_blackstone_sapphire_ore_to_crushed_ore
[19Apr2026 10:38:10.141] [Render thread/WARN] [GregTechCEu/]: failed to add recipe from staging into lookup DB: gtceu:macerator/macerate_endstone_ruby_ore_to_crushed_ore
[19Apr2026 10:38:10.141] [Render thread/WARN] [GregTechCEu/]: failed to add recipe from staging into lookup DB: gtceu:macerator/macerate_granite_emerald_ore_to_crushed_ore
[19Apr2026 10:38:10.141] [Render thread/WARN] [GregTechCEu/]: failed to add recipe from staging into lookup DB: gtceu:macerator/macerate_blackstone_apatite_ore_to_crushed_ore
[19Apr2026 10:38:10.141] [Render thread/WARN] [GregTechCEu/]: failed to add recipe from staging into lookup DB: gtceu:macerator/macerate_endstone_gold_ore_to_crushed_ore
[19Apr2026 10:38:10.142] [Render thread/WARN] [GregTechCEu/]: failed to add recipe from staging into lookup DB: gtceu:macerator/macerate_blackstone_tin_ore_to_crushed_ore
[19Apr2026 10:38:10.142] [Render thread/WARN] [GregTechCEu/]: failed to add recipe from staging into lookup DB: gtceu:macerator/macerate_netherrack_iron_ore_to_crushed_ore
[19Apr2026 10:38:10.142] [Render thread/WARN] [GregTechCEu/]: failed to add recipe from staging into lookup DB: gtceu:macerator/macerate_endstone_iron_ore_to_crushed_ore
[19Apr2026 10:38:10.142] [Render thread/WARN] [GregTechCEu/]: failed to add recipe from staging into lookup DB: gtceu:macerator/macerate_endstone_cinnabar_ore_to_crushed_ore
[19Apr2026 10:38:10.142] [Render thread/WARN] [GregTechCEu/]: failed to add recipe from staging into lookup DB: gtceu:macerator/macerate_marble_iron_ore_to_crushed_ore
[19Apr2026 10:38:10.143] [Render thread/WARN] [GregTechCEu/]: failed to add recipe from staging into lookup DB: gtceu:macerator/macerate_red_granite_cobalt_ore_to_crushed_ore
[19Apr2026 10:38:10.143] [Render thread/WARN] [GregTechCEu/]: failed to add recipe from staging into lookup DB: gtceu:macerator/macerate_deepslate_cinnabar_ore_to_crushed_ore
[19Apr2026 10:38:10.143] [Render thread/WARN] [GregTechCEu/]: failed to add recipe from staging into lookup DB: gtceu:macerator/macerate_red_granite_nickel_ore_to_crushed_ore
[19Apr2026 10:38:10.143] [Render thread/WARN] [GregTechCEu/]: failed to add recipe from staging into lookup DB: gtceu:macerator/macerate_basalt_sulfur_ore_to_crushed_ore
[19Apr2026 10:38:10.143] [Render thread/WARN] [GregTechCEu/]: failed to add recipe from staging into lookup DB: gtceu:macerator/macerate_basalt_sapphire_ore_to_crushed_ore
[19Apr2026 10:38:10.143] [Render thread/WARN] [GregTechCEu/]: failed to add recipe from staging into lookup DB: gtceu:macerator/macerate_deepslate_copper_ore_to_crushed_ore
[19Apr2026 10:38:10.143] [Render thread/WARN] [GregTechCEu/]: failed to add recipe from staging into lookup DB: gtceu:macerator/macerate_glacio_emerald_ore_to_crushed_ore
[19Apr2026 10:38:10.143] [Render thread/WARN] [GregTechCEu/]: failed to add recipe from staging into lookup DB: gtceu:macerator/macerate_endstone_emerald_ore_to_crushed_ore
[19Apr2026 10:38:10.143] [Render thread/WARN] [GregTechCEu/]: failed to add recipe from staging into lookup DB: gtceu:macerator/macerate_netherrack_emerald_ore_to_crushed_ore
[19Apr2026 10:38:10.143] [Render thread/WARN] [GregTechCEu/]: failed to add recipe from staging into lookup DB: gtceu:macerator/macerate_glacio_silver_ore_to_crushed_ore
[19Apr2026 10:38:10.143] [Render thread/WARN] [GregTechCEu/]: failed to add recipe from staging into lookup DB: gtceu:macerator/macerate_gravel_lead_ore_to_crushed_ore
[19Apr2026 10:38:10.143] [Render thread/WARN] [GregTechCEu/]: failed to add recipe from staging into lookup DB: gtceu:macerator/macerate_coal_ore_to_crushed_ore
[19Apr2026 10:38:10.143] [Render thread/WARN] [GregTechCEu/]: failed to add recipe from staging into lookup DB: gtceu:macerator/macerate_tuff_zinc_ore_to_crushed_ore
[19Apr2026 10:38:10.144] [Render thread/WARN] [GregTechCEu/]: failed to add recipe from staging into lookup DB: gtceu:macerator/macerate_andesite_ruby_ore_to_crushed_ore
[19Apr2026 10:38:10.144] [Render thread/WARN] [GregTechCEu/]: failed to add recipe from staging into lookup DB: gtceu:macerator/macerate_obsidian
[19Apr2026 10:38:10.144] [Render thread/WARN] [GregTechCEu/]: failed to add recipe from staging into lookup DB: gtceu:macerator/macerate_deepslate_diamond_ore_to_crushed_ore
[19Apr2026 10:38:10.144] [Render thread/WARN] [GregTechCEu/]: failed to add recipe from staging into lookup DB: gtceu:macerator/macerate_basalt_apatite_ore_to_crushed_ore
[19Apr2026 10:38:10.144] [Render thread/WARN] [GregTechCEu/]: failed to add recipe from staging into lookup DB: gtceu:macerator/macerate_basalt_amethyst_ore_to_crushed_ore
[19Apr2026 10:38:10.144] [Render thread/WARN] [GregTechCEu/]: failed to add recipe from staging into lookup DB: gtceu:macerator/macerate_red_sand_nickel_ore_to_crushed_ore
[19Apr2026 10:38:10.144] [Render thread/WARN] [GregTechCEu/]: failed to add recipe from staging into lookup DB: gtceu:macerator/macerate_blackstone_sulfur_ore_to_crushed_ore
[19Apr2026 10:38:10.144] [Render thread/WARN] [GregTechCEu/]: failed to add recipe from staging into lookup DB: gtceu:macerator/macerate_tin_ore_to_crushed_ore
[19Apr2026 10:38:10.144] [Render thread/WARN] [GregTechCEu/]: failed to add recipe from staging into lookup DB: gtceu:macerator/macerate_diorite_gold_ore_to_crushed_ore
[19Apr2026 10:38:10.144] [Render thread/WARN] [GregTechCEu/]: failed to add recipe from staging into lookup DB: gtceu:macerator/macerate_endstone_cobalt_ore_to_crushed_ore
[19Apr2026 10:38:10.144] [Render thread/WARN] [GregTechCEu/]: failed to add recipe from staging into lookup DB: gtceu:macerator/macerate_endstone_nickel_ore_to_crushed_ore
[19Apr2026 10:38:10.145] [Render thread/WARN] [GregTechCEu/]: failed to add recipe from staging into lookup DB: gtceu:macerator/macerate_netherrack_graphite_ore_to_crushed_ore
[19Apr2026 10:38:10.145] [Render thread/WARN] [GregTechCEu/]: failed to add recipe from staging into lookup DB: gtceu:macerator/macerate_basalt_coal_ore_to_crushed_ore
[19Apr2026 10:38:10.145] [Render thread/WARN] [GregTechCEu/]: failed to add recipe from staging into lookup DB: gtceu:macerator/macerate_basalt_silver_ore_to_crushed_ore
[19Apr2026 10:38:10.145] [Render thread/WARN] [GregTechCEu/]: failed to add recipe from staging into lookup DB: gtceu:macerator/macerate_tuff_sulfur_ore_to_crushed_ore
[19Apr2026 10:38:10.145] [Render thread/WARN] [GregTechCEu/]: failed to add recipe from staging into lookup DB: gtceu:macerator/macerate_emerald_ore_to_crushed_ore
[19Apr2026 10:38:10.145] [Render thread/WARN] [GregTechCEu/]: failed to add recipe from staging into lookup DB: gtceu:macerator/macerate_marble_iridium_ore_to_crushed_ore
[19Apr2026 10:38:10.145] [Render thread/WARN] [GregTechCEu/]: failed to add recipe from staging into lookup DB: gtceu:macerator/macerate_glacio_copper_ore_to_crushed_ore
[19Apr2026 10:38:10.145] [Render thread/WARN] [GregTechCEu/]: failed to add recipe from staging into lookup DB: gtceu:macerator/macerate_deepslate_coal_ore_to_crushed_ore
[19Apr2026 10:38:10.145] [Render thread/WARN] [GregTechCEu/]: failed to add recipe from staging into lookup DB: gtceu:macerator/macerate_deepslate_platinum_ore_to_crushed_ore
[19Apr2026 10:38:10.145] [Render thread/WARN] [GregTechCEu/]: failed to add recipe from staging into lookup DB: gtceu:macerator/macerate_red_granite_emerald_ore_to_crushed_ore
[19Apr2026 10:38:10.145] [Render thread/WARN] [GregTechCEu/]: failed to add recipe from staging into lookup DB: gtceu:macerator/macerate_andesite_copper_ore_to_crushed_ore
[19Apr2026 10:38:10.145] [Render thread/WARN] [GregTechCEu/]: failed to add recipe from staging into lookup DB: gtceu:macerator/macerate_andesite_iron_ore_to_crushed_ore
[19Apr2026 10:38:10.145] [Render thread/WARN] [GregTechCEu/]: failed to add recipe from staging into lookup DB: gtceu:macerator/macerate_deepslate_silver_ore_to_crushed_ore
[19Apr2026 10:38:10.145] [Render thread/WARN] [GregTechCEu/]: failed to add recipe from staging into lookup DB: gtceu:macerator/macerate_diorite_lapis_ore_to_crushed_ore
[19Apr2026 10:38:10.145] [Render thread/WARN] [GregTechCEu/]: failed to add recipe from staging into lookup DB: gtceu:macerator/macerate_marble_amethyst_ore_to_crushed_ore
[19Apr2026 10:38:10.145] [Render thread/WARN] [GregTechCEu/]: failed to add recipe from staging into lookup DB: gtceu:macerator/macerate_glacio_platinum_ore_to_crushed_ore
[19Apr2026 10:38:10.145] [Render thread/WARN] [GregTechCEu/]: failed to add recipe from staging into lookup DB: gtceu:macerator/macerate_cobalt_ore_to_crushed_ore
[19Apr2026 10:38:10.145] [Render thread/WARN] [GregTechCEu/]: failed to add recipe from staging into lookup DB: gtceu:macerator/macerate_red_granite_gold_ore_to_crushed_ore
[19Apr2026 10:38:10.145] [Render thread/WARN] [GregTechCEu/]: failed to add recipe from staging into lookup DB: gtceu:macerator/macerate_red_sand_cobalt_ore_to_crushed_ore
[19Apr2026 10:38:10.146] [Render thread/WARN] [GregTechCEu/]: failed to add recipe from staging into lookup DB: gtceu:macerator/macerate_marble_cobalt_ore_to_crushed_ore
[19Apr2026 10:38:10.146] [Render thread/WARN] [GregTechCEu/]: failed to add recipe from staging into lookup DB: gtceu:macerator/macerate_diorite_copper_ore_to_crushed_ore
[19Apr2026 10:38:10.146] [Render thread/WARN] [GregTechCEu/]: failed to add recipe from staging into lookup DB: gtceu:macerator/macerate_red_sand_gold_ore_to_crushed_ore
[19Apr2026 10:38:10.146] [Render thread/WARN] [GregTechCEu/]: failed to add recipe from staging into lookup DB: gtceu:macerator/macerate_glacio_coal_ore_to_crushed_ore
[19Apr2026 10:38:10.146] [Render thread/WARN] [GregTechCEu/]: failed to add recipe from staging into lookup DB: gtceu:macerator/macerate_marble_sapphire_ore_to_crushed_ore
[19Apr2026 10:38:10.147] [Render thread/WARN] [GregTechCEu/]: failed to add recipe from staging into lookup DB: gtceu:macerator/macerate_blackstone_silver_ore_to_crushed_ore
[19Apr2026 10:38:10.147] [Render thread/WARN] [GregTechCEu/]: failed to add recipe from staging into lookup DB: gtceu:macerator/macerate_granite_coal_ore_to_crushed_ore
[19Apr2026 10:38:10.147] [Render thread/WARN] [GregTechCEu/]: failed to add recipe from staging into lookup DB: gtceu:macerator/macerate_tuff_sapphire_ore_to_crushed_ore
[19Apr2026 10:38:10.147] [Render thread/WARN] [GregTechCEu/]: failed to add recipe from staging into lookup DB: gtceu:macerator/macerate_glacio_lead_ore_to_crushed_ore
[19Apr2026 10:38:10.147] [Render thread/WARN] [GregTechCEu/]: failed to add recipe from staging into lookup DB: gtceu:macerator/macerate_red_sand_apatite_ore_to_crushed_ore
[19Apr2026 10:38:10.147] [Render thread/WARN] [GregTechCEu/]: failed to add recipe from staging into lookup DB: gtceu:macerator/macerate_red_sand_diamond_ore_to_crushed_ore
[19Apr2026 10:38:10.147] [Render thread/WARN] [GregTechCEu/]: failed to add recipe from staging into lookup DB: gtceu:macerator/macerate_glacio_cobalt_ore_to_crushed_ore
[19Apr2026 10:38:10.147] [Render thread/WARN] [GregTechCEu/]: failed to add recipe from staging into lookup DB: gtceu:macerator/macerate_blackstone_cinnabar_ore_to_crushed_ore
[19Apr2026 10:38:10.148] [Render thread/WARN] [GregTechCEu/]: failed to add recipe from staging into lookup DB: gtceu:macerator/macerate_ruby_ore_to_crushed_ore
[19Apr2026 10:38:10.148] [Render thread/WARN] [GregTechCEu/]: failed to add recipe from staging into lookup DB: gtceu:macerator/macerate_red_sand_sapphire_ore_to_crushed_ore
[19Apr2026 10:38:10.148] [Render thread/WARN] [GregTechCEu/]: failed to add recipe from staging into lookup DB: gtceu:macerator/macerate_blackstone_emerald_ore_to_crushed_ore
[19Apr2026 10:38:10.148] [Render thread/WARN] [GregTechCEu/]: failed to add recipe from staging into lookup DB: gtceu:macerator/macerate_basalt_emerald_ore_to_crushed_ore
[19Apr2026 10:38:10.148] [Render thread/WARN] [GregTechCEu/]: failed to add recipe from staging into lookup DB: gtceu:macerator/macerate_gravel_cobalt_ore_to_crushed_ore
[19Apr2026 10:38:10.148] [Render thread/WARN] [GregTechCEu/]: failed to add recipe from staging into lookup DB: gtceu:macerator/macerate_endstone_diamond_ore_to_crushed_ore
[19Apr2026 10:38:10.148] [Render thread/WARN] [GregTechCEu/]: failed to add recipe from staging into lookup DB: gtceu:macerator/macerate_marble_lead_ore_to_crushed_ore
[19Apr2026 10:38:10.148] [Render thread/WARN] [GregTechCEu/]: failed to add recipe from staging into lookup DB: gtceu:macerator/macerate_ostrum_plate
[19Apr2026 10:38:10.148] [Render thread/WARN] [GregTechCEu/]: failed to add recipe from staging into lookup DB: gtceu:macerator/macerate_glacio_tin_ore_to_crushed_ore
[19Apr2026 10:38:10.148] [Render thread/WARN] [GregTechCEu/]: failed to add recipe from staging into lookup DB: gtceu:macerator/macerate_granite_nickel_ore_to_crushed_ore
[19Apr2026 10:38:10.148] [Render thread/WARN] [GregTechCEu/]: failed to add recipe from staging into lookup DB: gtceu:macerator/macerate_tuff_lead_ore_to_crushed_ore
[19Apr2026 10:38:10.148] [Render thread/WARN] [GregTechCEu/]: failed to add recipe from staging into lookup DB: gtceu:macerator/macerate_blackstone_nickel_ore_to_crushed_ore
[19Apr2026 10:38:10.148] [Render thread/WARN] [GregTechCEu/]: failed to add recipe from staging into lookup DB: gtceu:macerator/macerate_diorite_ruby_ore_to_crushed_ore
[19Apr2026 10:38:10.149] [Render thread/WARN] [GregTechCEu/]: failed to add recipe from staging into lookup DB: gtceu:macerator/macerate_gravel_zinc_ore_to_crushed_ore
[19Apr2026 10:38:10.149] [Render thread/WARN] [GregTechCEu/]: failed to add recipe from staging into lookup DB: gtceu:macerator/macerate_blackstone_coal_ore_to_crushed_ore
[19Apr2026 10:38:10.149] [Render thread/WARN] [GregTechCEu/]: failed to add recipe from staging into lookup DB: gtceu:macerator/macerate_basalt_cinnabar_ore_to_crushed_ore
[19Apr2026 10:38:10.149] [Render thread/WARN] [GregTechCEu/]: failed to add recipe from staging into lookup DB: gtceu:macerator/macerate_granite_silver_ore_to_crushed_ore
[19Apr2026 10:38:10.149] [Render thread/WARN] [GregTechCEu/]: failed to add recipe from staging into lookup DB: gtceu:macerator/macerate_glacio_zinc_ore_to_crushed_ore
[19Apr2026 10:38:10.149] [Render thread/WARN] [GregTechCEu/]: failed to add recipe from staging into lookup DB: gtceu:macerator/macerate_gravel_emerald_ore_to_crushed_ore
[19Apr2026 10:38:10.149] [Render thread/WARN] [GregTechCEu/]: failed to add recipe from staging into lookup DB: gtceu:macerator/macerate_deepslate_graphite_ore_to_crushed_ore
[19Apr2026 10:38:10.149] [Render thread/WARN] [GregTechCEu/]: failed to add recipe from staging into lookup DB: gtceu:macerator/macerate_tuff_apatite_ore_to_crushed_ore
[19Apr2026 10:38:10.149] [Render thread/WARN] [GregTechCEu/]: failed to add recipe from staging into lookup DB: gtceu:macerator/macerate_red_granite_copper_ore_to_crushed_ore
[19Apr2026 10:38:10.149] [Render thread/WARN] [GregTechCEu/]: failed to add recipe from staging into lookup DB: gtceu:macerator/macerate_tuff_silver_ore_to_crushed_ore
[19Apr2026 10:38:10.149] [Render thread/WARN] [GregTechCEu/]: failed to add recipe from staging into lookup DB: gtceu:macerator/macerate_diorite_iron_ore_to_crushed_ore
[19Apr2026 10:38:10.150] [Render thread/WARN] [GregTechCEu/]: failed to add recipe from staging into lookup DB: gtceu:macerator/macerate_endstone_sapphire_ore_to_crushed_ore
[19Apr2026 10:38:10.150] [Render thread/WARN] [GregTechCEu/]: failed to add recipe from staging into lookup DB: gtceu:macerator/macerate_diorite_sapphire_ore_to_crushed_ore
[19Apr2026 10:38:10.150] [Render thread/WARN] [GregTechCEu/]: failed to add recipe from staging into lookup DB: gtceu:macerator/macerate_red_granite_apatite_ore_to_crushed_ore
[19Apr2026 10:38:10.150] [Render thread/WARN] [GregTechCEu/]: failed to add recipe from staging into lookup DB: gtceu:macerator/macerate_endstone_coal_ore_to_crushed_ore
[19Apr2026 10:38:10.150] [Render thread/WARN] [GregTechCEu/]: failed to add recipe from staging into lookup DB: gtceu:macerator/macerate_marble_lapis_ore_to_crushed_ore
[19Apr2026 10:38:10.150] [Render thread/WARN] [GregTechCEu/]: failed to add recipe from staging into lookup DB: gtceu:macerator/macerate_red_sand_iron_ore_to_crushed_ore
[19Apr2026 10:38:10.150] [Render thread/WARN] [GregTechCEu/]: failed to add recipe from staging into lookup DB: gtceu:macerator/macerate_andesite_graphite_ore_to_crushed_ore
[19Apr2026 10:38:10.150] [Render thread/WARN] [GregTechCEu/]: failed to add recipe from staging into lookup DB: gtceu:macerator/macerate_basalt_zinc_ore_to_crushed_ore
[19Apr2026 10:38:10.150] [Render thread/WARN] [GregTechCEu/]: failed to add recipe from staging into lookup DB: gtceu:macerator/macerate_marble_tin_ore_to_crushed_ore
[19Apr2026 10:38:10.151] [Render thread/WARN] [GregTechCEu/]: failed to add recipe from staging into lookup DB: gtceu:macerator/macerate_netherrack_tin_ore_to_crushed_ore
[19Apr2026 10:38:10.151] [Render thread/WARN] [GregTechCEu/]: failed to add recipe from staging into lookup DB: gtceu:macerator/macerate_andesite_diamond_ore_to_crushed_ore
[19Apr2026 10:38:10.151] [Render thread/WARN] [GregTechCEu/]: failed to add recipe from staging into lookup DB: gtceu:macerator/macerate_red_granite_iron_ore_to_crushed_ore
[19Apr2026 10:38:10.151] [Render thread/WARN] [GregTechCEu/]: failed to add recipe from staging into lookup DB: gtceu:macerator/macerate_gravel_lapis_ore_to_crushed_ore
[19Apr2026 10:38:10.151] [Render thread/WARN] [GregTechCEu/]: failed to add recipe from staging into lookup DB: gtceu:macerator/macerate_red_sand_tin_ore_to_crushed_ore
[19Apr2026 10:38:10.151] [Render thread/WARN] [GregTechCEu/]: failed to add recipe from staging into lookup DB: gtceu:macerator/macerate_granite_iridium_ore_to_crushed_ore
[19Apr2026 10:38:10.151] [Render thread/WARN] [GregTechCEu/]: failed to add recipe from staging into lookup DB: gtceu:macerator/macerate_diorite_iridium_ore_to_crushed_ore
[19Apr2026 10:38:10.151] [Render thread/WARN] [GregTechCEu/]: failed to add recipe from staging into lookup DB: gtceu:macerator/macerate_red_sand_cinnabar_ore_to_crushed_ore
[19Apr2026 10:38:10.151] [Render thread/WARN] [GregTechCEu/]: failed to add recipe from staging into lookup DB: gtceu:macerator/macerate_glacio_graphite_ore_to_crushed_ore
[19Apr2026 10:38:10.152] [Render thread/WARN] [GregTechCEu/]: failed to add recipe from staging into lookup DB: gtceu:macerator/macerate_andesite_zinc_ore_to_crushed_ore
[19Apr2026 10:38:10.152] [Render thread/WARN] [GregTechCEu/]: failed to add recipe from staging into lookup DB: gtceu:macerator/macerate_red_granite_diamond_ore_to_crushed_ore
[19Apr2026 10:38:10.152] [Render thread/WARN] [GregTechCEu/]: failed to add recipe from staging into lookup DB: gtceu:macerator/macerate_basalt_iridium_ore_to_crushed_ore
[19Apr2026 10:38:10.152] [Render thread/WARN] [GregTechCEu/]: failed to add recipe from staging into lookup DB: gtceu:macerator/macerate_granite_lapis_ore_to_crushed_ore
[19Apr2026 10:38:10.152] [Render thread/WARN] [GregTechCEu/]: failed to add recipe from staging into lookup DB: gtceu:macerator/macerate_andesite_cobalt_ore_to_crushed_ore
[19Apr2026 10:38:10.152] [Render thread/WARN] [GregTechCEu/]: failed to add recipe from staging into lookup DB: gtceu:macerator/macerate_basalt_platinum_ore_to_crushed_ore
[19Apr2026 10:38:10.152] [Render thread/WARN] [GregTechCEu/]: failed to add recipe from staging into lookup DB: gtceu:macerator/macerate_netherrack_gold_ore_to_crushed_ore
[19Apr2026 10:38:10.152] [Render thread/WARN] [GregTechCEu/]: failed to add recipe from staging into lookup DB: gtceu:macerator/macerate_diamond_ore_to_crushed_ore
[19Apr2026 10:38:10.152] [Render thread/WARN] [GregTechCEu/]: failed to add recipe from staging into lookup DB: gtceu:macerator/macerate_andesite_amethyst_ore_to_crushed_ore
[19Apr2026 10:38:10.152] [Render thread/WARN] [GregTechCEu/]: failed to add recipe from staging into lookup DB: gtceu:macerator/macerate_tuff_cinnabar_ore_to_crushed_ore
[19Apr2026 10:38:10.152] [Render thread/WARN] [GregTechCEu/]: failed to add recipe from staging into lookup DB: gtceu:macerator/macerate_red_sand_amethyst_ore_to_crushed_ore
[19Apr2026 10:38:10.152] [Render thread/WARN] [GregTechCEu/]: failed to add recipe from staging into lookup DB: gtceu:macerator/macerate_red_granite_ruby_ore_to_crushed_ore
[19Apr2026 10:38:10.152] [Render thread/WARN] [GregTechCEu/]: failed to add recipe from staging into lookup DB: gtceu:macerator/macerate_basalt_lead_ore_to_crushed_ore
[19Apr2026 10:38:10.152] [Render thread/WARN] [GregTechCEu/]: failed to add recipe from staging into lookup DB: gtceu:macerator/macerate_tuff_diamond_ore_to_crushed_ore
[19Apr2026 10:38:10.152] [Render thread/WARN] [GregTechCEu/]: failed to add recipe from staging into lookup DB: gtceu:macerator/macerate_netherrack_cobalt_ore_to_crushed_ore
[19Apr2026 10:38:10.152] [Render thread/WARN] [GregTechCEu/]: failed to add recipe from staging into lookup DB: gtceu:macerator/macerate_glacio_amethyst_ore_to_crushed_ore
[19Apr2026 10:38:10.153] [Render thread/WARN] [GregTechCEu/]: failed to add recipe from staging into lookup DB: gtceu:macerator/macerate_endstone_copper_ore_to_crushed_ore
[19Apr2026 10:38:10.153] [Render thread/WARN] [GregTechCEu/]: failed to add recipe from staging into lookup DB: gtceu:macerator/macerate_glacio_ruby_ore_to_crushed_ore
[19Apr2026 10:38:10.153] [Render thread/WARN] [GregTechCEu/]: failed to add recipe from staging into lookup DB: gtceu:macerator/macerate_blackstone_amethyst_ore_to_crushed_ore
[19Apr2026 10:38:10.153] [Render thread/WARN] [GregTechCEu/]: failed to add recipe from staging into lookup DB: gtceu:macerator/macerate_red_sand_ruby_ore_to_crushed_ore
[19Apr2026 10:38:10.153] [Render thread/WARN] [GregTechCEu/]: failed to add recipe from staging into lookup DB: gtceu:macerator/macerate_red_sand_lead_ore_to_crushed_ore
[19Apr2026 10:38:10.153] [Render thread/WARN] [GregTechCEu/]: failed to add recipe from staging into lookup DB: gtceu:macerator/macerate_diorite_cobalt_ore_to_crushed_ore
[19Apr2026 10:38:10.153] [Render thread/WARN] [GregTechCEu/]: failed to add recipe from staging into lookup DB: gtceu:macerator/macerate_graphite_ore_to_crushed_ore
[19Apr2026 10:38:10.153] [Render thread/WARN] [GregTechCEu/]: failed to add recipe from staging into lookup DB: gtceu:macerator/macerate_red_sand_copper_ore_to_crushed_ore
[19Apr2026 10:38:10.153] [Render thread/WARN] [GregTechCEu/]: failed to add recipe from staging into lookup DB: gtceu:macerator/macerate_glacio_sulfur_ore_to_crushed_ore
[19Apr2026 10:38:10.154] [Render thread/WARN] [GregTechCEu/]: failed to add recipe from staging into lookup DB: gtceu:macerator/macerate_marble_emerald_ore_to_crushed_ore
[19Apr2026 10:38:10.154] [Render thread/WARN] [GregTechCEu/]: failed to add recipe from staging into lookup DB: gtceu:macerator/macerate_basalt_tin_ore_to_crushed_ore
[19Apr2026 10:38:10.155] [Render thread/WARN] [GregTechCEu/]: failed to add recipe from staging into lookup DB: gtceu:macerator/macerate_marble_copper_ore_to_crushed_ore
[19Apr2026 10:38:10.155] [Render thread/WARN] [GregTechCEu/]: failed to add recipe from staging into lookup DB: gtceu:macerator/macerate_netherrack_sulfur_ore_to_crushed_ore
[19Apr2026 10:38:10.155] [Render thread/WARN] [GregTechCEu/]: failed to add recipe from staging into lookup DB: gtceu:macerator/macerate_iron_ore_to_crushed_ore
[19Apr2026 10:38:10.155] [Render thread/WARN] [GregTechCEu/]: failed to add recipe from staging into lookup DB: gtceu:macerator/macerate_deepslate_nickel_ore_to_crushed_ore
[19Apr2026 10:38:10.155] [Render thread/WARN] [GregTechCEu/]: failed to add recipe from staging into lookup DB: gtceu:macerator/macerate_netherrack_apatite_ore_to_crushed_ore
[19Apr2026 10:38:10.155] [Render thread/WARN] [GregTechCEu/]: failed to add recipe from staging into lookup DB: gtceu:macerator/macerate_basalt_lapis_ore_to_crushed_ore
[19Apr2026 10:38:10.155] [Render thread/WARN] [GregTechCEu/]: failed to add recipe from staging into lookup DB: gtceu:macerator/macerate_endstone_amethyst_ore_to_crushed_ore
[19Apr2026 10:38:10.155] [Render thread/WARN] [GregTechCEu/]: failed to add recipe from staging into lookup DB: gtceu:macerator/macerate_blackstone_zinc_ore_to_crushed_ore
[19Apr2026 10:38:10.155] [Render thread/WARN] [GregTechCEu/]: failed to add recipe from staging into lookup DB: gtceu:macerator/macerate_gravel_coal_ore_to_crushed_ore
[19Apr2026 10:38:10.155] [Render thread/WARN] [GregTechCEu/]: failed to add recipe from staging into lookup DB: gtceu:macerator/macerate_endstone_silver_ore_to_crushed_ore
[19Apr2026 10:38:10.155] [Render thread/WARN] [GregTechCEu/]: failed to add recipe from staging into lookup DB: gtceu:macerator/macerate_diorite_cinnabar_ore_to_crushed_ore
[19Apr2026 10:38:10.155] [Render thread/WARN] [GregTechCEu/]: failed to add recipe from staging into lookup DB: gtceu:macerator/macerate_red_sand_zinc_ore_to_crushed_ore
[19Apr2026 10:38:10.155] [Render thread/WARN] [GregTechCEu/]: failed to add recipe from staging into lookup DB: gtceu:macerator/macerate_tuff_copper_ore_to_crushed_ore
[19Apr2026 10:38:10.155] [Render thread/WARN] [GregTechCEu/]: failed to add recipe from staging into lookup DB: gtceu:macerator/macerate_red_granite_silver_ore_to_crushed_ore
[19Apr2026 10:38:10.156] [Render thread/WARN] [GregTechCEu/]: failed to add recipe from staging into lookup DB: gtceu:macerator/macerate_titanium_plate
[19Apr2026 10:38:10.156] [Render thread/WARN] [GregTechCEu/]: failed to add recipe from staging into lookup DB: gtceu:macerator/macerate_gravel_apatite_ore_to_crushed_ore
[19Apr2026 10:38:10.156] [Render thread/WARN] [GregTechCEu/]: failed to add recipe from staging into lookup DB: gtceu:macerator/macerate_deepslate_amethyst_ore_to_crushed_ore
[19Apr2026 10:38:10.156] [Render thread/WARN] [GregTechCEu/]: failed to add recipe from staging into lookup DB: gtceu:macerator/macerate_granite_apatite_ore_to_crushed_ore
[19Apr2026 10:38:10.156] [Render thread/WARN] [GregTechCEu/]: failed to add recipe from staging into lookup DB: gtceu:macerator/macerate_sapphire_ore_to_crushed_ore
[19Apr2026 10:38:10.156] [Render thread/WARN] [GregTechCEu/]: failed to add recipe from staging into lookup DB: gtceu:macerator/macerate_marble_graphite_ore_to_crushed_ore
[19Apr2026 10:38:10.156] [Render thread/WARN] [GregTechCEu/]: failed to add recipe from staging into lookup DB: gtceu:macerator/macerate_red_granite_coal_ore_to_crushed_ore
[19Apr2026 10:38:10.156] [Render thread/WARN] [GregTechCEu/]: failed to add recipe from staging into lookup DB: gtceu:macerator/macerate_andesite_cinnabar_ore_to_crushed_ore
[19Apr2026 10:38:10.156] [Render thread/WARN] [GregTechCEu/]: failed to add recipe from staging into lookup DB: gtceu:macerator/macerate_tuff_gold_ore_to_crushed_ore
[19Apr2026 10:38:10.156] [Render thread/WARN] [GregTechCEu/]: failed to add recipe from staging into lookup DB: gtceu:macerator/macerate_blackstone_copper_ore_to_crushed_ore
[19Apr2026 10:38:10.157] [Render thread/WARN] [GregTechCEu/]: failed to add recipe from staging into lookup DB: gtceu:macerator/macerate_granite_iron_ore_to_crushed_ore
[19Apr2026 10:38:10.157] [Render thread/WARN] [GregTechCEu/]: failed to add recipe from staging into lookup DB: gtceu:macerator/macerate_gravel_graphite_ore_to_crushed_ore
[19Apr2026 10:38:10.157] [Render thread/WARN] [GregTechCEu/]: failed to add recipe from staging into lookup DB: gtceu:macerator/macerate_blackstone_lead_ore_to_crushed_ore
[19Apr2026 10:38:10.157] [Render thread/WARN] [GregTechCEu/]: failed to add recipe from staging into lookup DB: gtceu:macerator/macerate_netherrack_coal_ore_to_crushed_ore
[19Apr2026 10:38:10.157] [Render thread/WARN] [GregTechCEu/]: failed to add recipe from staging into lookup DB: gtceu:macerator/macerate_blackstone_diamond_ore_to_crushed_ore
[19Apr2026 10:38:10.157] [Render thread/WARN] [GregTechCEu/]: failed to add recipe from staging into lookup DB: gtceu:macerator/macerate_gravel_sulfur_ore_to_crushed_ore
[19Apr2026 10:38:10.157] [Render thread/WARN] [GregTechCEu/]: failed to add recipe from staging into lookup DB: gtceu:macerator/macerate_marble_coal_ore_to_crushed_ore
[19Apr2026 10:38:10.157] [Render thread/WARN] [GregTechCEu/]: failed to add recipe from staging into lookup DB: gtceu:macerator/macerate_gravel_diamond_ore_to_crushed_ore
[19Apr2026 10:38:10.157] [Render thread/WARN] [GregTechCEu/]: failed to add recipe from staging into lookup DB: gtceu:macerator/macerate_tuff_iron_ore_to_crushed_ore
[19Apr2026 10:38:10.158] [Render thread/WARN] [GregTechCEu/]: failed to add recipe from staging into lookup DB: gtceu:macerator/macerate_netherrack_iridium_ore_to_crushed_ore
[19Apr2026 10:38:10.158] [Render thread/WARN] [GregTechCEu/]: failed to add recipe from staging into lookup DB: gtceu:macerator/macerate_diorite_coal_ore_to_crushed_ore
[19Apr2026 10:38:10.158] [Render thread/WARN] [GregTechCEu/]: failed to add recipe from staging into lookup DB: gtceu:macerator/macerate_diorite_tin_ore_to_crushed_ore
[19Apr2026 10:38:10.158] [Render thread/WARN] [GregTechCEu/]: failed to add recipe from staging into lookup DB: gtceu:macerator/macerate_blackstone_graphite_ore_to_crushed_ore
[19Apr2026 10:38:10.158] [Render thread/WARN] [GregTechCEu/]: failed to add recipe from staging into lookup DB: gtceu:macerator/macerate_red_granite_sapphire_ore_to_crushed_ore
[19Apr2026 10:38:10.158] [Render thread/WARN] [GregTechCEu/]: failed to add recipe from staging into lookup DB: gtceu:macerator/macerate_red_sand_silver_ore_to_crushed_ore
[19Apr2026 10:38:10.158] [Render thread/WARN] [GregTechCEu/]: failed to add recipe from staging into lookup DB: gtceu:macerator/macerate_glacio_iridium_ore_to_crushed_ore
[19Apr2026 10:38:10.158] [Render thread/WARN] [GregTechCEu/]: failed to add recipe from staging into lookup DB: gtceu:macerator/macerate_netherrack_sapphire_ore_to_crushed_ore
[19Apr2026 10:38:10.158] [Render thread/WARN] [GregTechCEu/]: failed to add recipe from staging into lookup DB: gtceu:macerator/macerate_granite_diamond_ore_to_crushed_ore
[19Apr2026 10:38:10.158] [Render thread/WARN] [GregTechCEu/]: failed to add recipe from staging into lookup DB: gtceu:macerator/macerate_netherrack_silver_ore_to_crushed_ore
[19Apr2026 10:38:10.158] [Render thread/WARN] [GregTechCEu/]: failed to add recipe from staging into lookup DB: gtceu:macerator/macerate_silver_ore_to_crushed_ore
[19Apr2026 10:38:10.159] [Render thread/WARN] [GregTechCEu/]: failed to add recipe from staging into lookup DB: gtceu:macerator/macerate_deepslate_apatite_ore_to_crushed_ore
[19Apr2026 10:38:10.159] [Render thread/WARN] [GregTechCEu/]: failed to add recipe from staging into lookup DB: gtceu:macerator/macerate_marble_cinnabar_ore_to_crushed_ore
[19Apr2026 10:38:10.159] [Render thread/WARN] [GregTechCEu/]: failed to add recipe from staging into lookup DB: gtceu:macerator/macerate_calorite_plate
[19Apr2026 10:38:10.159] [Render thread/WARN] [GregTechCEu/]: failed to add recipe from staging into lookup DB: gtceu:macerator/macerate_blackstone_cobalt_ore_to_crushed_ore
[19Apr2026 10:38:10.159] [Render thread/WARN] [GregTechCEu/]: failed to add recipe from staging into lookup DB: gtceu:macerator/macerate_tuff_lapis_ore_to_crushed_ore
[19Apr2026 10:38:10.159] [Render thread/WARN] [GregTechCEu/]: failed to add recipe from staging into lookup DB: gtceu:macerator/macerate_basalt_nickel_ore_to_crushed_ore
[19Apr2026 10:38:10.159] [Render thread/WARN] [GregTechCEu/]: failed to add recipe from staging into lookup DB: gtceu:macerator/macerate_deepslate_tin_ore_to_crushed_ore
[19Apr2026 10:38:10.159] [Render thread/WARN] [GregTechCEu/]: failed to add recipe from staging into lookup DB: gtceu:macerator/macerate_andesite_lead_ore_to_crushed_ore
[19Apr2026 10:38:10.159] [Render thread/WARN] [GregTechCEu/]: failed to add recipe from staging into lookup DB: gtceu:macerator/macerate_tuff_cobalt_ore_to_crushed_ore
[19Apr2026 10:38:10.159] [Render thread/WARN] [GregTechCEu/]: failed to add recipe from staging into lookup DB: gtceu:macerator/macerate_deepslate_gold_ore_to_crushed_ore
[19Apr2026 10:38:10.159] [Render thread/WARN] [GregTechCEu/]: failed to add recipe from staging into lookup DB: gtceu:macerator/macerate_tuff_nickel_ore_to_crushed_ore
[19Apr2026 10:38:10.159] [Render thread/WARN] [GregTechCEu/]: failed to add recipe from staging into lookup DB: gtceu:macerator/macerate_gold_ore_to_crushed_ore
[19Apr2026 10:38:10.160] [Render thread/WARN] [GregTechCEu/]: failed to add recipe from staging into lookup DB: gtceu:macerator/macerate_tuff_ruby_ore_to_crushed_ore
[19Apr2026 10:38:10.160] [Render thread/WARN] [GregTechCEu/]: failed to add recipe from staging into lookup DB: gtceu:macerator/macerate_gravel_ruby_ore_to_crushed_ore
[19Apr2026 10:38:10.160] [Render thread/WARN] [GregTechCEu/]: failed to add recipe from staging into lookup DB: gtceu:macerator/macerate_marble_sulfur_ore_to_crushed_ore
[19Apr2026 10:38:10.160] [Render thread/WARN] [GregTechCEu/]: failed to add recipe from staging into lookup DB: gtceu:macerator/macerate_apatite_ore_to_crushed_ore
[19Apr2026 10:38:10.160] [Render thread/WARN] [GregTechCEu/]: failed to add recipe from staging into lookup DB: gtceu:macerator/macerate_deepslate_iridium_ore_to_crushed_ore
[19Apr2026 10:38:10.160] [Render thread/WARN] [GregTechCEu/]: failed to add recipe from staging into lookup DB: gtceu:macerator/macerate_gravel_silver_ore_to_crushed_ore
[19Apr2026 10:38:10.160] [Render thread/WARN] [GregTechCEu/]: failed to add recipe from staging into lookup DB: gtceu:macerator/macerate_deepslate_lapis_ore_to_crushed_ore
[19Apr2026 10:38:10.160] [Render thread/WARN] [GregTechCEu/]: failed to add recipe from staging into lookup DB: gtceu:macerator/macerate_endstone_sulfur_ore_to_crushed_ore
[19Apr2026 10:38:10.160] [Render thread/WARN] [GregTechCEu/]: failed to add recipe from staging into lookup DB: gtceu:macerator/macerate_red_sand_coal_ore_to_crushed_ore
[19Apr2026 10:38:10.160] [Render thread/WARN] [GregTechCEu/]: failed to add recipe from staging into lookup DB: gtceu:macerator/macerate_glacio_gold_ore_to_crushed_ore
[19Apr2026 10:38:10.161] [Render thread/WARN] [GregTechCEu/]: failed to add recipe from staging into lookup DB: gtceu:macerator/macerate_granite_sulfur_ore_to_crushed_ore
[19Apr2026 10:38:10.161] [Render thread/WARN] [GregTechCEu/]: failed to add recipe from staging into lookup DB: gtceu:macerator/macerate_basalt_gold_ore_to_crushed_ore
[19Apr2026 10:38:10.161] [Render thread/WARN] [GregTechCEu/]: failed to add recipe from staging into lookup DB: gtceu:macerator/macerate_andesite_apatite_ore_to_crushed_ore
[19Apr2026 10:38:10.161] [Render thread/WARN] [GregTechCEu/]: failed to add recipe from staging into lookup DB: gtceu:macerator/macerate_netherrack_zinc_ore_to_crushed_ore
[19Apr2026 10:38:10.161] [Render thread/WARN] [GregTechCEu/]: failed to add recipe from staging into lookup DB: gtceu:macerator/macerate_blackstone_platinum_ore_to_crushed_ore
[19Apr2026 10:38:10.161] [Render thread/WARN] [GregTechCEu/]: failed to add recipe from staging into lookup DB: gtceu:macerator/macerate_andesite_platinum_ore_to_crushed_ore
[19Apr2026 10:38:10.161] [Render thread/WARN] [GregTechCEu/]: failed to add recipe from staging into lookup DB: gtceu:macerator/macerate_marble_zinc_ore_to_crushed_ore
[19Apr2026 10:38:10.161] [Render thread/WARN] [GregTechCEu/]: failed to add recipe from staging into lookup DB: gtceu:macerator/macerate_red_granite_lapis_ore_to_crushed_ore
[19Apr2026 10:38:10.161] [Render thread/WARN] [GregTechCEu/]: failed to add recipe from staging into lookup DB: gtceu:macerator/macerate_gravel_iron_ore_to_crushed_ore
[19Apr2026 10:38:10.161] [Render thread/WARN] [GregTechCEu/]: failed to add recipe from staging into lookup DB: gtceu:macerator/macerate_endstone_apatite_ore_to_crushed_ore
[19Apr2026 10:38:10.161] [Render thread/WARN] [GregTechCEu/]: failed to add recipe from staging into lookup DB: gtceu:macerator/macerate_red_sand_sulfur_ore_to_crushed_ore
[19Apr2026 10:38:10.162] [Render thread/WARN] [GregTechCEu/]: failed to add recipe from staging into lookup DB: gtceu:macerator/macerate_endstone_tin_ore_to_crushed_ore
[19Apr2026 10:38:10.162] [Render thread/WARN] [GregTechCEu/]: failed to add recipe from staging into lookup DB: gtceu:macerator/macerate_red_sand_platinum_ore_to_crushed_ore
[19Apr2026 10:38:10.162] [Render thread/WARN] [GregTechCEu/]: failed to add recipe from staging into lookup DB: gtceu:macerator/macerate_sulfur_ore_to_crushed_ore
[19Apr2026 10:38:10.162] [Render thread/WARN] [GregTechCEu/]: failed to add recipe from staging into lookup DB: gtceu:macerator/macerate_endstone_zinc_ore_to_crushed_ore
[19Apr2026 10:38:10.162] [Render thread/WARN] [GregTechCEu/]: failed to add recipe from staging into lookup DB: gtceu:macerator/macerate_diorite_emerald_ore_to_crushed_ore
[19Apr2026 10:38:10.162] [Render thread/WARN] [GregTechCEu/]: failed to add recipe from staging into lookup DB: gtceu:macerator/macerate_netherrack_copper_ore_to_crushed_ore
[19Apr2026 10:38:10.162] [Render thread/WARN] [GregTechCEu/]: failed to add recipe from staging into lookup DB: gtceu:macerator/macerate_glacio_apatite_ore_to_crushed_ore
[19Apr2026 10:38:10.162] [Render thread/WARN] [GregTechCEu/]: failed to add recipe from staging into lookup DB: gtceu:macerator/macerate_tuff_emerald_ore_to_crushed_ore
[19Apr2026 10:38:10.162] [Render thread/WARN] [GregTechCEu/]: failed to add recipe from staging into lookup DB: gtceu:macerator/macerate_granite_graphite_ore_to_crushed_ore
[19Apr2026 10:38:10.289] [Render thread/WARN] [GregTechCEu/]: failed to add recipe from staging into lookup DB: gtceu:forge_hammer/hammer_basalt_iridium_ore_to_crushed_ore
[19Apr2026 10:38:10.289] [Render thread/WARN] [GregTechCEu/]: failed to add recipe from staging into lookup DB: gtceu:forge_hammer/hammer_basalt_cobalt_ore_to_crushed_ore
[19Apr2026 10:38:10.289] [Render thread/WARN] [GregTechCEu/]: failed to add recipe from staging into lookup DB: gtceu:forge_hammer/hammer_basalt_sapphire_ore_to_crushed_ore
[19Apr2026 10:38:10.290] [Render thread/WARN] [GregTechCEu/]: failed to add recipe from staging into lookup DB: gtceu:forge_hammer/hammer_andesite_silver_ore_to_crushed_ore
[19Apr2026 10:38:10.290] [Render thread/WARN] [GregTechCEu/]: failed to add recipe from staging into lookup DB: gtceu:forge_hammer/hammer_andesite_lead_ore_to_crushed_ore
[19Apr2026 10:38:10.290] [Render thread/WARN] [GregTechCEu/]: failed to add recipe from staging into lookup DB: gtceu:forge_hammer/hammer_andesite_graphite_ore_to_crushed_ore
[19Apr2026 10:38:10.291] [Render thread/WARN] [GregTechCEu/]: failed to add recipe from staging into lookup DB: gtceu:forge_hammer/hammer_andesite_ruby_ore_to_crushed_ore
[19Apr2026 10:38:10.291] [Render thread/WARN] [GregTechCEu/]: failed to add recipe from staging into lookup DB: gtceu:forge_hammer/hammer_andesite_copper_ore_to_crushed_ore
[19Apr2026 10:38:10.291] [Render thread/WARN] [GregTechCEu/]: failed to add recipe from staging into lookup DB: gtceu:forge_hammer/hammer_basalt_coal_ore_to_crushed_ore
[19Apr2026 10:38:10.291] [Render thread/WARN] [GregTechCEu/]: failed to add recipe from staging into lookup DB: gtceu:forge_hammer/hammer_basalt_nickel_ore_to_crushed_ore
[19Apr2026 10:38:10.291] [Render thread/WARN] [GregTechCEu/]: failed to add recipe from staging into lookup DB: gtceu:forge_hammer/hammer_basalt_cinnabar_ore_to_crushed_ore
[19Apr2026 10:38:10.292] [Render thread/WARN] [GregTechCEu/]: failed to add recipe from staging into lookup DB: gtceu:forge_hammer/hammer_basalt_gold_ore_to_crushed_ore
[19Apr2026 10:38:10.292] [Render thread/WARN] [GregTechCEu/]: failed to add recipe from staging into lookup DB: gtceu:forge_hammer/hammer_basalt_emerald_ore_to_crushed_ore
[19Apr2026 10:38:10.292] [Render thread/WARN] [GregTechCEu/]: failed to add recipe from staging into lookup DB: gtceu:forge_hammer/hammer_andesite_apatite_ore_to_crushed_ore
[19Apr2026 10:38:10.292] [Render thread/WARN] [GregTechCEu/]: failed to add recipe from staging into lookup DB: gtceu:forge_hammer/hammer_andesite_sulfur_ore_to_crushed_ore
[19Apr2026 10:38:10.292] [Render thread/WARN] [GregTechCEu/]: failed to add recipe from staging into lookup DB: gtceu:forge_hammer/hammer_basalt_iron_ore_to_crushed_ore
[19Apr2026 10:38:10.293] [Render thread/WARN] [GregTechCEu/]: failed to add recipe from staging into lookup DB: gtceu:forge_hammer/hammer_andesite_zinc_ore_to_crushed_ore
[19Apr2026 10:38:10.293] [Render thread/WARN] [GregTechCEu/]: failed to add recipe from staging into lookup DB: gtceu:forge_hammer/hammer_amethyst_ore_to_crushed_ore
[19Apr2026 10:38:10.293] [Render thread/WARN] [GregTechCEu/]: failed to add recipe from staging into lookup DB: gtceu:forge_hammer/hammer_basalt_tin_ore_to_crushed_ore
[19Apr2026 10:38:10.293] [Render thread/WARN] [GregTechCEu/]: failed to add recipe from staging into lookup DB: gtceu:forge_hammer/hammer_basalt_lapis_ore_to_crushed_ore
[19Apr2026 10:38:10.293] [Render thread/WARN] [GregTechCEu/]: failed to add recipe from staging into lookup DB: gtceu:forge_hammer/hammer_basalt_diamond_ore_to_crushed_ore
[19Apr2026 10:38:10.293] [Render thread/WARN] [GregTechCEu/]: failed to add recipe from staging into lookup DB: gtceu:forge_hammer/hammer_andesite_platinum_ore_to_crushed_ore
[19Apr2026 10:38:10.302] [Render thread/WARN] [GregTechCEu/]: failed to add recipe from staging into lookup DB: xtonesreworked:mixer/zane_block_0
[19Apr2026 10:38:10.392] [Render thread/WARN] [GregTechCEu/]: failed to add recipe from staging into lookup DB: xtonesreworked:construction_core/cray_block_0
[19Apr2026 10:38:10.403] [Render thread/INFO] [committee.nova.mods.avaritia.Const/]: Singularity: Regenerated 25 recipes
[19Apr2026 10:38:10.403] [Render thread/INFO] [committee.nova.mods.avaritia.api.Lib/]: Avaritia: Registered 25 recipes in 1 ms (KubeJS mode)
[19Apr2026 10:38:10.421] [Render thread/INFO] [KubeJS Server/]: Added 1313 recipes, removed 885 recipes, modified 173 recipes, with 9 failed recipes in 1.167 s
[19Apr2026 10:38:10.421] [Render thread/INFO] [ModernFix/]: Clearing KubeJS recipe lists...
[19Apr2026 10:38:10.448] [Render thread/ERROR] [net.minecraft.server.ServerAdvancementManager/]: Parsing error loading custom advancement largemeals:recipes/cooking/mushroom_pot_pie_block: Unknown item id 'farmersdelight:chicken_cut'
[19Apr2026 10:38:10.488] [Render thread/ERROR] [net.minecraft.server.ServerAdvancementManager/]: Parsing error loading custom advancement largemeals:recipes/cooking/omurice_block: Unknown item id 'farmersdelight:chicken_cut'
[19Apr2026 10:38:10.498] [Render thread/ERROR] [net.minecraft.server.ServerAdvancementManager/]: Parsing error loading custom advancement largemeals:recipes/cooking/chicken_curry: Unknown item id 'farmersdelight:chicken_cut'
[19Apr2026 10:38:10.516] [Render thread/INFO] [net.minecraft.advancements.AdvancementList/]: Loaded 5131 advancements
[19Apr2026 10:38:10.528] [Render thread/INFO] [placebo/]: Registered 0 additional recipes.
[19Apr2026 10:38:10.537] [Render thread/INFO] [top.theillusivec4.curios.Curios/]: Loaded 13 curio slots
[19Apr2026 10:38:10.539] [Render thread/INFO] [top.theillusivec4.curios.Curios/]: Loaded 1 curio entities
[19Apr2026 10:38:10.549] [Render thread/INFO] [dan200.computercraft.impl.UpgradeManager/]: Loaded 21 turtle upgrades
[19Apr2026 10:38:10.550] [Render thread/INFO] [dan200.computercraft.impl.UpgradeManager/]: Loaded 8 pocket computer upgrades
[19Apr2026 10:38:10.567] [Render thread/INFO] [Diet/]: Loaded 5 diet groups
[19Apr2026 10:38:10.574] [Render thread/INFO] [Diet/]: Loaded 1 diet suites
[19Apr2026 10:38:10.620] [Render thread/INFO] [placebo/]: Registered 0 gear_sets.
[19Apr2026 10:38:10.684] [Render thread/WARN] [ModernFix/]: Initial datapack load took 10.02 s
[19Apr2026 10:38:10.724] [Render thread/INFO] [Entity Texture Features/]: [ETF]: emissive suffixes loaded: {_e}
[19Apr2026 10:38:10.925] [Server thread/INFO] [net.minecraft.client.server.IntegratedServer/]: Starting integrated minecraft server version 1.20.1
[19Apr2026 10:38:10.925] [Server thread/INFO] [net.minecraft.server.MinecraftServer/]: Generating keypair
[19Apr2026 10:38:10.979] [Server thread/INFO] [Puzzles Lib/]: Loading server config for hangglider
[19Apr2026 10:38:10.980] [Server thread/INFO] [STDOUT/]: [li.cil.oc2.common.ConfigManager:handleModConfigEvent:24]: PER_BLOCK
[19Apr2026 10:38:11.037] [Server thread/INFO] [com.tom.peripherals.PeripheralsMod/]: Loaded Tom's Peripherals config file toms_peripherals-server.toml
[19Apr2026 10:38:11.039] [Server thread/INFO] [Puzzles Lib/]: Loading server config for thinair
[19Apr2026 10:38:11.097] [Server thread/INFO] [FTB Teams/]: loaded team data: 1 known players, 1 teams total
[19Apr2026 10:38:11.103] [Server thread/INFO] [Framework/]: Loading server configs...
[19Apr2026 10:38:11.105] [Server thread/INFO] [li.cil.oc2.common.serialization.BlobStorage/]: Blob storage directory initialized at: /home/bigh/.var/app/org.prismlauncher.PrismLauncher/data/PrismLauncher/instances/NeoGreg/minecraft/saves/New World/oc2r-blobs
[19Apr2026 10:38:11.105] [Server thread/INFO] [li.cil.oc2.common.event.ForgeEventHandlers/]: Server starting, initializing async components
[19Apr2026 10:38:11.579] [Server thread/INFO] [net.minecraft.server.MinecraftServer/]: Preparing start region for dimension minecraft:overworld
[19Apr2026 10:38:11.582] [Server thread/INFO] [KubeJS Server/]: Server resource reload complete!
[19Apr2026 10:38:12.436] [Server thread/INFO] [STDOUT/]: [earth.terrarium.botarium.common.energy.EnergyApi:finalizeBlockRegistration:39]: Finalizing energy block registration
[19Apr2026 10:38:12.436] [Server thread/INFO] [STDOUT/]: [earth.terrarium.botarium.common.fluid.FluidApi:finalizeBlockRegistration:42]: Finalizing fluid block registration
[19Apr2026 10:38:12.576] [Server thread/INFO] [net.minecraftforge.server.permission.PermissionAPI/]: Successfully initialized permission handler forge:default_handler
[19Apr2026 10:38:12.589] [Render thread/INFO] [net.minecraft.server.level.progress.LoggerChunkProgressListener/]: Time elapsed: 65207 ms
[19Apr2026 10:38:12.642] [Server thread/INFO] [Diet/]: Generating diet values...
[19Apr2026 10:38:12.642] [Server thread/INFO] [Diet/]: Finding ungrouped food items...
[19Apr2026 10:38:12.650] [Server thread/INFO] [Diet/]: Found 102 ungrouped food items
[19Apr2026 10:38:12.650] [Server thread/INFO] [Diet/]: Building item-to-recipes map...
[19Apr2026 10:38:12.721] [Server thread/INFO] [Diet/]: Found 9727 valid items with recipes
[19Apr2026 10:38:12.721] [Server thread/INFO] [Diet/]: Processing items...
[19Apr2026 10:38:12.723] [Server thread/INFO] [Diet/]: Processed 237 items
[19Apr2026 10:38:12.724] [Server thread/INFO] [Diet/]: Generating diet values took 81.31 ms
[19Apr2026 10:38:12.736] [Server thread/INFO] [FTB Quests/]: Loading quests from /home/bigh/.var/app/org.prismlauncher.PrismLauncher/data/PrismLauncher/instances/NeoGreg/minecraft/config/ftbquests/quests
[19Apr2026 10:38:12.771] [Server thread/INFO] [FTB Quests/]: Loaded 3 chapter groups, 19 chapters, 750 quests, 0 reward tables
[19Apr2026 10:38:12.779] [Server thread/INFO] [patchouli/]: Sending reload packet to clients
[19Apr2026 10:38:12.912] [Server thread/INFO] [net.minecraft.client.server.IntegratedServer/]: Changing view distance to 12, from 10
[19Apr2026 10:38:12.914] [Server thread/INFO] [net.minecraft.client.server.IntegratedServer/]: Changing simulation distance to 12, from 0
[19Apr2026 10:38:12.950] [Render thread/WARN] [io.netty.util.internal.SystemPropertyUtil/]: Unable to parse the boolean system property 'java.net.preferIPv6Addresses':system - using the default value: false
[19Apr2026 10:38:12.996] [Render thread/INFO] [mixin/]: Mixing client.MixinClientHandshakePacketListenerImpl from mixins/forge/nochatreports-forge.mixins.json into net.minecraft.client.multiplayer.ClientHandshakePacketListenerImpl
[19Apr2026 10:38:13.052] [Netty Local Client IO #0/INFO] [mixin/]: Mixing server.MixinServerboundChatCommandPacket from mixins/common/nochatreports.mixins.json into net.minecraft.network.protocol.game.ServerboundChatCommandPacket
[19Apr2026 10:38:13.053] [Netty Local Client IO #0/INFO] [mixin/]: Mixing server.MixinServerboundChatPacket from mixins/common/nochatreports.mixins.json into net.minecraft.network.protocol.game.ServerboundChatPacket
[19Apr2026 10:38:13.055] [Netty Local Client IO #0/INFO] [mixin/]: Mixing server.MixinServerboundChatSessionUpdatePacket from mixins/common/nochatreports.mixins.json into net.minecraft.network.protocol.game.ServerboundChatSessionUpdatePacket
[19Apr2026 10:38:18.264] [Netty Local Client IO #0/INFO] [net.minecraftforge.network.NetworkHooks/]: Connected to a modded server.
[19Apr2026 10:38:18.321] [Server thread/INFO] [net.minecraft.server.players.PlayerList/]: Bigh2011x[local:E:b9d279c1] logged in with entity id 20 at (578.7083425716226, 94.4256795323996, 26.398240512750103)
[19Apr2026 10:38:18.408] [Server thread/INFO] [ModernFix/]: Using enhanced recipe sync for player Bigh2011x
[19Apr2026 10:38:18.443] [Server thread/INFO] [net.minecraft.server.MinecraftServer/]: Bigh2011x joined the game
[19Apr2026 10:38:18.504] [Render thread/INFO] [Inventory Profiles Next/]: [Inventory Profiles Next] Loaded 27 external GUI hints
[19Apr2026 10:38:18.504] [Render thread/INFO] [Inventory Profiles Next/]: [Inventory Profiles Next] Loaded 798 build-in GUI hints
[19Apr2026 10:38:18.504] [Render thread/INFO] [Inventory Profiles Next/]: [Inventory Profiles Next] Effective GUI hints after merge: 809
[19Apr2026 10:38:18.518] [Render thread/INFO] [Oculus/]: Reloading pipeline on dimension change: NamespacedId{namespace='minecraft', name='overworld'} => NamespacedId{namespace='minecraft', name='overworld'}
[19Apr2026 10:38:18.518] [Render thread/INFO] [Oculus/]: Destroying pipeline NamespacedId{namespace='minecraft', name='overworld'}
[19Apr2026 10:38:18.525] [Render thread/INFO] [Oculus/]: Creating pipeline for dimension NamespacedId{namespace='minecraft', name='overworld'}
[19Apr2026 10:38:18.525] [Netty Local Client IO #0/INFO] [FTB Quests/]: Read 374074 bytes, 1897 objects
[19Apr2026 10:38:18.526] [Render thread/INFO] [Oculus/]: Starting custom uniform resolving
[19Apr2026 10:38:18.529] [Render thread/WARN] [Oculus/]: Failed to resolve uniform inPaleGarden, reason: Unknown variable: BIOME_PALE_GARDEN ( = FunctionCall{smooth {[Number{54}, FunctionCall{if {[FunctionCall{in {[Id{biome}, Id{BIOME_PALE_GARDEN}]} }, Number{1}, Number{0}]} }, Number{15}, Number{15}]} })
java.lang.RuntimeException: Unknown variable: BIOME_PALE_GARDEN
	at kroppeb.stareval.resolver.ExpressionResolver.resolveExpressionInternal(ExpressionResolver.java:220) ~[oculus-mc1.20.1-1.8.0.jar%23419!/:?]
	at kroppeb.stareval.resolver.ExpressionResolver.resolveCallExpressionInternal(ExpressionResolver.java:81) ~[oculus-mc1.20.1-1.8.0.jar%23419!/:?]
	at kroppeb.stareval.resolver.ExpressionResolver.resolveCallExpression(ExpressionResolver.java:140) ~[oculus-mc1.20.1-1.8.0.jar%23419!/:?]
	at kroppeb.stareval.resolver.ExpressionResolver.resolveExpressionInternal(ExpressionResolver.java:194) ~[oculus-mc1.20.1-1.8.0.jar%23419!/:?]
	at kroppeb.stareval.resolver.ExpressionResolver.resolveCallExpressionInternal(ExpressionResolver.java:81) ~[oculus-mc1.20.1-1.8.0.jar%23419!/:?]
	at kroppeb.stareval.resolver.ExpressionResolver.resolveCallExpression(ExpressionResolver.java:140) ~[oculus-mc1.20.1-1.8.0.jar%23419!/:?]
	at kroppeb.stareval.resolver.ExpressionResolver.resolveCallExpression(ExpressionResolver.java:127) ~[oculus-mc1.20.1-1.8.0.jar%23419!/:?]
	at kroppeb.stareval.resolver.ExpressionResolver.resolveExpressionInternal(ExpressionResolver.java:194) ~[oculus-mc1.20.1-1.8.0.jar%23419!/:?]
	at kroppeb.stareval.resolver.ExpressionResolver.resolveCallExpressionInternal(ExpressionResolver.java:81) ~[oculus-mc1.20.1-1.8.0.jar%23419!/:?]
	at kroppeb.stareval.resolver.ExpressionResolver.resolveCallExpression(ExpressionResolver.java:140) ~[oculus-mc1.20.1-1.8.0.jar%23419!/:?]
	at kroppeb.stareval.resolver.ExpressionResolver.resolveExpressionInternal(ExpressionResolver.java:194) ~[oculus-mc1.20.1-1.8.0.jar%23419!/:?]
	at kroppeb.stareval.resolver.ExpressionResolver.resolveExpression(ExpressionResolver.java:50) ~[oculus-mc1.20.1-1.8.0.jar%23419!/:?]
	at net.irisshaders.iris.uniforms.custom.CustomUniforms.<init>(CustomUniforms.java:62) ~[oculus-mc1.20.1-1.8.0.jar%23419!/:?]
	at net.irisshaders.iris.uniforms.custom.CustomUniforms$Builder.build(CustomUniforms.java:334) ~[oculus-mc1.20.1-1.8.0.jar%23419!/:?]
	at net.irisshaders.iris.uniforms.custom.CustomUniforms$Builder.build(CustomUniforms.java:345) ~[oculus-mc1.20.1-1.8.0.jar%23419!/:?]
	at net.irisshaders.iris.pipeline.IrisRenderingPipeline.<init>(IrisRenderingPipeline.java:263) ~[oculus-mc1.20.1-1.8.0.jar%23419!/:?]
	at net.irisshaders.iris.Iris.createPipeline(Iris.java:623) ~[oculus-mc1.20.1-1.8.0.jar%23419!/:?]
	at net.irisshaders.iris.pipeline.PipelineManager.preparePipeline(PipelineManager.java:33) ~[oculus-mc1.20.1-1.8.0.jar%23419!/:?]
	at net.minecraft.client.Minecraft.handler$bjl000$iris$resetPipeline(Minecraft.java:7964) ~[client-1.20.1-20230612.114412-srg.jar%23464!/:?]
	at net.minecraft.client.Minecraft.m_91324_(Minecraft.java) ~[client-1.20.1-20230612.114412-srg.jar%23464!/:?]
	at net.minecraft.client.Minecraft.m_91156_(Minecraft.java:2078) ~[client-1.20.1-20230612.114412-srg.jar%23464!/:?]
	at net.minecraft.client.multiplayer.ClientPacketListener.m_5998_(ClientPacketListener.java:404) ~[client-1.20.1-20230612.114412-srg.jar%23464!/:?]
	at net.minecraft.network.protocol.game.ClientboundLoginPacket.m_5797_(ClientboundLoginPacket.java:95) ~[client-1.20.1-20230612.114412-srg.jar%23464!/:?]
	at net.minecraft.network.protocol.game.ClientboundLoginPacket.m_5797_(ClientboundLoginPacket.java:25) ~[client-1.20.1-20230612.114412-srg.jar%23464!/:?]
	at net.minecraft.network.protocol.PacketUtils.m_263899_(PacketUtils.java:22) ~[client-1.20.1-20230612.114412-srg.jar%23464!/:?]
	at net.minecraft.util.thread.BlockableEventLoop.m_6367_(BlockableEventLoop.java:156) ~[client-1.20.1-20230612.114412-srg.jar%23464!/:?]
	at net.minecraft.util.thread.ReentrantBlockableEventLoop.m_6367_(ReentrantBlockableEventLoop.java:23) ~[client-1.20.1-20230612.114412-srg.jar%23464!/:?]
	at net.minecraft.util.thread.BlockableEventLoop.m_7245_(BlockableEventLoop.java:130) ~[client-1.20.1-20230612.114412-srg.jar%23464!/:?]
	at net.minecraft.util.thread.BlockableEventLoop.m_18699_(BlockableEventLoop.java:115) ~[client-1.20.1-20230612.114412-srg.jar%23464!/:?]
	at net.minecraft.client.Minecraft.m_91383_(Minecraft.java:1106) ~[client-1.20.1-20230612.114412-srg.jar%23464!/:?]
	at net.minecraft.client.Minecraft.m_91374_(Minecraft.java:718) ~[client-1.20.1-20230612.114412-srg.jar%23464!/:?]
	at net.minecraft.client.main.Main.main(Main.java:218) ~[minecraft-1.20.1-client.jar:?]
	at jdk.internal.reflect.NativeMethodAccessorImpl.invoke0(Native Method) ~[?:?]
	at jdk.internal.reflect.NativeMethodAccessorImpl.invoke(NativeMethodAccessorImpl.java:77) ~[?:?]
	at jdk.internal.reflect.DelegatingMethodAccessorImpl.invoke(DelegatingMethodAccessorImpl.java:43) ~[?:?]
	at java.lang.reflect.Method.invoke(Method.java:569) ~[?:?]
	at net.minecraftforge.fml.loading.targets.CommonLaunchHandler.runTarget(CommonLaunchHandler.java:111) ~[fmlloader-1.20.1-47.4.16.jar:?]
	at net.minecraftforge.fml.loading.targets.CommonLaunchHandler.clientService(CommonLaunchHandler.java:99) ~[fmlloader-1.20.1-47.4.16.jar:?]
	at net.minecraftforge.fml.loading.targets.CommonClientLaunchHandler.lambda$makeService$0(CommonClientLaunchHandler.java:25) ~[fmlloader-1.20.1-47.4.16.jar:?]
	at cpw.mods.modlauncher.LaunchServiceHandlerDecorator.launch(LaunchServiceHandlerDecorator.java:30) ~[modlauncher-10.0.9.jar:?]
	at cpw.mods.modlauncher.LaunchServiceHandler.launch(LaunchServiceHandler.java:53) ~[modlauncher-10.0.9.jar:?]
	at cpw.mods.modlauncher.LaunchServiceHandler.launch(LaunchServiceHandler.java:71) ~[modlauncher-10.0.9.jar:?]
	at cpw.mods.modlauncher.Launcher.run(Launcher.java:108) ~[modlauncher-10.0.9.jar:?]
	at cpw.mods.modlauncher.Launcher.main(Launcher.java:78) ~[modlauncher-10.0.9.jar:?]
	at cpw.mods.modlauncher.BootstrapLaunchConsumer.accept(BootstrapLaunchConsumer.java:26) ~[modlauncher-10.0.9.jar:?]
	at cpw.mods.modlauncher.BootstrapLaunchConsumer.accept(BootstrapLaunchConsumer.java:23) ~[modlauncher-10.0.9.jar:?]
	at cpw.mods.bootstraplauncher.BootstrapLauncher.main(BootstrapLauncher.java:141) ~[bootstraplauncher-1.1.2.jar:?]
	at jdk.internal.reflect.NativeMethodAccessorImpl.invoke0(Native Method) ~[?:?]
	at jdk.internal.reflect.NativeMethodAccessorImpl.invoke(NativeMethodAccessorImpl.java:77) ~[?:?]
	at jdk.internal.reflect.DelegatingMethodAccessorImpl.invoke(DelegatingMethodAccessorImpl.java:43) ~[?:?]
	at java.lang.reflect.Method.invoke(Method.java:569) ~[?:?]
	at io.github.zekerzhayard.forgewrapper.installer.Main.main(Main.java:67) ~[?:?]
	at org.prismlauncher.launcher.impl.StandardLauncher.launch(StandardLauncher.java:115) ~[?:?]
	at org.prismlauncher.EntryPoint.listen(EntryPoint.java:129) ~[?:?]
	at org.prismlauncher.EntryPoint.main(EntryPoint.java:70) ~[?:?]
[19Apr2026 10:38:18.533] [Server thread/INFO] [Jade/]: Syncing config to Bigh2011x (4ad7ad70-dd98-470a-a438-bf61b02daec8)
[19Apr2026 10:38:19.599] [Render thread/WARN] [Oculus/]: Error while parsing the block ID map entry for "block.10104":
[19Apr2026 10:38:19.599] [Render thread/WARN] [Oculus/]: - The block minecraft:stone_slab has no property with the name variant, ignoring!
[19Apr2026 10:38:19.627] [Render thread/WARN] [flywheel/]: Flywheel backend fell back from 'flywheel:indirect' to 'flywheel:off'
[19Apr2026 10:38:19.630] [Render thread/WARN] [Embeddium-MixinTaintDetector/]: Mod(s) [oculus] are modifying Embeddium class me.jellysquid.mods.sodium.client.render.chunk.RenderSectionManager, which may cause instability.
[19Apr2026 10:38:19.637] [Render thread/WARN] [Embeddium-MixinTaintDetector/]: Mod(s) [oculus] are modifying Embeddium class me.jellysquid.mods.sodium.client.render.chunk.compile.tasks.ChunkBuilderMeshingTask, which may cause instability.
[19Apr2026 10:38:19.652] [Render thread/WARN] [Embeddium-MixinTaintDetector/]: Mod(s) [oculus] are modifying Embeddium class me.jellysquid.mods.sodium.client.render.chunk.vertex.format.ChunkMeshFormats, which may cause instability.
[19Apr2026 10:38:19.653] [Render thread/WARN] [Embeddium-MixinTaintDetector/]: Mod(s) [oculus] are modifying Embeddium class me.jellysquid.mods.sodium.client.render.chunk.vertex.format.ChunkMeshAttribute, which may cause instability.
[19Apr2026 10:38:19.656] [Render thread/WARN] [Embeddium-MixinTaintDetector/]: Mod(s) [oculus] are modifying Embeddium class me.jellysquid.mods.sodium.client.gl.attribute.GlVertexFormat$Builder, which may cause instability.
[19Apr2026 10:38:19.658] [Render thread/WARN] [Embeddium-MixinTaintDetector/]: Mod(s) [oculus] are modifying Embeddium class me.jellysquid.mods.sodium.client.gl.attribute.GlVertexAttributeFormat, which may cause instability.
[19Apr2026 10:38:19.660] [Render thread/WARN] [Embeddium-MixinTaintDetector/]: Mod(s) [oculus] are modifying Embeddium class me.jellysquid.mods.sodium.client.render.chunk.DefaultChunkRenderer, which may cause instability.
[19Apr2026 10:38:19.663] [Render thread/WARN] [Embeddium-MixinTaintDetector/]: Mod(s) [oculus] are modifying Embeddium class me.jellysquid.mods.sodium.client.render.chunk.ShaderChunkRenderer, which may cause instability.
[19Apr2026 10:38:19.675] [Render thread/WARN] [Embeddium-MixinTaintDetector/]: Mod(s) [oculus] are modifying Embeddium class me.jellysquid.mods.sodium.client.render.chunk.compile.ChunkBuildBuffers, which may cause instability.
[19Apr2026 10:38:19.678] [Render thread/WARN] [Embeddium-MixinTaintDetector/]: Mod(s) [oculus] are modifying Embeddium class me.jellysquid.mods.sodium.client.render.chunk.vertex.builder.ChunkMeshBufferBuilder, which may cause instability.
[19Apr2026 10:38:19.680] [Render thread/WARN] [Embeddium-MixinTaintDetector/]: Mod(s) [oculus] are modifying Embeddium class me.jellysquid.mods.sodium.client.render.chunk.compile.buffers.BakedChunkModelBuilder, which may cause instability.
[19Apr2026 10:38:19.692] [Render thread/WARN] [mixin/]: Error loading class: net/fabricmc/fabric/api/blockview/v2/FabricBlockView (java.lang.ClassNotFoundException: net.fabricmc.fabric.api.blockview.v2.FabricBlockView)
[19Apr2026 10:38:19.694] [Render thread/WARN] [mixin/]: Error loading class: net/fabricmc/fabric/api/rendering/data/v1/RenderAttachedBlockView (java.lang.ClassNotFoundException: net.fabricmc.fabric.api.rendering.data.v1.RenderAttachedBlockView)
[19Apr2026 10:38:19.706] [Render thread/WARN] [Embeddium-MixinTaintDetector/]: Mod(s) [oculus] are modifying Embeddium class me.jellysquid.mods.sodium.client.model.light.smooth.SmoothLightPipeline, which may cause instability.
[19Apr2026 10:38:19.709] [Render thread/WARN] [Embeddium-MixinTaintDetector/]: Mod(s) [oculus] are modifying Embeddium class me.jellysquid.mods.sodium.client.model.light.flat.FlatLightPipeline, which may cause instability.
[19Apr2026 10:38:19.744] [Render thread/INFO] [ChunkBuilder/]: Started 6 worker threads
[19Apr2026 10:38:19.812] [Render thread/INFO] [mezz.jei.forge.startup.StartEventObserver/]: JEI StartEventObserver received class net.minecraftforge.client.event.ClientPlayerNetworkEvent$LoggingIn
[19Apr2026 10:38:19.812] [Render thread/INFO] [mezz.jei.forge.startup.StartEventObserver/]: JEI StartEventObserver transitioning state from DISABLED to ENABLED
[19Apr2026 10:38:19.867] [Render thread/INFO] [mezz.jei.forge.startup.StartEventObserver/]: JEI StartEventObserver received class net.minecraftforge.event.TagsUpdatedEvent
[19Apr2026 10:38:19.927] [Render thread/WARN] [net.minecraft.client.ClientRecipeBook/]: Unknown recipe category: avaritia:compressor_recipe/avaritia:emerald_singularity
[19Apr2026 10:38:19.930] [Render thread/WARN] [net.minecraft.client.ClientRecipeBook/]: Unknown recipe category: avaritia:compressor_recipe/avaritia:gold_singularity
[19Apr2026 10:38:19.931] [Render thread/WARN] [net.minecraft.client.ClientRecipeBook/]: Unknown recipe category: avaritia:compressor_recipe/avaritia:lead_singularity
[19Apr2026 10:38:19.932] [Render thread/WARN] [net.minecraft.client.ClientRecipeBook/]: Unknown recipe category: avaritia:compressor_recipe/avaritia:blue_ice_singularity
[19Apr2026 10:38:19.932] [Render thread/WARN] [net.minecraft.client.ClientRecipeBook/]: Unknown recipe category: avaritia:compressor_recipe/avaritia:amethyst_shard_singularity
[19Apr2026 10:38:19.934] [Render thread/WARN] [net.minecraft.client.ClientRecipeBook/]: Unknown recipe category: avaritia:compressor_recipe/avaritia:diamond_singularity
[19Apr2026 10:38:19.935] [Render thread/WARN] [net.minecraft.client.ClientRecipeBook/]: Unknown recipe category: avaritia:compressor_recipe/avaritia:platinum_singularity
[19Apr2026 10:38:19.936] [Render thread/WARN] [net.minecraft.client.ClientRecipeBook/]: Unknown recipe category: avaritia:crafting_table_recipe/avaritia:full_matter_cluster
[19Apr2026 10:38:19.938] [Render thread/WARN] [net.minecraft.client.ClientRecipeBook/]: Unknown recipe category: avaritia:compressor_recipe/avaritia:invar_singularity
[19Apr2026 10:38:19.939] [Render thread/WARN] [net.minecraft.client.ClientRecipeBook/]: Unknown recipe category: avaritia:compressor_recipe/avaritia:bronze_singularity
[19Apr2026 10:38:19.952] [Render thread/WARN] [net.minecraft.client.ClientRecipeBook/]: Unknown recipe category: avaritia:crafting_table_recipe/avaritia:eternal_singularity
[19Apr2026 10:38:19.954] [Render thread/WARN] [net.minecraft.client.ClientRecipeBook/]: Unknown recipe category: avaritia:compressor_recipe/avaritia:iron_singularity
[19Apr2026 10:38:19.958] [Render thread/WARN] [net.minecraft.client.ClientRecipeBook/]: Unknown recipe category: avaritia:extreme_smithing_recipe/avaritia:infinity_bucket
[19Apr2026 10:38:19.958] [Render thread/WARN] [net.minecraft.client.ClientRecipeBook/]: Unknown recipe category: avaritia:compressor_recipe/avaritia:coal_singularity
[19Apr2026 10:38:19.959] [Render thread/WARN] [net.minecraft.client.ClientRecipeBook/]: Unknown recipe category: avaritia:extreme_smithing_recipe/avaritia:infinity_chest
[19Apr2026 10:38:19.960] [Render thread/WARN] [net.minecraft.client.ClientRecipeBook/]: Unknown recipe category: avaritia:compressor_recipe/avaritia:redstone_singularity
[19Apr2026 10:38:19.961] [Render thread/WARN] [net.minecraft.client.ClientRecipeBook/]: Unknown recipe category: avaritia:compressor_recipe/avaritia:steel_singularity
[19Apr2026 10:38:19.962] [Render thread/WARN] [net.minecraft.client.ClientRecipeBook/]: Unknown recipe category: avaritia:crafting_table_recipe/avaritia:ancient_debris_eight
[19Apr2026 10:38:19.963] [Render thread/WARN] [net.minecraft.client.ClientRecipeBook/]: Unknown recipe category: avaritia:compressor_recipe/avaritia:nickel_singularity
[19Apr2026 10:38:19.966] [Render thread/WARN] [net.minecraft.client.ClientRecipeBook/]: Unknown recipe category: avaritia:extreme_smithing_recipe/avaritia:endless_cake
[19Apr2026 10:38:19.967] [Render thread/WARN] [net.minecraft.client.ClientRecipeBook/]: Unknown recipe category: avaritia:compressor_recipe/avaritia:glowstone_singularity
[19Apr2026 10:38:19.971] [Render thread/WARN] [net.minecraft.client.ClientRecipeBook/]: Unknown recipe category: avaritia:extreme_smithing_recipe/avaritia:infinity_elytra
[19Apr2026 10:38:19.972] [Render thread/WARN] [net.minecraft.client.ClientRecipeBook/]: Unknown recipe category: avaritia:compressor_recipe/avaritia:uranium_singularity
[19Apr2026 10:38:19.972] [Render thread/WARN] [net.minecraft.client.ClientRecipeBook/]: Unknown recipe category: avaritia:extreme_smithing_recipe/avaritia:neutron_horse_armor
[19Apr2026 10:38:19.974] [Render thread/WARN] [net.minecraft.client.ClientRecipeBook/]: Unknown recipe category: avaritia:compressor_recipe/avaritia:copper_singularity
[19Apr2026 10:38:19.974] [Render thread/WARN] [net.minecraft.client.ClientRecipeBook/]: Unknown recipe category: avaritia:compressor_recipe/avaritia:netherite_singularity
[19Apr2026 10:38:19.975] [Render thread/WARN] [net.minecraft.client.ClientRecipeBook/]: Unknown recipe category: avaritia:extreme_smithing_recipe/avaritia:infinity_totem
[19Apr2026 10:38:19.975] [Render thread/WARN] [net.minecraft.client.ClientRecipeBook/]: Unknown recipe category: avaritia:extreme_smithing_recipe/avaritia:infinity_clock
[19Apr2026 10:38:19.976] [Render thread/WARN] [net.minecraft.client.ClientRecipeBook/]: Unknown recipe category: avaritia:crafting_table_recipe/avaritia:infinity_catalyst_eternal
[19Apr2026 10:38:19.977] [Render thread/WARN] [net.minecraft.client.ClientRecipeBook/]: Unknown recipe category: avaritia:compressor_recipe/avaritia:quartz_singularity
[19Apr2026 10:38:19.979] [Render thread/WARN] [net.minecraft.client.ClientRecipeBook/]: Unknown recipe category: avaritia:extreme_smithing_recipe/avaritia:extreme_anvil
[19Apr2026 10:38:19.980] [Render thread/WARN] [net.minecraft.client.ClientRecipeBook/]: Unknown recipe category: avaritia:compressor_recipe/avaritia:silver_singularity
[19Apr2026 10:38:19.980] [Render thread/WARN] [net.minecraft.client.ClientRecipeBook/]: Unknown recipe category: avaritia:compressor_recipe/avaritia:obsidian_singularity
[19Apr2026 10:38:19.981] [Render thread/WARN] [net.minecraft.client.ClientRecipeBook/]: Unknown recipe category: avaritia:compressor_recipe/avaritia:osmium_singularity
[19Apr2026 10:38:19.982] [Render thread/WARN] [net.minecraft.client.ClientRecipeBook/]: Unknown recipe category: avaritia:compressor_recipe/avaritia:electrum_singularity
[19Apr2026 10:38:19.985] [Render thread/WARN] [net.minecraft.client.ClientRecipeBook/]: Unknown recipe category: avaritia:crafting_table_recipe/avaritia:infinity_catalyst
[19Apr2026 10:38:19.988] [Render thread/WARN] [net.minecraft.client.ClientRecipeBook/]: Unknown recipe category: avaritia:compressor_recipe/avaritia:tin_singularity
[19Apr2026 10:38:19.989] [Render thread/WARN] [net.minecraft.client.ClientRecipeBook/]: Unknown recipe category: avaritia:compressor_recipe/avaritia:lapis_lazuli_singularity
[19Apr2026 10:38:20.000] [Render thread/INFO] [mezz.jei.forge.startup.StartEventObserver/]: JEI StartEventObserver received class net.minecraftforge.client.event.RecipesUpdatedEvent
[19Apr2026 10:38:20.000] [Render thread/INFO] [mezz.jei.forge.startup.StartEventObserver/]: JEI StartEventObserver transitioning state from ENABLED to JEI_STARTED
[19Apr2026 10:38:20.000] [Render thread/INFO] [mezz.jei.core.util.LoggedTimer/]: Starting JEI...
[19Apr2026 10:38:20.009] [Render thread/INFO] [mezz.jei.library.load.PluginCaller/]: Registering item subtypes...
[19Apr2026 10:38:20.037] [Render thread/INFO] [mezz.jei.library.load.PluginCallerTimerRunnable/]: Registering item subtypes: ad_astra:jei took 12.00 milliseconds
[19Apr2026 10:38:20.038] [Render thread/INFO] [mezz.jei.library.load.PluginCaller/]: Registering item subtypes took 28.59 ms
[19Apr2026 10:38:20.038] [Render thread/INFO] [mezz.jei.library.load.PluginCaller/]: Registering fluid subtypes...
[19Apr2026 10:38:20.040] [Render thread/INFO] [mezz.jei.library.load.PluginCaller/]: Registering fluid subtypes took 1.848 ms
[19Apr2026 10:38:20.042] [Render thread/INFO] [mezz.jei.library.load.PluginCaller/]: Registering ingredients...
[19Apr2026 10:38:20.107] [Render thread/WARN] [mezz.jei.library.plugins.vanilla.ingredients.ItemStackListFactory/]: Item Group has no display items and no search tab display items. Items from this group will be missing from the JEI ingredient list. Operator Utilities
[19Apr2026 10:38:20.474] [Render thread/INFO] [mezz.jei.library.load.PluginCallerTimerRunnable/]: Registering ingredients: jei:minecraft took 431.4 milliseconds
[19Apr2026 10:38:20.474] [Render thread/INFO] [GregTechCEu/]: JEI register ingredients
[19Apr2026 10:38:20.474] [Render thread/INFO] [mezz.jei.library.load.PluginCaller/]: Registering ingredients took 432.1 ms
[19Apr2026 10:38:20.474] [Render thread/INFO] [mezz.jei.library.load.PluginCaller/]: Registering extra ingredients...
[19Apr2026 10:38:20.478] [Render thread/INFO] [mezz.jei.library.load.PluginCaller/]: Registering extra ingredients took 3.788 ms
[19Apr2026 10:38:20.479] [Render thread/INFO] [mezz.jei.library.load.PluginCaller/]: Registering search ingredient aliases...
[19Apr2026 10:38:20.480] [Render thread/INFO] [mezz.jei.library.load.PluginCaller/]: Registering search ingredient aliases took 802.6 μs
[19Apr2026 10:38:20.496] [Render thread/INFO] [mezz.jei.library.load.PluginCaller/]: Registering categories...
[19Apr2026 10:38:20.512] [Render thread/INFO] [mezz.jei.library.load.PluginCallerTimerRunnable/]: Registering categories: jei:minecraft took 15.44 milliseconds
[19Apr2026 10:38:20.577] [Render thread/INFO] [mezz.jei.library.load.PluginCallerTimerRunnable/]: Registering categories: create:jei_plugin took 41.98 milliseconds
[19Apr2026 10:38:20.593] [Render thread/INFO] [GregTechCEu/]: JEI register categories
[19Apr2026 10:38:20.672] [Render thread/INFO] [mezz.jei.library.load.PluginCallerTimerRunnable/]: Registering categories: gtceu:jei_plugin took 79.48 milliseconds
[19Apr2026 10:38:20.688] [Render thread/INFO] [mezz.jei.library.load.PluginCaller/]: Registering categories took 191.7 ms
[19Apr2026 10:38:20.688] [Render thread/INFO] [mezz.jei.library.load.PluginCaller/]: Registering vanilla category extensions...
[19Apr2026 10:38:20.692] [Render thread/INFO] [mezz.jei.library.load.PluginCaller/]: Registering vanilla category extensions took 3.974 ms
[19Apr2026 10:38:20.693] [Render thread/INFO] [mezz.jei.library.load.PluginCaller/]: Registering recipe catalysts...
[19Apr2026 10:38:20.705] [Render thread/INFO] [mezz.jei.library.load.PluginCaller/]: Registering recipe catalysts took 11.84 ms
[19Apr2026 10:38:20.706] [Render thread/INFO] [mezz.jei.core.util.LoggedTimer/]: Building recipe registry...
[19Apr2026 10:38:20.728] [Render thread/INFO] [mezz.jei.core.util.LoggedTimer/]: Building recipe registry took 22.58 ms
[19Apr2026 10:38:20.729] [Render thread/INFO] [mezz.jei.library.load.PluginCaller/]: Registering advanced plugins...
[19Apr2026 10:38:20.731] [Render thread/INFO] [mezz.jei.library.load.registration.AdvancedRegistration/]: Added recipe manager plugin: class dan200.computercraft.client.integration.jei.RecipeResolver
[19Apr2026 10:38:20.732] [Render thread/INFO] [mezz.jei.library.load.registration.AdvancedRegistration/]: Added recipe category decorator: class com.almostreliable.unified.compat.AlmostJEI$Decorator for recipe type: minecraft:crafting
[19Apr2026 10:38:20.732] [Render thread/INFO] [mezz.jei.library.load.registration.AdvancedRegistration/]: Added recipe category decorator: class com.almostreliable.unified.compat.AlmostJEI$Decorator for recipe type: minecraft:stonecutting
[19Apr2026 10:38:20.732] [Render thread/INFO] [mezz.jei.library.load.registration.AdvancedRegistration/]: Added recipe category decorator: class com.almostreliable.unified.compat.AlmostJEI$Decorator for recipe type: minecraft:furnace
[19Apr2026 10:38:20.732] [Render thread/INFO] [mezz.jei.library.load.registration.AdvancedRegistration/]: Added recipe category decorator: class com.almostreliable.unified.compat.AlmostJEI$Decorator for recipe type: minecraft:smoking
[19Apr2026 10:38:20.732] [Render thread/INFO] [mezz.jei.library.load.registration.AdvancedRegistration/]: Added recipe category decorator: class com.almostreliable.unified.compat.AlmostJEI$Decorator for recipe type: minecraft:blasting
[19Apr2026 10:38:20.732] [Render thread/INFO] [mezz.jei.library.load.registration.AdvancedRegistration/]: Added recipe category decorator: class com.almostreliable.unified.compat.AlmostJEI$Decorator for recipe type: minecraft:campfire
[19Apr2026 10:38:20.732] [Render thread/INFO] [mezz.jei.library.load.registration.AdvancedRegistration/]: Added recipe category decorator: class com.almostreliable.unified.compat.AlmostJEI$Decorator for recipe type: minecraft:smithing
[19Apr2026 10:38:20.732] [Render thread/INFO] [mezz.jei.library.load.registration.AdvancedRegistration/]: Added recipe category decorator: class com.almostreliable.unified.compat.AlmostJEI$Decorator for recipe type: minecraft:compostable
[19Apr2026 10:38:20.732] [Render thread/INFO] [mezz.jei.library.load.registration.AdvancedRegistration/]: Added recipe category decorator: class com.almostreliable.unified.compat.AlmostJEI$Decorator for recipe type: minecraft:fuel
[19Apr2026 10:38:20.732] [Render thread/INFO] [mezz.jei.library.load.registration.AdvancedRegistration/]: Added recipe category decorator: class com.almostreliable.unified.compat.AlmostJEI$Decorator for recipe type: minecraft:brewing
[19Apr2026 10:38:20.732] [Render thread/INFO] [mezz.jei.library.load.registration.AdvancedRegistration/]: Added recipe category decorator: class com.almostreliable.unified.compat.AlmostJEI$Decorator for recipe type: minecraft:anvil
[19Apr2026 10:38:20.732] [Render thread/INFO] [mezz.jei.library.load.registration.AdvancedRegistration/]: Added recipe category decorator: class com.almostreliable.unified.compat.AlmostJEI$Decorator for recipe type: architects_palette:warping
[19Apr2026 10:38:20.732] [Render thread/INFO] [mezz.jei.library.load.registration.AdvancedRegistration/]: Added recipe category decorator: class com.almostreliable.unified.compat.AlmostJEI$Decorator for recipe type: farmersdelight:cooking
[19Apr2026 10:38:20.732] [Render thread/INFO] [mezz.jei.library.load.registration.AdvancedRegistration/]: Added recipe category decorator: class com.almostreliable.unified.compat.AlmostJEI$Decorator for recipe type: farmersdelight:cutting
[19Apr2026 10:38:20.732] [Render thread/INFO] [mezz.jei.library.load.registration.AdvancedRegistration/]: Added recipe category decorator: class com.almostreliable.unified.compat.AlmostJEI$Decorator for recipe type: farmersdelight:decomposition
[19Apr2026 10:38:20.732] [Render thread/INFO] [mezz.jei.library.load.registration.AdvancedRegistration/]: Added recipe category decorator: class com.almostreliable.unified.compat.AlmostJEI$Decorator for recipe type: ars_nouveau:glyph_recipe
[19Apr2026 10:38:20.732] [Render thread/INFO] [mezz.jei.library.load.registration.AdvancedRegistration/]: Added recipe category decorator: class com.almostreliable.unified.compat.AlmostJEI$Decorator for recipe type: ars_nouveau:crush
[19Apr2026 10:38:20.732] [Render thread/INFO] [mezz.jei.library.load.registration.AdvancedRegistration/]: Added recipe category decorator: class com.almostreliable.unified.compat.AlmostJEI$Decorator for recipe type: ars_nouveau:imbuement
[19Apr2026 10:38:20.732] [Render thread/INFO] [mezz.jei.library.load.registration.AdvancedRegistration/]: Added recipe category decorator: class com.almostreliable.unified.compat.AlmostJEI$Decorator for recipe type: ars_nouveau:enchanting_apparatus
[19Apr2026 10:38:20.732] [Render thread/INFO] [mezz.jei.library.load.registration.AdvancedRegistration/]: Added recipe category decorator: class com.almostreliable.unified.compat.AlmostJEI$Decorator for recipe type: ars_nouveau:enchantment_apparatus
[19Apr2026 10:38:20.732] [Render thread/INFO] [mezz.jei.library.load.registration.AdvancedRegistration/]: Added recipe category decorator: class com.almostreliable.unified.compat.AlmostJEI$Decorator for recipe type: ars_nouveau:armor_upgrade
[19Apr2026 10:38:20.732] [Render thread/INFO] [mezz.jei.library.load.registration.AdvancedRegistration/]: Added recipe category decorator: class com.almostreliable.unified.compat.AlmostJEI$Decorator for recipe type: ars_nouveau:budding_conversion
[19Apr2026 10:38:20.732] [Render thread/INFO] [mezz.jei.library.load.registration.AdvancedRegistration/]: Added recipe category decorator: class com.almostreliable.unified.compat.AlmostJEI$Decorator for recipe type: ars_nouveau:scry_ritual
[19Apr2026 10:38:20.732] [Render thread/INFO] [mezz.jei.library.load.registration.AdvancedRegistration/]: Added recipe category decorator: class com.almostreliable.unified.compat.AlmostJEI$Decorator for recipe type: avaritia:compressor
[19Apr2026 10:38:20.732] [Render thread/INFO] [mezz.jei.library.load.registration.AdvancedRegistration/]: Added recipe category decorator: class com.almostreliable.unified.compat.AlmostJEI$Decorator for recipe type: avaritia:sculk_craft
[19Apr2026 10:38:20.732] [Render thread/INFO] [mezz.jei.library.load.registration.AdvancedRegistration/]: Added recipe category decorator: class com.almostreliable.unified.compat.AlmostJEI$Decorator for recipe type: avaritia:nether_craft
[19Apr2026 10:38:20.732] [Render thread/INFO] [mezz.jei.library.load.registration.AdvancedRegistration/]: Added recipe category decorator: class com.almostreliable.unified.compat.AlmostJEI$Decorator for recipe type: avaritia:end_craft
[19Apr2026 10:38:20.732] [Render thread/INFO] [mezz.jei.library.load.registration.AdvancedRegistration/]: Added recipe category decorator: class com.almostreliable.unified.compat.AlmostJEI$Decorator for recipe type: avaritia:extreme_craft
[19Apr2026 10:38:20.732] [Render thread/INFO] [mezz.jei.library.load.registration.AdvancedRegistration/]: Added recipe category decorator: class com.almostreliable.unified.compat.AlmostJEI$Decorator for recipe type: avaritia:extreme_smithing
[19Apr2026 10:38:20.732] [Render thread/INFO] [mezz.jei.library.load.registration.AdvancedRegistration/]: Added recipe category decorator: class com.almostreliable.unified.compat.AlmostJEI$Decorator for recipe type: create:milling
[19Apr2026 10:38:20.732] [Render thread/INFO] [mezz.jei.library.load.registration.AdvancedRegistration/]: Added recipe category decorator: class com.almostreliable.unified.compat.AlmostJEI$Decorator for recipe type: create:crushing
[19Apr2026 10:38:20.732] [Render thread/INFO] [mezz.jei.library.load.registration.AdvancedRegistration/]: Added recipe category decorator: class com.almostreliable.unified.compat.AlmostJEI$Decorator for recipe type: create:pressing
[19Apr2026 10:38:20.732] [Render thread/INFO] [mezz.jei.library.load.registration.AdvancedRegistration/]: Added recipe category decorator: class com.almostreliable.unified.compat.AlmostJEI$Decorator for recipe type: create:fan_washing
[19Apr2026 10:38:20.732] [Render thread/INFO] [mezz.jei.library.load.registration.AdvancedRegistration/]: Added recipe category decorator: class com.almostreliable.unified.compat.AlmostJEI$Decorator for recipe type: create:fan_smoking
[19Apr2026 10:38:20.732] [Render thread/INFO] [mezz.jei.library.load.registration.AdvancedRegistration/]: Added recipe category decorator: class com.almostreliable.unified.compat.AlmostJEI$Decorator for recipe type: create:fan_blasting
[19Apr2026 10:38:20.732] [Render thread/INFO] [mezz.jei.library.load.registration.AdvancedRegistration/]: Added recipe category decorator: class com.almostreliable.unified.compat.AlmostJEI$Decorator for recipe type: create:fan_haunting
[19Apr2026 10:38:20.732] [Render thread/INFO] [mezz.jei.library.load.registration.AdvancedRegistration/]: Added recipe category decorator: class com.almostreliable.unified.compat.AlmostJEI$Decorator for recipe type: create:mixing
[19Apr2026 10:38:20.732] [Render thread/INFO] [mezz.jei.library.load.registration.AdvancedRegistration/]: Added recipe category decorator: class com.almostreliable.unified.compat.AlmostJEI$Decorator for recipe type: create:automatic_shapeless
[19Apr2026 10:38:20.732] [Render thread/INFO] [mezz.jei.library.load.registration.AdvancedRegistration/]: Added recipe category decorator: class com.almostreliable.unified.compat.AlmostJEI$Decorator for recipe type: create:automatic_brewing
[19Apr2026 10:38:20.732] [Render thread/INFO] [mezz.jei.library.load.registration.AdvancedRegistration/]: Added recipe category decorator: class com.almostreliable.unified.compat.AlmostJEI$Decorator for recipe type: create:packing
[19Apr2026 10:38:20.732] [Render thread/INFO] [mezz.jei.library.load.registration.AdvancedRegistration/]: Added recipe category decorator: class com.almostreliable.unified.compat.AlmostJEI$Decorator for recipe type: create:automatic_packing
[19Apr2026 10:38:20.732] [Render thread/INFO] [mezz.jei.library.load.registration.AdvancedRegistration/]: Added recipe category decorator: class com.almostreliable.unified.compat.AlmostJEI$Decorator for recipe type: create:sawing
[19Apr2026 10:38:20.732] [Render thread/INFO] [mezz.jei.library.load.registration.AdvancedRegistration/]: Added recipe category decorator: class com.almostreliable.unified.compat.AlmostJEI$Decorator for recipe type: create:block_cutting
[19Apr2026 10:38:20.732] [Render thread/INFO] [mezz.jei.library.load.registration.AdvancedRegistration/]: Added recipe category decorator: class com.almostreliable.unified.compat.AlmostJEI$Decorator for recipe type: create:sandpaper_polishing
[19Apr2026 10:38:20.732] [Render thread/INFO] [mezz.jei.library.load.registration.AdvancedRegistration/]: Added recipe category decorator: class com.almostreliable.unified.compat.AlmostJEI$Decorator for recipe type: create:item_application
[19Apr2026 10:38:20.732] [Render thread/INFO] [mezz.jei.library.load.registration.AdvancedRegistration/]: Added recipe category decorator: class com.almostreliable.unified.compat.AlmostJEI$Decorator for recipe type: create:deploying
[19Apr2026 10:38:20.732] [Render thread/INFO] [mezz.jei.library.load.registration.AdvancedRegistration/]: Added recipe category decorator: class com.almostreliable.unified.compat.AlmostJEI$Decorator for recipe type: create:spout_filling
[19Apr2026 10:38:20.732] [Render thread/INFO] [mezz.jei.library.load.registration.AdvancedRegistration/]: Added recipe category decorator: class com.almostreliable.unified.compat.AlmostJEI$Decorator for recipe type: create:draining
[19Apr2026 10:38:20.732] [Render thread/INFO] [mezz.jei.library.load.registration.AdvancedRegistration/]: Added recipe category decorator: class com.almostreliable.unified.compat.AlmostJEI$Decorator for recipe type: create:automatic_shaped
[19Apr2026 10:38:20.732] [Render thread/INFO] [mezz.jei.library.load.registration.AdvancedRegistration/]: Added recipe category decorator: class com.almostreliable.unified.compat.AlmostJEI$Decorator for recipe type: create:mechanical_crafting
[19Apr2026 10:38:20.732] [Render thread/INFO] [mezz.jei.library.load.registration.AdvancedRegistration/]: Added recipe category decorator: class com.almostreliable.unified.compat.AlmostJEI$Decorator for recipe type: create:sequenced_assembly
[19Apr2026 10:38:20.732] [Render thread/INFO] [mezz.jei.library.load.registration.AdvancedRegistration/]: Added recipe category decorator: class com.almostreliable.unified.compat.AlmostJEI$Decorator for recipe type: create:mystery_conversion
[19Apr2026 10:38:20.732] [Render thread/INFO] [mezz.jei.library.load.registration.AdvancedRegistration/]: Added recipe category decorator: class com.almostreliable.unified.compat.AlmostJEI$Decorator for recipe type: framedblocks:framing_saw
[19Apr2026 10:38:20.732] [Render thread/INFO] [mezz.jei.library.load.registration.AdvancedRegistration/]: Added recipe category decorator: class com.almostreliable.unified.compat.AlmostJEI$Decorator for recipe type: ftbquests:quest
[19Apr2026 10:38:20.732] [Render thread/INFO] [mezz.jei.library.load.registration.AdvancedRegistration/]: Added recipe category decorator: class com.almostreliable.unified.compat.AlmostJEI$Decorator for recipe type: ftbquests:loot_crate
[19Apr2026 10:38:20.732] [Render thread/INFO] [mezz.jei.library.load.registration.AdvancedRegistration/]: Added recipe category decorator: class com.almostreliable.unified.compat.AlmostJEI$Decorator for recipe type: ae2:item_transformation
[19Apr2026 10:38:20.732] [Render thread/INFO] [mezz.jei.library.load.registration.AdvancedRegistration/]: Added recipe category decorator: class com.almostreliable.unified.compat.AlmostJEI$Decorator for recipe type: ae2:condenser
[19Apr2026 10:38:20.732] [Render thread/INFO] [mezz.jei.library.load.registration.AdvancedRegistration/]: Added recipe category decorator: class com.almostreliable.unified.compat.AlmostJEI$Decorator for recipe type: ae2:inscriber
[19Apr2026 10:38:20.732] [Render thread/INFO] [mezz.jei.library.load.registration.AdvancedRegistration/]: Added recipe category decorator: class com.almostreliable.unified.compat.AlmostJEI$Decorator for recipe type: ae2:charger
[19Apr2026 10:38:20.732] [Render thread/INFO] [mezz.jei.library.load.registration.AdvancedRegistration/]: Added recipe category decorator: class com.almostreliable.unified.compat.AlmostJEI$Decorator for recipe type: ae2:attunement
[19Apr2026 10:38:20.733] [Render thread/INFO] [mezz.jei.library.load.registration.AdvancedRegistration/]: Added recipe category decorator: class com.almostreliable.unified.compat.AlmostJEI$Decorator for recipe type: ae2:certus_growth
[19Apr2026 10:38:20.733] [Render thread/INFO] [mezz.jei.library.load.registration.AdvancedRegistration/]: Added recipe category decorator: class com.almostreliable.unified.compat.AlmostJEI$Decorator for recipe type: ae2:entropy
[19Apr2026 10:38:20.733] [Render thread/INFO] [mezz.jei.library.load.registration.AdvancedRegistration/]: Added recipe category decorator: class com.almostreliable.unified.compat.AlmostJEI$Decorator for recipe type: gtceu:multiblock_info
[19Apr2026 10:38:20.733] [Render thread/INFO] [mezz.jei.library.load.registration.AdvancedRegistration/]: Added recipe category decorator: class com.almostreliable.unified.compat.AlmostJEI$Decorator for recipe type: gtceu:ore_processing_diagram
[19Apr2026 10:38:20.733] [Render thread/INFO] [mezz.jei.library.load.registration.AdvancedRegistration/]: Added recipe category decorator: class com.almostreliable.unified.compat.AlmostJEI$Decorator for recipe type: gtceu:ore_vein_diagram
[19Apr2026 10:38:20.733] [Render thread/INFO] [mezz.jei.library.load.registration.AdvancedRegistration/]: Added recipe category decorator: class com.almostreliable.unified.compat.AlmostJEI$Decorator for recipe type: gtceu:bedrock_fluid_diagram
[19Apr2026 10:38:20.733] [Render thread/INFO] [mezz.jei.library.load.registration.AdvancedRegistration/]: Added recipe category decorator: class com.almostreliable.unified.compat.AlmostJEI$Decorator for recipe type: gtceu:steam_turbine
[19Apr2026 10:38:20.733] [Render thread/INFO] [mezz.jei.library.load.registration.AdvancedRegistration/]: Added recipe category decorator: class com.almostreliable.unified.compat.AlmostJEI$Decorator for recipe type: gtceu:fusion_reactor
[19Apr2026 10:38:20.733] [Render thread/INFO] [mezz.jei.library.load.registration.AdvancedRegistration/]: Added recipe category decorator: class com.almostreliable.unified.compat.AlmostJEI$Decorator for recipe type: gtceu:atomic_hyperforge
[19Apr2026 10:38:20.733] [Render thread/INFO] [mezz.jei.library.load.registration.AdvancedRegistration/]: Added recipe category decorator: class com.almostreliable.unified.compat.AlmostJEI$Decorator for recipe type: gtceu:mixer
[19Apr2026 10:38:20.733] [Render thread/INFO] [mezz.jei.library.load.registration.AdvancedRegistration/]: Added recipe category decorator: class com.almostreliable.unified.compat.AlmostJEI$Decorator for recipe type: gtceu:assembler
[19Apr2026 10:38:20.733] [Render thread/INFO] [mezz.jei.library.load.registration.AdvancedRegistration/]: Added recipe category decorator: class com.almostreliable.unified.compat.AlmostJEI$Decorator for recipe type: gtceu:macerator_recycling
[19Apr2026 10:38:20.733] [Render thread/INFO] [mezz.jei.library.load.registration.AdvancedRegistration/]: Added recipe category decorator: class com.almostreliable.unified.compat.AlmostJEI$Decorator for recipe type: gtceu:centrifuge
[19Apr2026 10:38:20.733] [Render thread/INFO] [mezz.jei.library.load.registration.AdvancedRegistration/]: Added recipe category decorator: class com.almostreliable.unified.compat.AlmostJEI$Decorator for recipe type: gtceu:research_station
[19Apr2026 10:38:20.733] [Render thread/INFO] [mezz.jei.library.load.registration.AdvancedRegistration/]: Added recipe category decorator: class com.almostreliable.unified.compat.AlmostJEI$Decorator for recipe type: gtceu:ore_washer
[19Apr2026 10:38:20.733] [Render thread/INFO] [mezz.jei.library.load.registration.AdvancedRegistration/]: Added recipe category decorator: class com.almostreliable.unified.compat.AlmostJEI$Decorator for recipe type: gtceu:cracker
[19Apr2026 10:38:20.733] [Render thread/INFO] [mezz.jei.library.load.registration.AdvancedRegistration/]: Added recipe category decorator: class com.almostreliable.unified.compat.AlmostJEI$Decorator for recipe type: gtceu:canner
[19Apr2026 10:38:20.733] [Render thread/INFO] [mezz.jei.library.load.registration.AdvancedRegistration/]: Added recipe category decorator: class com.almostreliable.unified.compat.AlmostJEI$Decorator for recipe type: gtceu:gas_turbine
[19Apr2026 10:38:20.733] [Render thread/INFO] [mezz.jei.library.load.registration.AdvancedRegistration/]: Added recipe category decorator: class com.almostreliable.unified.compat.AlmostJEI$Decorator for recipe type: gtceu:combustion_generator
[19Apr2026 10:38:20.733] [Render thread/INFO] [mezz.jei.library.load.registration.AdvancedRegistration/]: Added recipe category decorator: class com.almostreliable.unified.compat.AlmostJEI$Decorator for recipe type: gtceu:electrolyzer
[19Apr2026 10:38:20.733] [Render thread/INFO] [mezz.jei.library.load.registration.AdvancedRegistration/]: Added recipe category decorator: class com.almostreliable.unified.compat.AlmostJEI$Decorator for recipe type: gtceu:extractor_recycling
[19Apr2026 10:38:20.733] [Render thread/INFO] [mezz.jei.library.load.registration.AdvancedRegistration/]: Added recipe category decorator: class com.almostreliable.unified.compat.AlmostJEI$Decorator for recipe type: gtceu:primitive_blast_furnace
[19Apr2026 10:38:20.733] [Render thread/INFO] [mezz.jei.library.load.registration.AdvancedRegistration/]: Added recipe category decorator: class com.almostreliable.unified.compat.AlmostJEI$Decorator for recipe type: gtceu:rock_breaker
[19Apr2026 10:38:20.733] [Render thread/INFO] [mezz.jei.library.load.registration.AdvancedRegistration/]: Added recipe category decorator: class com.almostreliable.unified.compat.AlmostJEI$Decorator for recipe type: gtceu:vacuum_freezer
[19Apr2026 10:38:20.733] [Render thread/INFO] [mezz.jei.library.load.registration.AdvancedRegistration/]: Added recipe category decorator: class com.almostreliable.unified.compat.AlmostJEI$Decorator for recipe type: gtceu:large_boiler
[19Apr2026 10:38:20.733] [Render thread/INFO] [mezz.jei.library.load.registration.AdvancedRegistration/]: Added recipe category decorator: class com.almostreliable.unified.compat.AlmostJEI$Decorator for recipe type: gtceu:distillery
[19Apr2026 10:38:20.733] [Render thread/INFO] [mezz.jei.library.load.registration.AdvancedRegistration/]: Added recipe category decorator: class com.almostreliable.unified.compat.AlmostJEI$Decorator for recipe type: gtceu:lathe
[19Apr2026 10:38:20.733] [Render thread/INFO] [mezz.jei.library.load.registration.AdvancedRegistration/]: Added recipe category decorator: class com.almostreliable.unified.compat.AlmostJEI$Decorator for recipe type: gtceu:wiremill
[19Apr2026 10:38:20.733] [Render thread/INFO] [mezz.jei.library.load.registration.AdvancedRegistration/]: Added recipe category decorator: class com.almostreliable.unified.compat.AlmostJEI$Decorator for recipe type: gtceu:construction_core
[19Apr2026 10:38:20.733] [Render thread/INFO] [mezz.jei.library.load.registration.AdvancedRegistration/]: Added recipe category decorator: class com.almostreliable.unified.compat.AlmostJEI$Decorator for recipe type: gtceu:steam_boiler
[19Apr2026 10:38:20.733] [Render thread/INFO] [mezz.jei.library.load.registration.AdvancedRegistration/]: Added recipe category decorator: class com.almostreliable.unified.compat.AlmostJEI$Decorator for recipe type: gtceu:ore_crushing
[19Apr2026 10:38:20.733] [Render thread/INFO] [mezz.jei.library.load.registration.AdvancedRegistration/]: Added recipe category decorator: class com.almostreliable.unified.compat.AlmostJEI$Decorator for recipe type: gtceu:chem_dyes
[19Apr2026 10:38:20.733] [Render thread/INFO] [mezz.jei.library.load.registration.AdvancedRegistration/]: Added recipe category decorator: class com.almostreliable.unified.compat.AlmostJEI$Decorator for recipe type: gtceu:macerator
[19Apr2026 10:38:20.733] [Render thread/INFO] [mezz.jei.library.load.registration.AdvancedRegistration/]: Added recipe category decorator: class com.almostreliable.unified.compat.AlmostJEI$Decorator for recipe type: gtceu:electric_blast_furnace
[19Apr2026 10:38:20.733] [Render thread/INFO] [mezz.jei.library.load.registration.AdvancedRegistration/]: Added recipe category decorator: class com.almostreliable.unified.compat.AlmostJEI$Decorator for recipe type: gtceu:air_scrubber
[19Apr2026 10:38:20.733] [Render thread/INFO] [mezz.jei.library.load.registration.AdvancedRegistration/]: Added recipe category decorator: class com.almostreliable.unified.compat.AlmostJEI$Decorator for recipe type: gtceu:chemical_bath
[19Apr2026 10:38:20.733] [Render thread/INFO] [mezz.jei.library.load.registration.AdvancedRegistration/]: Added recipe category decorator: class com.almostreliable.unified.compat.AlmostJEI$Decorator for recipe type: gtceu:gas_collector
[19Apr2026 10:38:20.733] [Render thread/INFO] [mezz.jei.library.load.registration.AdvancedRegistration/]: Added recipe category decorator: class com.almostreliable.unified.compat.AlmostJEI$Decorator for recipe type: gtceu:arc_furnace_recycling
[19Apr2026 10:38:20.733] [Render thread/INFO] [mezz.jei.library.load.registration.AdvancedRegistration/]: Added recipe category decorator: class com.almostreliable.unified.compat.AlmostJEI$Decorator for recipe type: gtceu:forming_press
[19Apr2026 10:38:20.733] [Render thread/INFO] [mezz.jei.library.load.registration.AdvancedRegistration/]: Added recipe category decorator: class com.almostreliable.unified.compat.AlmostJEI$Decorator for recipe type: gtceu:fission_reactor
[19Apr2026 10:38:20.733] [Render thread/INFO] [mezz.jei.library.load.registration.AdvancedRegistration/]: Added recipe category decorator: class com.almostreliable.unified.compat.AlmostJEI$Decorator for recipe type: gtceu:sifter
[19Apr2026 10:38:20.733] [Render thread/INFO] [mezz.jei.library.load.registration.AdvancedRegistration/]: Added recipe category decorator: class com.almostreliable.unified.compat.AlmostJEI$Decorator for recipe type: gtceu:laser_engraver
[19Apr2026 10:38:20.733] [Render thread/INFO] [mezz.jei.library.load.registration.AdvancedRegistration/]: Added recipe category decorator: class com.almostreliable.unified.compat.AlmostJEI$Decorator for recipe type: gtceu:scanner
[19Apr2026 10:38:20.733] [Render thread/INFO] [mezz.jei.library.load.registration.AdvancedRegistration/]: Added recipe category decorator: class com.almostreliable.unified.compat.AlmostJEI$Decorator for recipe type: gtceu:large_chemical_reactor
[19Apr2026 10:38:20.733] [Render thread/INFO] [mezz.jei.library.load.registration.AdvancedRegistration/]: Added recipe category decorator: class com.almostreliable.unified.compat.AlmostJEI$Decorator for recipe type: gtceu:fluid_solidifier
[19Apr2026 10:38:20.733] [Render thread/INFO] [mezz.jei.library.load.registration.AdvancedRegistration/]: Added recipe category decorator: class com.almostreliable.unified.compat.AlmostJEI$Decorator for recipe type: gtceu:electromagnetic_separator
[19Apr2026 10:38:20.733] [Render thread/INFO] [mezz.jei.library.load.registration.AdvancedRegistration/]: Added recipe category decorator: class com.almostreliable.unified.compat.AlmostJEI$Decorator for recipe type: gtceu:chemical_reactor
[19Apr2026 10:38:20.733] [Render thread/INFO] [mezz.jei.library.load.registration.AdvancedRegistration/]: Added recipe category decorator: class com.almostreliable.unified.compat.AlmostJEI$Decorator for recipe type: gtceu:alloy_smelter
[19Apr2026 10:38:20.733] [Render thread/INFO] [mezz.jei.library.load.registration.AdvancedRegistration/]: Added recipe category decorator: class com.almostreliable.unified.compat.AlmostJEI$Decorator for recipe type: gtceu:polarizer
[19Apr2026 10:38:20.733] [Render thread/INFO] [mezz.jei.library.load.registration.AdvancedRegistration/]: Added recipe category decorator: class com.almostreliable.unified.compat.AlmostJEI$Decorator for recipe type: gtceu:ore_bathing
[19Apr2026 10:38:20.733] [Render thread/INFO] [mezz.jei.library.load.registration.AdvancedRegistration/]: Added recipe category decorator: class com.almostreliable.unified.compat.AlmostJEI$Decorator for recipe type: gtceu:plasma_generator
[19Apr2026 10:38:20.733] [Render thread/INFO] [mezz.jei.library.load.registration.AdvancedRegistration/]: Added recipe category decorator: class com.almostreliable.unified.compat.AlmostJEI$Decorator for recipe type: gtceu:forge_hammer
[19Apr2026 10:38:20.733] [Render thread/INFO] [mezz.jei.library.load.registration.AdvancedRegistration/]: Added recipe category decorator: class com.almostreliable.unified.compat.AlmostJEI$Decorator for recipe type: gtceu:coke_oven
[19Apr2026 10:38:20.733] [Render thread/INFO] [mezz.jei.library.load.registration.AdvancedRegistration/]: Added recipe category decorator: class com.almostreliable.unified.compat.AlmostJEI$Decorator for recipe type: gtceu:implosion_compressor
[19Apr2026 10:38:20.733] [Render thread/INFO] [mezz.jei.library.load.registration.AdvancedRegistration/]: Added recipe category decorator: class com.almostreliable.unified.compat.AlmostJEI$Decorator for recipe type: gtceu:extractor
[19Apr2026 10:38:20.733] [Render thread/INFO] [mezz.jei.library.load.registration.AdvancedRegistration/]: Added recipe category decorator: class com.almostreliable.unified.compat.AlmostJEI$Decorator for recipe type: gtceu:greenhouse
[19Apr2026 10:38:20.733] [Render thread/INFO] [mezz.jei.library.load.registration.AdvancedRegistration/]: Added recipe category decorator: class com.almostreliable.unified.compat.AlmostJEI$Decorator for recipe type: gtceu:ore_forging
[19Apr2026 10:38:20.733] [Render thread/INFO] [mezz.jei.library.load.registration.AdvancedRegistration/]: Added recipe category decorator: class com.almostreliable.unified.compat.AlmostJEI$Decorator for recipe type: gtceu:fermenter
[19Apr2026 10:38:20.733] [Render thread/INFO] [mezz.jei.library.load.registration.AdvancedRegistration/]: Added recipe category decorator: class com.almostreliable.unified.compat.AlmostJEI$Decorator for recipe type: gtceu:extruder
[19Apr2026 10:38:20.733] [Render thread/INFO] [mezz.jei.library.load.registration.AdvancedRegistration/]: Added recipe category decorator: class com.almostreliable.unified.compat.AlmostJEI$Decorator for recipe type: gtceu:brewery
[19Apr2026 10:38:20.733] [Render thread/INFO] [mezz.jei.library.load.registration.AdvancedRegistration/]: Added recipe category decorator: class com.almostreliable.unified.compat.AlmostJEI$Decorator for recipe type: gtceu:alloy_blast_smelter
[19Apr2026 10:38:20.733] [Render thread/INFO] [mezz.jei.library.load.registration.AdvancedRegistration/]: Added recipe category decorator: class com.almostreliable.unified.compat.AlmostJEI$Decorator for recipe type: gtceu:ingot_molding
[19Apr2026 10:38:20.733] [Render thread/INFO] [mezz.jei.library.load.registration.AdvancedRegistration/]: Added recipe category decorator: class com.almostreliable.unified.compat.AlmostJEI$Decorator for recipe type: gtceu:compressor
[19Apr2026 10:38:20.733] [Render thread/INFO] [mezz.jei.library.load.registration.AdvancedRegistration/]: Added recipe category decorator: class com.almostreliable.unified.compat.AlmostJEI$Decorator for recipe type: gtceu:supercritical_steam_turbine
[19Apr2026 10:38:20.733] [Render thread/INFO] [mezz.jei.library.load.registration.AdvancedRegistration/]: Added recipe category decorator: class com.almostreliable.unified.compat.AlmostJEI$Decorator for recipe type: gtceu:bender
[19Apr2026 10:38:20.733] [Render thread/INFO] [mezz.jei.library.load.registration.AdvancedRegistration/]: Added recipe category decorator: class com.almostreliable.unified.compat.AlmostJEI$Decorator for recipe type: gtceu:cutter
[19Apr2026 10:38:20.733] [Render thread/INFO] [mezz.jei.library.load.registration.AdvancedRegistration/]: Added recipe category decorator: class com.almostreliable.unified.compat.AlmostJEI$Decorator for recipe type: gtceu:pyrolyse_oven
[19Apr2026 10:38:20.733] [Render thread/INFO] [mezz.jei.library.load.registration.AdvancedRegistration/]: Added recipe category decorator: class com.almostreliable.unified.compat.AlmostJEI$Decorator for recipe type: gtceu:distillation_tower
[19Apr2026 10:38:20.733] [Render thread/INFO] [mezz.jei.library.load.registration.AdvancedRegistration/]: Added recipe category decorator: class com.almostreliable.unified.compat.AlmostJEI$Decorator for recipe type: gtmthings:digital_miner
[19Apr2026 10:38:20.733] [Render thread/INFO] [mezz.jei.library.load.registration.AdvancedRegistration/]: Added recipe category decorator: class com.almostreliable.unified.compat.AlmostJEI$Decorator for recipe type: gtceu:arc_furnace
[19Apr2026 10:38:20.733] [Render thread/INFO] [mezz.jei.library.load.registration.AdvancedRegistration/]: Added recipe category decorator: class com.almostreliable.unified.compat.AlmostJEI$Decorator for recipe type: gtceu:fluid_heater
[19Apr2026 10:38:20.733] [Render thread/INFO] [mezz.jei.library.load.registration.AdvancedRegistration/]: Added recipe category decorator: class com.almostreliable.unified.compat.AlmostJEI$Decorator for recipe type: gtceu:packer
[19Apr2026 10:38:20.733] [Render thread/INFO] [mezz.jei.library.load.registration.AdvancedRegistration/]: Added recipe category decorator: class com.almostreliable.unified.compat.AlmostJEI$Decorator for recipe type: gtceu:circuit_assembler
[19Apr2026 10:38:20.733] [Render thread/INFO] [mezz.jei.library.load.registration.AdvancedRegistration/]: Added recipe category decorator: class com.almostreliable.unified.compat.AlmostJEI$Decorator for recipe type: gtceu:assembly_line
[19Apr2026 10:38:20.733] [Render thread/INFO] [mezz.jei.library.load.registration.AdvancedRegistration/]: Added recipe category decorator: class com.almostreliable.unified.compat.AlmostJEI$Decorator for recipe type: gtceu:autoclave
[19Apr2026 10:38:20.733] [Render thread/INFO] [mezz.jei.library.load.registration.AdvancedRegistration/]: Added recipe category decorator: class com.almostreliable.unified.compat.AlmostJEI$Decorator for recipe type: gtceu:thermal_centrifuge
[19Apr2026 10:38:20.733] [Render thread/INFO] [mezz.jei.library.load.registration.AdvancedRegistration/]: Added recipe category decorator: class com.almostreliable.unified.compat.AlmostJEI$Decorator for recipe type: gtceu:programmed_circuit
[19Apr2026 10:38:20.733] [Render thread/INFO] [mezz.jei.library.load.registration.AdvancedRegistration/]: Added recipe category decorator: class com.almostreliable.unified.compat.AlmostJEI$Decorator for recipe type: expatternprovider:circuit_cutter
[19Apr2026 10:38:20.733] [Render thread/INFO] [mezz.jei.library.load.registration.AdvancedRegistration/]: Added recipe category decorator: class com.almostreliable.unified.compat.AlmostJEI$Decorator for recipe type: create_enchantment_industry:disenchanting
[19Apr2026 10:38:20.733] [Render thread/INFO] [mezz.jei.library.load.registration.AdvancedRegistration/]: Added recipe category decorator: class com.almostreliable.unified.compat.AlmostJEI$Decorator for recipe type: createaddition:rolling
[19Apr2026 10:38:20.733] [Render thread/INFO] [mezz.jei.library.load.registration.AdvancedRegistration/]: Added recipe category decorator: class com.almostreliable.unified.compat.AlmostJEI$Decorator for recipe type: createaddition:charging
[19Apr2026 10:38:20.733] [Render thread/INFO] [mezz.jei.library.load.registration.AdvancedRegistration/]: Added recipe category decorator: class com.almostreliable.unified.compat.AlmostJEI$Decorator for recipe type: createaddition:liquid_burning
[19Apr2026 10:38:20.733] [Render thread/INFO] [mezz.jei.library.load.registration.AdvancedRegistration/]: Added recipe category decorator: class com.almostreliable.unified.compat.AlmostJEI$Decorator for recipe type: ad_astra:compressing
[19Apr2026 10:38:20.733] [Render thread/INFO] [mezz.jei.library.load.registration.AdvancedRegistration/]: Added recipe category decorator: class com.almostreliable.unified.compat.AlmostJEI$Decorator for recipe type: ad_astra:alloying
[19Apr2026 10:38:20.733] [Render thread/INFO] [mezz.jei.library.load.registration.AdvancedRegistration/]: Added recipe category decorator: class com.almostreliable.unified.compat.AlmostJEI$Decorator for recipe type: ad_astra:oxygen_loading
[19Apr2026 10:38:20.733] [Render thread/INFO] [mezz.jei.library.load.registration.AdvancedRegistration/]: Added recipe category decorator: class com.almostreliable.unified.compat.AlmostJEI$Decorator for recipe type: ad_astra:refining
[19Apr2026 10:38:20.733] [Render thread/INFO] [mezz.jei.library.load.registration.AdvancedRegistration/]: Added recipe category decorator: class com.almostreliable.unified.compat.AlmostJEI$Decorator for recipe type: ad_astra:cryo_freezing
[19Apr2026 10:38:20.733] [Render thread/INFO] [mezz.jei.library.load.registration.AdvancedRegistration/]: Added recipe category decorator: class com.almostreliable.unified.compat.AlmostJEI$Decorator for recipe type: ad_astra:nasa_workbench
[19Apr2026 10:38:20.733] [Render thread/INFO] [mezz.jei.library.load.registration.AdvancedRegistration/]: Added recipe category decorator: class com.almostreliable.unified.compat.AlmostJEI$Decorator for recipe type: ad_astra_giselle_addon:fuel_loader
[19Apr2026 10:38:20.733] [Render thread/INFO] [mezz.jei.library.load.registration.AdvancedRegistration/]: Added recipe category decorator: class com.almostreliable.unified.compat.AlmostJEI$Decorator for recipe type: jei:information
[19Apr2026 10:38:20.739] [Render thread/INFO] [mezz.jei.library.load.registration.AdvancedRegistration/]: Added recipe manager plugin: class dev.ftb.mods.ftbxmodcompat.ftbquests.jei.QuestRecipeManagerPlugin
[19Apr2026 10:38:20.741] [Render thread/INFO] [mezz.jei.library.load.registration.AdvancedRegistration/]: Added recipe manager plugin: class dev.ftb.mods.ftbxmodcompat.ftbquests.jei.LootCrateRecipeManagerPlugin
[19Apr2026 10:38:20.741] [Render thread/INFO] [mezz.jei.library.load.PluginCaller/]: Registering advanced plugins took 11.40 ms
[19Apr2026 10:38:20.741] [Render thread/INFO] [mezz.jei.library.load.PluginCaller/]: Registering recipes...
[19Apr2026 10:38:21.692] [Render thread/INFO] [mezz.jei.library.load.PluginCallerTimerRunnable/]: Registering recipes: jei:minecraft took 950.5 milliseconds
[19Apr2026 10:38:21.718] [Render thread/INFO] [mezz.jei.library.load.PluginCallerTimerRunnable/]: Registering recipes: farmersdelight:jei_plugin took 14.21 milliseconds
[19Apr2026 10:38:21.718] [Render thread/INFO] [mezz.jei.library.ingredients.IngredientManager/]: Ingredients are being removed at runtime: 1 net.minecraft.world.item.ItemStack
[19Apr2026 10:38:21.744] [Render thread/INFO] [mezz.jei.library.load.PluginCallerTimerRunnable/]: Registering recipes: ars_nouveau:main took 25.39 milliseconds
[19Apr2026 10:38:23.120] [Render thread/INFO] [mezz.jei.library.load.PluginCallerTimerRunnable/]: Registering recipes: create:jei_plugin took 1.374 seconds
[19Apr2026 10:38:23.211] [Render thread/INFO] [mezz.jei.library.load.PluginCallerTimerRunnable/]: Registering recipes: framedblocks:jei_plugin took 91.64 milliseconds
[19Apr2026 10:38:23.260] [Render thread/INFO] [mezz.jei.library.load.PluginCallerTimerRunnable/]: Registering recipes: ae2:core took 48.62 milliseconds
[19Apr2026 10:38:23.260] [Render thread/INFO] [GregTechCEu/]: JEI register
[19Apr2026 10:38:26.801] [Render thread/INFO] [mezz.jei.library.load.PluginCallerTimerRunnable/]: Registering recipes: gtceu:jei_plugin took 3.540 seconds
[19Apr2026 10:38:26.807] [Render thread/INFO] [mezz.jei.library.load.PluginCaller/]: Registering recipes took 6.066 s
[19Apr2026 10:38:26.816] [Render thread/INFO] [mezz.jei.library.load.PluginCaller/]: Registering recipes transfer handlers...
[19Apr2026 10:38:26.824] [Render thread/INFO] [mezz.jei.library.load.PluginCaller/]: Registering recipes transfer handlers took 7.628 ms
[19Apr2026 10:38:26.824] [Render thread/INFO] [mezz.jei.core.util.LoggedTimer/]: Building runtime...
[19Apr2026 10:38:26.825] [Render thread/INFO] [mezz.jei.library.load.PluginCaller/]: Registering gui handlers...
[19Apr2026 10:38:26.837] [Render thread/INFO] [mezz.jei.library.load.PluginCaller/]: Registering gui handlers took 11.72 ms
[19Apr2026 10:38:26.838] [Render thread/INFO] [mezz.jei.library.load.PluginCaller/]: Registering Runtime...
[19Apr2026 10:38:26.839] [Render thread/INFO] [mezz.jei.gui.startup.JeiGuiStarter/]: Starting JEI GUI
[19Apr2026 10:38:26.840] [Render thread/INFO] [mezz.jei.core.util.LoggedTimer/]: Building ingredient list...
[19Apr2026 10:38:26.936] [Render thread/INFO] [mezz.jei.core.util.LoggedTimer/]: Building ingredient list took 96.40 ms
[19Apr2026 10:38:26.936] [Render thread/INFO] [mezz.jei.core.util.LoggedTimer/]: Building ingredient filter...
[19Apr2026 10:38:26.959] [Render thread/INFO] [mezz.jei.gui.ingredients.IngredientFilter/]: Adding 17043 ingredients
[19Apr2026 10:38:28.356] [Render thread/INFO] [mezz.jei.gui.ingredients.IngredientFilter/]: Added 17043 ingredients
[19Apr2026 10:38:28.357] [Render thread/INFO] [mezz.jei.core.util.LoggedTimer/]: Building ingredient filter took 1.421 s
[19Apr2026 10:38:28.428] [Render thread/INFO] [mezz.jei.library.load.PluginCallerTimerRunnable/]: Registering Runtime: jei:forge_gui took 1.589 seconds
[19Apr2026 10:38:28.429] [Render thread/INFO] [mezz.jei.library.load.PluginCaller/]: Registering Runtime took 1.590 s
[19Apr2026 10:38:28.429] [Render thread/INFO] [mezz.jei.core.util.LoggedTimer/]: Building runtime took 1.605 s
[19Apr2026 10:38:28.429] [Render thread/INFO] [mezz.jei.library.load.PluginCaller/]: Sending Runtime...
[19Apr2026 10:38:28.430] [Render thread/INFO] [mezz.jei.library.ingredients.IngredientManager/]: Ingredients are being added at runtime: 58 net.minecraft.world.item.ItemStack
[19Apr2026 10:38:28.445] [Render thread/INFO] [AlmostUnified/]: [AutoHiding] Hiding 1/2 items for tag '#forge:ingots/electrum' -> [createaddition:electrum_ingot]
[19Apr2026 10:38:28.445] [Render thread/INFO] [AlmostUnified/]: [AutoHiding] Hiding 1/2 items for tag '#forge:storage_blocks/brass' -> [gtceu:brass_block]
[19Apr2026 10:38:28.446] [Render thread/INFO] [AlmostUnified/]: [AutoHiding] Hiding 18/24 items for tag '#forge:ores/gold' -> [ad_astra:venus_gold_ore, gtceu:gold_ore, gtceu:mars_gold_ore, gtceu:red_granite_gold_ore, gtceu:tuff_gold_ore, gtceu:deepslate_gold_ore, gtceu:basalt_gold_ore, gtceu:netherrack_gold_ore, gtceu:mercury_gold_ore, gtceu:blackstone_gold_ore, gtceu:moon_gold_ore, gtceu:sand_gold_ore, gtceu:glacio_gold_ore, gtceu:marble_gold_ore, gtceu:venus_gold_ore, gtceu:gravel_gold_ore, gtceu:endstone_gold_ore, gtceu:red_sand_gold_ore]
[19Apr2026 10:38:28.446] [Render thread/INFO] [AlmostUnified/]: [AutoHiding] Hiding 1/2 items for tag '#forge:dusts/diamond' -> [createaddition:diamond_grit]
[19Apr2026 10:38:28.446] [Render thread/INFO] [AlmostUnified/]: [AutoHiding] Hiding 1/2 items for tag '#forge:plates/gold' -> [gtceu:gold_plate]
[19Apr2026 10:38:28.446] [Render thread/INFO] [AlmostUnified/]: [AutoHiding] Hiding 1/2 items for tag '#forge:plates/electrum' -> [createaddition:electrum_sheet]
[19Apr2026 10:38:28.446] [Render thread/INFO] [AlmostUnified/]: [AutoHiding] Hiding 1/2 items for tag '#forge:raw_materials/zinc' -> [gtceu:raw_zinc]
[19Apr2026 10:38:28.447] [Render thread/INFO] [AlmostUnified/]: [AutoHiding] Hiding 18/23 items for tag '#forge:ores/copper' -> [gtceu:venus_copper_ore, gtceu:tuff_copper_ore, gtceu:red_sand_copper_ore, gtceu:copper_ore, gtceu:sand_copper_ore, gtceu:mars_copper_ore, gtceu:mercury_copper_ore, gtceu:gravel_copper_ore, gtceu:blackstone_copper_ore, gtceu:glacio_copper_ore, ad_astra:glacio_copper_ore, gtceu:netherrack_copper_ore, gtceu:endstone_copper_ore, gtceu:red_granite_copper_ore, gtceu:marble_copper_ore, gtceu:basalt_copper_ore, gtceu:deepslate_copper_ore, gtceu:moon_copper_ore]
[19Apr2026 10:38:28.447] [Render thread/INFO] [AlmostUnified/]: [AutoHiding] Hiding 19/24 items for tag '#forge:ores/diamond' -> [gtceu:glacio_diamond_ore, gtceu:moon_diamond_ore, ad_astra:venus_diamond_ore, gtceu:marble_diamond_ore, gtceu:red_granite_diamond_ore, gtceu:red_sand_diamond_ore, gtceu:netherrack_diamond_ore, gtceu:basalt_diamond_ore, ad_astra:mars_diamond_ore, gtceu:deepslate_diamond_ore, gtceu:endstone_diamond_ore, gtceu:blackstone_diamond_ore, gtceu:sand_diamond_ore, gtceu:gravel_diamond_ore, gtceu:venus_diamond_ore, gtceu:mars_diamond_ore, gtceu:mercury_diamond_ore, gtceu:tuff_diamond_ore, gtceu:diamond_ore]
[19Apr2026 10:38:28.447] [Render thread/INFO] [AlmostUnified/]: [AutoHiding] Hiding 1/2 items for tag '#forge:storage_blocks/zinc' -> [gtceu:zinc_block]
[19Apr2026 10:38:28.447] [Render thread/INFO] [AlmostUnified/]: [AutoHiding] Hiding 1/2 items for tag '#forge:ingots/steel' -> [ad_astra:steel_ingot]
[19Apr2026 10:38:28.447] [Render thread/INFO] [AlmostUnified/]: [AutoHiding] Hiding 1/2 items for tag '#forge:rods/brass' -> [createaddition:brass_rod]
[19Apr2026 10:38:28.447] [Render thread/INFO] [AlmostUnified/]: [AutoHiding] Hiding 2/3 items for tag '#forge:rods/iron' -> [ad_astra:iron_rod, createaddition:iron_rod]
[19Apr2026 10:38:28.447] [Render thread/INFO] [AlmostUnified/]: [AutoHiding] Hiding 1/2 items for tag '#forge:ingots/brass' -> [gtceu:brass_ingot]
[19Apr2026 10:38:28.447] [Render thread/INFO] [AlmostUnified/]: [AutoHiding] Hiding 1/2 items for tag '#forge:nuggets/brass' -> [gtceu:brass_nugget]
[19Apr2026 10:38:28.447] [Render thread/INFO] [AlmostUnified/]: [AutoHiding] Hiding 1/2 items for tag '#forge:nuggets/copper' -> [gtceu:copper_nugget]
[19Apr2026 10:38:28.447] [Render thread/INFO] [AlmostUnified/]: [AutoHiding] Hiding 1/2 items for tag '#forge:nuggets/electrum' -> [createaddition:electrum_nugget]
[19Apr2026 10:38:28.447] [Render thread/INFO] [AlmostUnified/]: [AutoHiding] Hiding 1/2 items for tag '#forge:storage_blocks/electrum' -> [createaddition:electrum_block]
[19Apr2026 10:38:28.447] [Render thread/INFO] [AlmostUnified/]: [AutoHiding] Hiding 1/2 items for tag '#forge:rods/steel' -> [ad_astra:steel_rod]
[19Apr2026 10:38:28.448] [Render thread/INFO] [AlmostUnified/]: [AutoHiding] Hiding 1/2 items for tag '#forge:rods/gold' -> [createaddition:gold_rod]
[19Apr2026 10:38:28.448] [Render thread/INFO] [AlmostUnified/]: [AutoHiding] Hiding 1/2 items for tag '#forge:rods/copper' -> [createaddition:copper_rod]
[19Apr2026 10:38:28.448] [Render thread/INFO] [AlmostUnified/]: [AutoHiding] Hiding 17/22 items for tag '#forge:ores/zinc' -> [gtceu:tuff_zinc_ore, gtceu:red_granite_zinc_ore, gtceu:zinc_ore, gtceu:blackstone_zinc_ore, gtceu:basalt_zinc_ore, gtceu:mercury_zinc_ore, gtceu:moon_zinc_ore, gtceu:gravel_zinc_ore, gtceu:endstone_zinc_ore, gtceu:red_sand_zinc_ore, gtceu:sand_zinc_ore, gtceu:mars_zinc_ore, gtceu:glacio_zinc_ore, gtceu:marble_zinc_ore, gtceu:venus_zinc_ore, gtceu:deepslate_zinc_ore, gtceu:netherrack_zinc_ore]
[19Apr2026 10:38:28.448] [Render thread/INFO] [AlmostUnified/]: [AutoHiding] Hiding 1/2 items for tag '#forge:storage_blocks/steel' -> [ad_astra:steel_block]
[19Apr2026 10:38:28.449] [Render thread/INFO] [AlmostUnified/]: [AutoHiding] Hiding 19/24 items for tag '#forge:ores/coal' -> [gtceu:mercury_coal_ore, gtceu:blackstone_coal_ore, gtceu:netherrack_coal_ore, gtceu:deepslate_coal_ore, gtceu:basalt_coal_ore, gtceu:gravel_coal_ore, gtceu:sand_coal_ore, gtceu:tuff_coal_ore, gtceu:mars_coal_ore, gtceu:coal_ore, gtceu:red_granite_coal_ore, ad_astra:glacio_coal_ore, gtceu:red_sand_coal_ore, gtceu:endstone_coal_ore, gtceu:glacio_coal_ore, ad_astra:venus_coal_ore, gtceu:venus_coal_ore, gtceu:moon_coal_ore, gtceu:marble_coal_ore]
[19Apr2026 10:38:28.449] [Render thread/INFO] [AlmostUnified/]: [AutoHiding] Hiding 1/2 items for tag '#forge:nuggets/steel' -> [ad_astra:steel_nugget]
[19Apr2026 10:38:28.449] [Render thread/INFO] [AlmostUnified/]: [AutoHiding] Hiding 1/2 items for tag '#forge:nuggets/zinc' -> [gtceu:zinc_nugget]
[19Apr2026 10:38:28.449] [Render thread/INFO] [AlmostUnified/]: [AutoHiding] Hiding 1/2 items for tag '#forge:plates/zinc' -> [createaddition:zinc_sheet]
[19Apr2026 10:38:28.449] [Render thread/INFO] [AlmostUnified/]: [AutoHiding] Hiding 21/26 items for tag '#forge:ores/iron' -> [gtceu:sand_iron_ore, gtceu:mars_iron_ore, gtceu:glacio_iron_ore, gtceu:marble_iron_ore, gtceu:venus_iron_ore, gtceu:red_sand_iron_ore, ad_astra:mercury_iron_ore, gtceu:deepslate_iron_ore, gtceu:netherrack_iron_ore, gtceu:mercury_iron_ore, gtceu:moon_iron_ore, ad_astra:moon_iron_ore, ad_astra:glacio_iron_ore, gtceu:tuff_iron_ore, gtceu:red_granite_iron_ore, gtceu:gravel_iron_ore, gtceu:endstone_iron_ore, gtceu:blackstone_iron_ore, gtceu:basalt_iron_ore, gtceu:iron_ore, ad_astra:mars_iron_ore]
[19Apr2026 10:38:28.449] [Render thread/INFO] [AlmostUnified/]: [AutoHiding] Hiding 2/3 items for tag '#forge:plates/iron' -> [ad_astra:iron_plate, gtceu:iron_plate]
[19Apr2026 10:38:28.449] [Render thread/INFO] [AlmostUnified/]: [AutoHiding] Hiding 1/2 items for tag '#forge:plates/brass' -> [gtceu:brass_plate]
[19Apr2026 10:38:28.449] [Render thread/INFO] [AlmostUnified/]: [AutoHiding] Hiding 17/22 items for tag '#forge:ores/emerald' -> [gtceu:deepslate_emerald_ore, gtceu:red_sand_emerald_ore, gtceu:blackstone_emerald_ore, gtceu:sand_emerald_ore, gtceu:mercury_emerald_ore, gtceu:venus_emerald_ore, gtceu:gravel_emerald_ore, gtceu:tuff_emerald_ore, gtceu:mars_emerald_ore, gtceu:emerald_ore, gtceu:glacio_emerald_ore, gtceu:moon_emerald_ore, gtceu:marble_emerald_ore, gtceu:red_granite_emerald_ore, gtceu:netherrack_emerald_ore, gtceu:endstone_emerald_ore, gtceu:basalt_emerald_ore]
[19Apr2026 10:38:28.449] [Render thread/INFO] [AlmostUnified/]: [AutoHiding] Hiding 1/2 items for tag '#forge:storage_blocks/raw_zinc' -> [gtceu:raw_zinc_block]
[19Apr2026 10:38:28.449] [Render thread/INFO] [AlmostUnified/]: [AutoHiding] Hiding 1/2 items for tag '#forge:plates/obsidian' -> [gtceu:obsidian_plate]
[19Apr2026 10:38:28.450] [Render thread/INFO] [AlmostUnified/]: [AutoHiding] Hiding 1/2 items for tag '#forge:rods/electrum' -> [createaddition:electrum_rod]
[19Apr2026 10:38:28.450] [Render thread/INFO] [AlmostUnified/]: [AutoHiding] Hiding 1/2 items for tag '#forge:plates/steel' -> [ad_astra:steel_plate]
[19Apr2026 10:38:28.450] [Render thread/INFO] [AlmostUnified/]: [AutoHiding] Hiding 1/2 items for tag '#forge:ingots/zinc' -> [gtceu:zinc_ingot]
[19Apr2026 10:38:28.450] [Render thread/INFO] [AlmostUnified/]: [AutoHiding] Hiding 18/23 items for tag '#forge:ores/lapis' -> [gtceu:mars_lapis_ore, gtceu:marble_lapis_ore, gtceu:sand_lapis_ore, gtceu:mercury_lapis_ore, gtceu:endstone_lapis_ore, gtceu:blackstone_lapis_ore, gtceu:venus_lapis_ore, gtceu:lapis_ore, gtceu:netherrack_lapis_ore, gtceu:deepslate_lapis_ore, gtceu:tuff_lapis_ore, gtceu:red_sand_lapis_ore, gtceu:gravel_lapis_ore, ad_astra:glacio_lapis_ore, gtceu:basalt_lapis_ore, gtceu:glacio_lapis_ore, gtceu:moon_lapis_ore, gtceu:red_granite_lapis_ore]
[19Apr2026 10:38:28.450] [Render thread/INFO] [AlmostUnified/]: [AutoHiding] Hiding 1/2 items for tag '#forge:plates/copper' -> [gtceu:copper_plate]
[19Apr2026 10:38:28.450] [Render thread/INFO] [AlmostUnified/]: [AutoHiding] Hiding 1/2 items for tag '#forge:dusts/obsidian' -> [gtceu:obsidian_dust]
[19Apr2026 10:38:28.451] [Render thread/INFO] [mezz.jei.library.ingredients.IngredientManager/]: Ingredients are being removed at runtime: 180 net.minecraft.world.item.ItemStack
[19Apr2026 10:38:28.454] [Render thread/INFO] [mezz.jei.library.load.PluginCallerTimerRunnable/]: Sending Runtime: almostunified:jei took 17.77 milliseconds
[19Apr2026 10:38:28.458] [Render thread/INFO] [KubeJS Client/]: jei_hidden.js#2: [minecraft:crafting, minecraft:anvil, minecraft:blasting, minecraft:brewing, minecraft:campfire, minecraft:compostable, minecraft:fuel, minecraft:furnace, minecraft:smithing, minecraft:smoking, minecraft:stonecutting, ae2:attunement, ae2:certus_growth, ae2:condenser, ae2:item_transformation, framedblocks:framing_saw, jei:information, ad_astra:alloying, ad_astra:compressing, ad_astra:cryo_freezing, ad_astra:nasa_workbench, ad_astra:oxygen_loading, ad_astra:refining, ad_astra_giselle_addon:fuel_loader, architects_palette:warping, create:automatic_brewing, create:automatic_packing, create:automatic_shaped, create:automatic_shapeless, create:block_cutting, create:crushing, create:deploying, create:draining, create:fan_blasting, create:fan_haunting, create:fan_smoking, create:fan_washing, create:item_application, create:mechanical_crafting, create:milling, create:mixing, create:mystery_conversion, create:packing, create:pressing, create:sandpaper_polishing, create:sawing, create:sequenced_assembly, create:spout_filling, create_enchantment_industry:disenchanting, createaddition:charging, createaddition:liquid_burning, gtceu:alloy_blast_smelter, gtceu:alloy_smelter, gtceu:arc_furnace, gtceu:assembler, gtceu:assembly_line, gtceu:autoclave, gtceu:bedrock_fluid_diagram, gtceu:bender, gtceu:brewery, gtceu:canner, gtceu:centrifuge, gtceu:chemical_bath, gtceu:chemical_reactor, gtceu:circuit_assembler, gtceu:coke_oven, gtceu:combustion_generator, gtceu:compressor, gtceu:construction_core, gtceu:cracker, gtceu:cutter, gtceu:distillation_tower, gtceu:distillery, gtceu:electric_blast_furnace, gtceu:electrolyzer, gtceu:electromagnetic_separator, gtceu:extractor, gtceu:extruder, gtceu:fermenter, gtceu:fluid_heater, gtceu:fluid_solidifier, gtceu:forge_hammer, gtceu:forming_press, gtceu:fusion_reactor, gtceu:gas_collector, gtceu:gas_turbine, gtceu:greenhouse, gtceu:implosion_compressor, gtceu:large_boiler, gtceu:large_chemical_reactor, gtceu:laser_engraver, gtceu:lathe, gtceu:macerator, gtceu:mixer, gtceu:multiblock_info, gtceu:ore_processing_diagram, gtceu:ore_vein_diagram, gtceu:ore_washer, gtceu:packer, gtceu:plasma_generator, gtceu:polarizer, gtceu:primitive_blast_furnace, gtceu:pyrolyse_oven, gtceu:research_station, gtceu:rock_breaker, gtceu:scanner, gtceu:sifter, gtceu:steam_boiler, gtceu:steam_turbine, gtceu:thermal_centrifuge, gtceu:vacuum_freezer, gtceu:wiremill, gtceu:air_scrubber, avaritia:compressor, avaritia:extreme_craft, farmersdelight:cooking, farmersdelight:cutting, farmersdelight:decomposition, gtceu:atomic_hyperforge, gtceu:arc_furnace_recycling, gtceu:chem_dyes, gtceu:extractor_recycling, gtceu:ingot_molding, gtceu:macerator_recycling, gtceu:ore_bathing, gtceu:ore_crushing, gtceu:ore_forging, expatternprovider:circuit_cutter, gtceu:programmed_circuit, avaritia:extreme_smithing, avaritia:sculk_craft, gtceu:fission_reactor, ars_nouveau:armor_upgrade, ars_nouveau:budding_conversion, ars_nouveau:crush, ars_nouveau:enchanting_apparatus, ars_nouveau:enchantment_apparatus, ars_nouveau:glyph_recipe, ars_nouveau:imbuement, ars_nouveau:scry_ritual] [java.util.ArrayList]
[19Apr2026 10:38:28.460] [Render thread/INFO] [mezz.jei.library.ingredients.IngredientManager/]: Ingredients are being removed at runtime: 9 net.minecraft.world.item.ItemStack
[19Apr2026 10:38:28.461] [Render thread/INFO] [mezz.jei.library.ingredients.IngredientManager/]: Ingredients are being removed at runtime: 752 net.minecraft.world.item.ItemStack
[19Apr2026 10:38:28.467] [Render thread/INFO] [mezz.jei.library.ingredients.IngredientManager/]: Ingredients are being added at runtime: 2 net.minecraftforge.fluids.FluidStack
[19Apr2026 10:38:28.468] [Render thread/INFO] [mezz.jei.library.load.PluginCaller/]: Sending Runtime took 38.68 ms
[19Apr2026 10:38:28.468] [Render thread/INFO] [mezz.jei.core.util.LoggedTimer/]: Starting JEI took 8.468 s
[19Apr2026 10:38:28.499] [Render thread/INFO] [FTB Chunks/]: Loading FTB Chunks client data from world afcdc94b-2d1c-4321-af0d-72289899955e
[19Apr2026 10:38:28.514] [Render thread/INFO] [mixin/]: Mixing client.MixinGuiMessageTag from mixins/common/nochatreports.mixins.json into net.minecraft.client.GuiMessageTag
[19Apr2026 10:38:28.516] [Render thread/INFO] [net.minecraft.client.gui.components.ChatComponent/]: [CHAT] KubeJS errors found [3]! Run '/kubejs errors server' for more info
[19Apr2026 10:38:28.527] [Render thread/INFO] [Jade/]: Received config from the server: 
[19Apr2026 10:38:28.540] [Render thread/INFO] [net.minecraft.advancements.AdvancementList/]: Loaded 392 advancements
[19Apr2026 10:38:28.544] [Render thread/INFO] [patchouli/]: BookContentResourceListenerLoader: Files found in 174.7 μs
[19Apr2026 10:38:28.547] [Render thread/INFO] [patchouli/]: BookContentResourceListenerLoader: Files found in 141.5 μs
[19Apr2026 10:38:28.555] [Render thread/INFO] [patchouli/]: BookContentResourceListenerLoader: Files found in 89.06 μs
[19Apr2026 10:38:28.556] [Render thread/INFO] [patchouli/]: BookContentResourceListenerLoader: Files found in 243.8 μs
[19Apr2026 10:38:28.556] [Render thread/INFO] [patchouli/]: BookContentResourceListenerLoader: Files found in 269.7 μs
[19Apr2026 10:38:28.564] [Render thread/INFO] [patchouli/]: BookContentResourceListenerLoader: Files found in 241.2 μs
[19Apr2026 10:38:28.571] [Render thread/WARN] [patchouli/]: Recipe ad_astra:compressor (of type minecraft:crafting) not found
[19Apr2026 10:38:28.571] [Render thread/WARN] [patchouli/]: Recipe ad_astra:etrionic_capacitor (of type minecraft:crafting) not found
[19Apr2026 10:38:28.572] [Render thread/WARN] [patchouli/]: Recipe ad_astra:fuel_refinery (of type minecraft:crafting) not found
[19Apr2026 10:38:28.573] [Render thread/WARN] [patchouli/]: Recipe ad_astra:etrionic_blast_furnace (of type minecraft:crafting) not found
[19Apr2026 10:38:28.573] [Render thread/WARN] [patchouli/]: Recipe ad_astra:coal_generator (of type minecraft:crafting) not found
[19Apr2026 10:38:28.573] [Render thread/INFO] [patchouli/]: BookContentResourceListenerLoader: Files found in 57.03 μs
[19Apr2026 10:38:28.573] [Render thread/INFO] [patchouli/]: BookContentResourceListenerLoader: Files found in 55.71 μs
[19Apr2026 10:38:28.574] [Render thread/INFO] [patchouli/]: BookContentResourceListenerLoader: Files found in 37.73 μs
[19Apr2026 10:38:28.574] [Render thread/WARN] [patchouli/]: Recipe advancedperipherals:rs_bridge (of type minecraft:crafting) not found
[19Apr2026 10:38:28.575] [Render thread/WARN] [patchouli/]: Recipe advancedperipherals:colony_integrator (of type minecraft:crafting) not found
[19Apr2026 10:38:28.575] [Render thread/INFO] [patchouli/]: BookContentResourceListenerLoader: Files found in 409.2 μs
[19Apr2026 10:38:28.576] [Render thread/INFO] [patchouli/]: BookContentResourceListenerLoader: Files found in 535.8 μs
[19Apr2026 10:38:28.584] [Render thread/INFO] [patchouli/]: BookContentResourceListenerLoader: Files found in 411.8 μs
[19Apr2026 10:38:28.636] [Render thread/INFO] [ModernFix/]: Cleared 170 unneeded book NBT tags
[19Apr2026 10:38:28.870] [Render thread/INFO] [mezz.jei.library.ingredients.IngredientManager/]: Ingredients are being removed at runtime: 54 net.minecraft.world.item.ItemStack
[19Apr2026 10:38:28.871] [Render thread/INFO] [mezz.jei.library.ingredients.IngredientManager/]: Ingredients are being added at runtime: 47 net.minecraft.world.item.ItemStack
[19Apr2026 10:38:28.872] [Render thread/INFO] [mezz.jei.library.ingredients.IngredientManager/]: Ingredients are being removed at runtime: 54 net.minecraft.world.item.ItemStack
[19Apr2026 10:38:28.872] [Render thread/INFO] [mezz.jei.library.ingredients.IngredientManager/]: Ingredients are being added at runtime: 47 net.minecraft.world.item.ItemStack
[19Apr2026 10:38:28.936] [Render thread/INFO] [ChunkBuilder/]: Stopping worker threads
[19Apr2026 10:38:28.938] [Render thread/WARN] [Embeddium-MixinTaintDetector/]: Mod(s) [oculus] are modifying Embeddium class me.jellysquid.mods.sodium.client.gl.shader.GlProgram, which may cause instability.
[19Apr2026 10:38:28.957] [Render thread/INFO] [ChunkBuilder/]: Started 6 worker threads
[19Apr2026 10:38:28.960] [Render thread/WARN] [flywheel/]: Flywheel backend fell back from 'flywheel:indirect' to 'flywheel:off'
[19Apr2026 10:38:29.185] [Render thread/WARN] [Embeddium-MixinTaintDetector/]: Mod(s) [oculus] are modifying Embeddium class me.jellysquid.mods.sodium.client.gl.shader.ShaderType, which may cause instability.
[19Apr2026 10:38:29.232] [Render thread/WARN] [Embeddium-MixinTaintDetector/]: Mod(s) [entity_texture_features] are modifying Embeddium class me.jellysquid.mods.sodium.client.render.immediate.model.EntityRenderer, which may cause instability.
[19Apr2026 10:38:29.828] [Render thread/WARN] [Embeddium-MixinTaintDetector/]: Mod(s) [oculus] are modifying Embeddium class me.jellysquid.mods.sodium.client.render.immediate.CloudRenderer, which may cause instability.
[19Apr2026 10:38:29.842] [Render thread/WARN] [net.minecraft.client.renderer.ShaderInstance/]: Shader clouds could not find uniform named ModelViewMat in the specified shader program.
[19Apr2026 10:38:29.842] [Render thread/WARN] [net.minecraft.client.renderer.ShaderInstance/]: Shader clouds could not find uniform named ProjMat in the specified shader program.
[19Apr2026 10:38:29.842] [Render thread/WARN] [net.minecraft.client.renderer.ShaderInstance/]: Shader clouds could not find uniform named ColorModulator in the specified shader program.
[19Apr2026 10:38:29.842] [Render thread/WARN] [net.minecraft.client.renderer.ShaderInstance/]: Shader clouds could not find uniform named FogStart in the specified shader program.
[19Apr2026 10:38:29.842] [Render thread/WARN] [net.minecraft.client.renderer.ShaderInstance/]: Shader clouds could not find uniform named FogEnd in the specified shader program.
[19Apr2026 10:38:29.842] [Render thread/WARN] [net.minecraft.client.renderer.ShaderInstance/]: Shader clouds could not find uniform named FogColor in the specified shader program.
[19Apr2026 10:38:30.091] [Render thread/INFO] [net.minecraft.client.gui.components.ChatComponent/]: [CHAT] JourneyMap: Press [J]
[19Apr2026 10:38:30.400] [Render thread/WARN] [Embeddium-MixinTaintDetector/]: Mod(s) [oculus] are modifying Embeddium class me.jellysquid.mods.sodium.client.render.chunk.region.RenderRegion$DeviceResources, which may cause instability.
[19Apr2026 10:38:31.100] [Render thread/WARN] [ModernFix/]: Time from main menu to in-game was 20.414892 seconds
[19Apr2026 10:38:31.101] [Render thread/WARN] [ModernFix/]: Total time to load game and open world was 52.305893 seconds
[19Apr2026 10:38:33.365] [Render thread/INFO] [mixin/]: Mixing client.MixinRowHelper from mixins/common/nochatreports.mixins.json into net.minecraft.client.gui.layouts.GridLayout$RowHelper
[19Apr2026 10:38:33.370] [Render thread/INFO] [mixin/]: Mixing client.MixinChatOptionsScreen from mixins/common/nochatreports.mixins.json into net.minecraft.client.gui.screens.ChatOptionsScreen
[19Apr2026 10:38:33.371] [Render thread/INFO] [mixin/]: Renaming synthetic method lambda$init$0(Lnet/minecraft/client/gui/components/AbstractWidget;)V to md7de1fc$lambda$init$0$0 in mixins/common/nochatreports.mixins.json:client.MixinChatOptionsScreen
[19Apr2026 10:38:33.384] [Server thread/INFO] [net.minecraft.client.server.IntegratedServer/]: Saving and pausing game...
[19Apr2026 10:38:33.394] [Server thread/INFO] [net.minecraft.server.MinecraftServer/]: Saving chunks for level 'ServerLevel[New World]'/minecraft:overworld
[19Apr2026 10:38:34.080] [Server thread/INFO] [net.minecraft.server.MinecraftServer/]: Saving chunks for level 'ServerLevel[New World]'/minecraft:the_end
[19Apr2026 10:38:34.081] [Server thread/INFO] [net.minecraft.server.MinecraftServer/]: Saving chunks for level 'ServerLevel[New World]'/ad_astra:venus
[19Apr2026 10:38:34.081] [Server thread/INFO] [net.minecraft.server.MinecraftServer/]: Saving chunks for level 'ServerLevel[New World]'/ad_astra:moon_orbit
[19Apr2026 10:38:34.082] [Server thread/INFO] [net.minecraft.server.MinecraftServer/]: Saving chunks for level 'ServerLevel[New World]'/ad_astra:glacio_orbit
[19Apr2026 10:38:34.082] [Server thread/INFO] [net.minecraft.server.MinecraftServer/]: Saving chunks for level 'ServerLevel[New World]'/ad_astra:earth_orbit
[19Apr2026 10:38:34.083] [Server thread/INFO] [net.minecraft.server.MinecraftServer/]: Saving chunks for level 'ServerLevel[New World]'/ad_astra:mars
[19Apr2026 10:38:34.083] [Server thread/INFO] [net.minecraft.server.MinecraftServer/]: Saving chunks for level 'ServerLevel[New World]'/ad_astra:mars_orbit
[19Apr2026 10:38:34.083] [Server thread/INFO] [net.minecraft.server.MinecraftServer/]: Saving chunks for level 'ServerLevel[New World]'/ad_astra:mercury_orbit
[19Apr2026 10:38:34.083] [Server thread/INFO] [net.minecraft.server.MinecraftServer/]: Saving chunks for level 'ServerLevel[New World]'/ad_astra:venus_orbit
[19Apr2026 10:38:34.084] [Server thread/INFO] [net.minecraft.server.MinecraftServer/]: Saving chunks for level 'ServerLevel[New World]'/minecraft:the_nether
[19Apr2026 10:38:34.085] [Server thread/INFO] [net.minecraft.server.MinecraftServer/]: Saving chunks for level 'ServerLevel[New World]'/ad_astra:moon
[19Apr2026 10:38:34.085] [Server thread/INFO] [net.minecraft.server.MinecraftServer/]: Saving chunks for level 'ServerLevel[New World]'/ad_astra:mercury
[19Apr2026 10:38:34.085] [Server thread/INFO] [net.minecraft.server.MinecraftServer/]: Saving chunks for level 'ServerLevel[New World]'/ad_astra:glacio
[19Apr2026 10:38:34.086] [Server thread/INFO] [net.minecraft.server.MinecraftServer/]: Saving chunks for level 'ServerLevel[New World]'/ae2:spatial_storage
[19Apr2026 10:39:35.974] [Worker-Main-6/ERROR] [net.minecraft.world.entity.decoration.HangingEntity/]: Hanging entity at invalid position: BlockPos{x=-79, y=64, z=-42}
[19Apr2026 10:40:57.000] [Server thread/INFO] [net.minecraft.client.server.IntegratedServer/]: Saving and pausing game...
[19Apr2026 10:40:57.006] [Server thread/INFO] [net.minecraft.server.MinecraftServer/]: Saving chunks for level 'ServerLevel[New World]'/minecraft:overworld
[19Apr2026 10:40:57.022] [Server thread/INFO] [net.minecraft.server.MinecraftServer/]: Saving chunks for level 'ServerLevel[New World]'/minecraft:the_end
[19Apr2026 10:40:57.023] [Server thread/INFO] [net.minecraft.server.MinecraftServer/]: Saving chunks for level 'ServerLevel[New World]'/ad_astra:venus
[19Apr2026 10:40:57.023] [Server thread/INFO] [net.minecraft.server.MinecraftServer/]: Saving chunks for level 'ServerLevel[New World]'/ad_astra:moon_orbit
[19Apr2026 10:40:57.024] [Server thread/INFO] [net.minecraft.server.MinecraftServer/]: Saving chunks for level 'ServerLevel[New World]'/ad_astra:glacio_orbit
[19Apr2026 10:40:57.024] [Server thread/INFO] [net.minecraft.server.MinecraftServer/]: Saving chunks for level 'ServerLevel[New World]'/ad_astra:earth_orbit
[19Apr2026 10:40:57.024] [Server thread/INFO] [net.minecraft.server.MinecraftServer/]: Saving chunks for level 'ServerLevel[New World]'/ad_astra:mars
[19Apr2026 10:40:57.024] [Server thread/INFO] [net.minecraft.server.MinecraftServer/]: Saving chunks for level 'ServerLevel[New World]'/ad_astra:mars_orbit
[19Apr2026 10:40:57.025] [Server thread/INFO] [net.minecraft.server.MinecraftServer/]: Saving chunks for level 'ServerLevel[New World]'/ad_astra:mercury_orbit
[19Apr2026 10:40:57.025] [Server thread/INFO] [net.minecraft.server.MinecraftServer/]: Saving chunks for level 'ServerLevel[New World]'/ad_astra:venus_orbit
[19Apr2026 10:40:57.025] [Server thread/INFO] [net.minecraft.server.MinecraftServer/]: Saving chunks for level 'ServerLevel[New World]'/minecraft:the_nether
[19Apr2026 10:40:57.025] [Server thread/INFO] [net.minecraft.server.MinecraftServer/]: Saving chunks for level 'ServerLevel[New World]'/ad_astra:moon
[19Apr2026 10:40:57.026] [Server thread/INFO] [net.minecraft.server.MinecraftServer/]: Saving chunks for level 'ServerLevel[New World]'/ad_astra:mercury
[19Apr2026 10:40:57.026] [Server thread/INFO] [net.minecraft.server.MinecraftServer/]: Saving chunks for level 'ServerLevel[New World]'/ad_astra:glacio
[19Apr2026 10:40:57.026] [Server thread/INFO] [net.minecraft.server.MinecraftServer/]: Saving chunks for level 'ServerLevel[New World]'/ae2:spatial_storage
[19Apr2026 10:41:31.850] [Server thread/INFO] [net.minecraft.client.server.IntegratedServer/]: Saving and pausing game...
[19Apr2026 10:41:31.854] [Server thread/INFO] [net.minecraft.server.MinecraftServer/]: Saving chunks for level 'ServerLevel[New World]'/minecraft:overworld
[19Apr2026 10:41:31.863] [Server thread/INFO] [net.minecraft.server.MinecraftServer/]: Saving chunks for level 'ServerLevel[New World]'/minecraft:the_end
[19Apr2026 10:41:31.864] [Server thread/INFO] [net.minecraft.server.MinecraftServer/]: Saving chunks for level 'ServerLevel[New World]'/ad_astra:venus
[19Apr2026 10:41:31.864] [Server thread/INFO] [net.minecraft.server.MinecraftServer/]: Saving chunks for level 'ServerLevel[New World]'/ad_astra:moon_orbit
[19Apr2026 10:41:31.864] [Server thread/INFO] [net.minecraft.server.MinecraftServer/]: Saving chunks for level 'ServerLevel[New World]'/ad_astra:glacio_orbit
[19Apr2026 10:41:31.864] [Server thread/INFO] [net.minecraft.server.MinecraftServer/]: Saving chunks for level 'ServerLevel[New World]'/ad_astra:earth_orbit
[19Apr2026 10:41:31.865] [Server thread/INFO] [net.minecraft.server.MinecraftServer/]: Saving chunks for level 'ServerLevel[New World]'/ad_astra:mars
[19Apr2026 10:41:31.865] [Server thread/INFO] [net.minecraft.server.MinecraftServer/]: Saving chunks for level 'ServerLevel[New World]'/ad_astra:mars_orbit
[19Apr2026 10:41:31.865] [Server thread/INFO] [net.minecraft.server.MinecraftServer/]: Saving chunks for level 'ServerLevel[New World]'/ad_astra:mercury_orbit
[19Apr2026 10:41:31.865] [Server thread/INFO] [net.minecraft.server.MinecraftServer/]: Saving chunks for level 'ServerLevel[New World]'/ad_astra:venus_orbit
[19Apr2026 10:41:31.865] [Server thread/INFO] [net.minecraft.server.MinecraftServer/]: Saving chunks for level 'ServerLevel[New World]'/minecraft:the_nether
[19Apr2026 10:41:31.866] [Server thread/INFO] [net.minecraft.server.MinecraftServer/]: Saving chunks for level 'ServerLevel[New World]'/ad_astra:moon
[19Apr2026 10:41:31.866] [Server thread/INFO] [net.minecraft.server.MinecraftServer/]: Saving chunks for level 'ServerLevel[New World]'/ad_astra:mercury
[19Apr2026 10:41:31.866] [Server thread/INFO] [net.minecraft.server.MinecraftServer/]: Saving chunks for level 'ServerLevel[New World]'/ad_astra:glacio
[19Apr2026 10:41:31.867] [Server thread/INFO] [net.minecraft.server.MinecraftServer/]: Saving chunks for level 'ServerLevel[New World]'/ae2:spatial_storage
[19Apr2026 10:43:29.050] [Server thread/INFO] [net.minecraft.client.server.IntegratedServer/]: Saving and pausing game...
[19Apr2026 10:43:29.055] [Server thread/INFO] [net.minecraft.server.MinecraftServer/]: Saving chunks for level 'ServerLevel[New World]'/minecraft:overworld
[19Apr2026 10:43:29.068] [Server thread/INFO] [net.minecraft.server.MinecraftServer/]: Saving chunks for level 'ServerLevel[New World]'/minecraft:the_end
[19Apr2026 10:43:29.089] [Server thread/INFO] [net.minecraft.server.MinecraftServer/]: Saving chunks for level 'ServerLevel[New World]'/ad_astra:venus
[19Apr2026 10:43:29.089] [Server thread/INFO] [net.minecraft.server.MinecraftServer/]: Saving chunks for level 'ServerLevel[New World]'/ad_astra:moon_orbit
[19Apr2026 10:43:29.090] [Server thread/INFO] [net.minecraft.server.MinecraftServer/]: Saving chunks for level 'ServerLevel[New World]'/ad_astra:glacio_orbit
[19Apr2026 10:43:29.090] [Server thread/INFO] [net.minecraft.server.MinecraftServer/]: Saving chunks for level 'ServerLevel[New World]'/ad_astra:earth_orbit
[19Apr2026 10:43:29.091] [Server thread/INFO] [net.minecraft.server.MinecraftServer/]: Saving chunks for level 'ServerLevel[New World]'/ad_astra:mars
[19Apr2026 10:43:29.091] [Server thread/INFO] [net.minecraft.server.MinecraftServer/]: Saving chunks for level 'ServerLevel[New World]'/ad_astra:mars_orbit
[19Apr2026 10:43:29.091] [Server thread/INFO] [net.minecraft.server.MinecraftServer/]: Saving chunks for level 'ServerLevel[New World]'/ad_astra:mercury_orbit
[19Apr2026 10:43:29.092] [Server thread/INFO] [net.minecraft.server.MinecraftServer/]: Saving chunks for level 'ServerLevel[New World]'/ad_astra:venus_orbit
[19Apr2026 10:43:29.092] [Server thread/INFO] [net.minecraft.server.MinecraftServer/]: Saving chunks for level 'ServerLevel[New World]'/minecraft:the_nether
[19Apr2026 10:43:29.093] [Server thread/INFO] [net.minecraft.server.MinecraftServer/]: Saving chunks for level 'ServerLevel[New World]'/ad_astra:moon
[19Apr2026 10:43:29.094] [Server thread/INFO] [net.minecraft.server.MinecraftServer/]: Saving chunks for level 'ServerLevel[New World]'/ad_astra:mercury
[19Apr2026 10:43:29.094] [Server thread/INFO] [net.minecraft.server.MinecraftServer/]: Saving chunks for level 'ServerLevel[New World]'/ad_astra:glacio
[19Apr2026 10:43:29.094] [Server thread/INFO] [net.minecraft.server.MinecraftServer/]: Saving chunks for level 'ServerLevel[New World]'/ae2:spatial_storage
[19Apr2026 10:43:30.650] [Server thread/INFO] [net.minecraft.client.server.IntegratedServer/]: Saving and pausing game...
[19Apr2026 10:43:30.653] [Server thread/INFO] [net.minecraft.server.MinecraftServer/]: Saving chunks for level 'ServerLevel[New World]'/minecraft:overworld
[19Apr2026 10:43:30.658] [Server thread/INFO] [net.minecraft.server.MinecraftServer/]: Saving chunks for level 'ServerLevel[New World]'/minecraft:the_end
[19Apr2026 10:43:30.658] [Server thread/INFO] [net.minecraft.server.MinecraftServer/]: Saving chunks for level 'ServerLevel[New World]'/ad_astra:venus
[19Apr2026 10:43:30.658] [Server thread/INFO] [net.minecraft.server.MinecraftServer/]: Saving chunks for level 'ServerLevel[New World]'/ad_astra:moon_orbit
[19Apr2026 10:43:30.658] [Server thread/INFO] [net.minecraft.server.MinecraftServer/]: Saving chunks for level 'ServerLevel[New World]'/ad_astra:glacio_orbit
[19Apr2026 10:43:30.659] [Server thread/INFO] [net.minecraft.server.MinecraftServer/]: Saving chunks for level 'ServerLevel[New World]'/ad_astra:earth_orbit
[19Apr2026 10:43:30.659] [Server thread/INFO] [net.minecraft.server.MinecraftServer/]: Saving chunks for level 'ServerLevel[New World]'/ad_astra:mars
[19Apr2026 10:43:30.659] [Server thread/INFO] [net.minecraft.server.MinecraftServer/]: Saving chunks for level 'ServerLevel[New World]'/ad_astra:mars_orbit
[19Apr2026 10:43:30.660] [Server thread/INFO] [net.minecraft.server.MinecraftServer/]: Saving chunks for level 'ServerLevel[New World]'/ad_astra:mercury_orbit
[19Apr2026 10:43:30.660] [Server thread/INFO] [net.minecraft.server.MinecraftServer/]: Saving chunks for level 'ServerLevel[New World]'/ad_astra:venus_orbit
[19Apr2026 10:43:30.660] [Server thread/INFO] [net.minecraft.server.MinecraftServer/]: Saving chunks for level 'ServerLevel[New World]'/minecraft:the_nether
[19Apr2026 10:43:30.660] [Server thread/INFO] [net.minecraft.server.MinecraftServer/]: Saving chunks for level 'ServerLevel[New World]'/ad_astra:moon
[19Apr2026 10:43:30.661] [Server thread/INFO] [net.minecraft.server.MinecraftServer/]: Saving chunks for level 'ServerLevel[New World]'/ad_astra:mercury
[19Apr2026 10:43:30.661] [Server thread/INFO] [net.minecraft.server.MinecraftServer/]: Saving chunks for level 'ServerLevel[New World]'/ad_astra:glacio
[19Apr2026 10:43:30.661] [Server thread/INFO] [net.minecraft.server.MinecraftServer/]: Saving chunks for level 'ServerLevel[New World]'/ae2:spatial_storage
[19Apr2026 10:43:56.000] [Server thread/INFO] [net.minecraft.client.server.IntegratedServer/]: Saving and pausing game...
[19Apr2026 10:43:56.010] [Server thread/INFO] [net.minecraft.server.MinecraftServer/]: Saving chunks for level 'ServerLevel[New World]'/minecraft:overworld
[19Apr2026 10:43:56.021] [Server thread/INFO] [net.minecraft.server.MinecraftServer/]: Saving chunks for level 'ServerLevel[New World]'/minecraft:the_end
[19Apr2026 10:43:56.021] [Server thread/INFO] [net.minecraft.server.MinecraftServer/]: Saving chunks for level 'ServerLevel[New World]'/ad_astra:venus
[19Apr2026 10:43:56.021] [Server thread/INFO] [net.minecraft.server.MinecraftServer/]: Saving chunks for level 'ServerLevel[New World]'/ad_astra:moon_orbit
[19Apr2026 10:43:56.021] [Server thread/INFO] [net.minecraft.server.MinecraftServer/]: Saving chunks for level 'ServerLevel[New World]'/ad_astra:glacio_orbit
[19Apr2026 10:43:56.022] [Server thread/INFO] [net.minecraft.server.MinecraftServer/]: Saving chunks for level 'ServerLevel[New World]'/ad_astra:earth_orbit
[19Apr2026 10:43:56.022] [Server thread/INFO] [net.minecraft.server.MinecraftServer/]: Saving chunks for level 'ServerLevel[New World]'/ad_astra:mars
[19Apr2026 10:43:56.022] [Server thread/INFO] [net.minecraft.server.MinecraftServer/]: Saving chunks for level 'ServerLevel[New World]'/ad_astra:mars_orbit
[19Apr2026 10:43:56.023] [Server thread/INFO] [net.minecraft.server.MinecraftServer/]: Saving chunks for level 'ServerLevel[New World]'/ad_astra:mercury_orbit
[19Apr2026 10:43:56.023] [Server thread/INFO] [net.minecraft.server.MinecraftServer/]: Saving chunks for level 'ServerLevel[New World]'/ad_astra:venus_orbit
[19Apr2026 10:43:56.023] [Server thread/INFO] [net.minecraft.server.MinecraftServer/]: Saving chunks for level 'ServerLevel[New World]'/minecraft:the_nether
[19Apr2026 10:43:56.023] [Server thread/INFO] [net.minecraft.server.MinecraftServer/]: Saving chunks for level 'ServerLevel[New World]'/ad_astra:moon
[19Apr2026 10:43:56.024] [Server thread/INFO] [net.minecraft.server.MinecraftServer/]: Saving chunks for level 'ServerLevel[New World]'/ad_astra:mercury
[19Apr2026 10:43:56.024] [Server thread/INFO] [net.minecraft.server.MinecraftServer/]: Saving chunks for level 'ServerLevel[New World]'/ad_astra:glacio
[19Apr2026 10:43:56.024] [Server thread/INFO] [net.minecraft.server.MinecraftServer/]: Saving chunks for level 'ServerLevel[New World]'/ae2:spatial_storage
[19Apr2026 10:43:59.300] [Server thread/INFO] [net.minecraft.client.server.IntegratedServer/]: Saving and pausing game...
[19Apr2026 10:43:59.307] [Server thread/INFO] [net.minecraft.server.MinecraftServer/]: Saving chunks for level 'ServerLevel[New World]'/minecraft:overworld
[19Apr2026 10:43:59.312] [Server thread/INFO] [net.minecraft.server.MinecraftServer/]: Saving chunks for level 'ServerLevel[New World]'/minecraft:the_end
[19Apr2026 10:43:59.312] [Server thread/INFO] [net.minecraft.server.MinecraftServer/]: Saving chunks for level 'ServerLevel[New World]'/ad_astra:venus
[19Apr2026 10:43:59.313] [Server thread/INFO] [net.minecraft.server.MinecraftServer/]: Saving chunks for level 'ServerLevel[New World]'/ad_astra:moon_orbit
[19Apr2026 10:43:59.313] [Server thread/INFO] [net.minecraft.server.MinecraftServer/]: Saving chunks for level 'ServerLevel[New World]'/ad_astra:glacio_orbit
[19Apr2026 10:43:59.313] [Server thread/INFO] [net.minecraft.server.MinecraftServer/]: Saving chunks for level 'ServerLevel[New World]'/ad_astra:earth_orbit
[19Apr2026 10:43:59.314] [Server thread/INFO] [net.minecraft.server.MinecraftServer/]: Saving chunks for level 'ServerLevel[New World]'/ad_astra:mars
[19Apr2026 10:43:59.314] [Server thread/INFO] [net.minecraft.server.MinecraftServer/]: Saving chunks for level 'ServerLevel[New World]'/ad_astra:mars_orbit
[19Apr2026 10:43:59.314] [Server thread/INFO] [net.minecraft.server.MinecraftServer/]: Saving chunks for level 'ServerLevel[New World]'/ad_astra:mercury_orbit
[19Apr2026 10:43:59.314] [Server thread/INFO] [net.minecraft.server.MinecraftServer/]: Saving chunks for level 'ServerLevel[New World]'/ad_astra:venus_orbit
[19Apr2026 10:43:59.315] [Server thread/INFO] [net.minecraft.server.MinecraftServer/]: Saving chunks for level 'ServerLevel[New World]'/minecraft:the_nether
[19Apr2026 10:43:59.315] [Server thread/INFO] [net.minecraft.server.MinecraftServer/]: Saving chunks for level 'ServerLevel[New World]'/ad_astra:moon
[19Apr2026 10:43:59.315] [Server thread/INFO] [net.minecraft.server.MinecraftServer/]: Saving chunks for level 'ServerLevel[New World]'/ad_astra:mercury
[19Apr2026 10:43:59.316] [Server thread/INFO] [net.minecraft.server.MinecraftServer/]: Saving chunks for level 'ServerLevel[New World]'/ad_astra:glacio
[19Apr2026 10:43:59.317] [Server thread/INFO] [net.minecraft.server.MinecraftServer/]: Saving chunks for level 'ServerLevel[New World]'/ae2:spatial_storage
[19Apr2026 10:44:47.850] [Server thread/INFO] [net.minecraft.client.server.IntegratedServer/]: Saving and pausing game...
[19Apr2026 10:44:47.856] [Server thread/INFO] [net.minecraft.server.MinecraftServer/]: Saving chunks for level 'ServerLevel[New World]'/minecraft:overworld
[19Apr2026 10:44:47.868] [Server thread/INFO] [net.minecraft.server.MinecraftServer/]: Saving chunks for level 'ServerLevel[New World]'/minecraft:the_end
[19Apr2026 10:44:47.868] [Server thread/INFO] [net.minecraft.server.MinecraftServer/]: Saving chunks for level 'ServerLevel[New World]'/ad_astra:venus
[19Apr2026 10:44:47.869] [Server thread/INFO] [net.minecraft.server.MinecraftServer/]: Saving chunks for level 'ServerLevel[New World]'/ad_astra:moon_orbit
[19Apr2026 10:44:47.869] [Server thread/INFO] [net.minecraft.server.MinecraftServer/]: Saving chunks for level 'ServerLevel[New World]'/ad_astra:glacio_orbit
[19Apr2026 10:44:47.869] [Server thread/INFO] [net.minecraft.server.MinecraftServer/]: Saving chunks for level 'ServerLevel[New World]'/ad_astra:earth_orbit
[19Apr2026 10:44:47.870] [Server thread/INFO] [net.minecraft.server.MinecraftServer/]: Saving chunks for level 'ServerLevel[New World]'/ad_astra:mars
[19Apr2026 10:44:47.870] [Server thread/INFO] [net.minecraft.server.MinecraftServer/]: Saving chunks for level 'ServerLevel[New World]'/ad_astra:mars_orbit
[19Apr2026 10:44:47.871] [Server thread/INFO] [net.minecraft.server.MinecraftServer/]: Saving chunks for level 'ServerLevel[New World]'/ad_astra:mercury_orbit
[19Apr2026 10:44:47.871] [Server thread/INFO] [net.minecraft.server.MinecraftServer/]: Saving chunks for level 'ServerLevel[New World]'/ad_astra:venus_orbit
[19Apr2026 10:44:47.872] [Server thread/INFO] [net.minecraft.server.MinecraftServer/]: Saving chunks for level 'ServerLevel[New World]'/minecraft:the_nether
[19Apr2026 10:44:47.873] [Server thread/INFO] [net.minecraft.server.MinecraftServer/]: Saving chunks for level 'ServerLevel[New World]'/ad_astra:moon
[19Apr2026 10:44:47.873] [Server thread/INFO] [net.minecraft.server.MinecraftServer/]: Saving chunks for level 'ServerLevel[New World]'/ad_astra:mercury
[19Apr2026 10:44:47.874] [Server thread/INFO] [net.minecraft.server.MinecraftServer/]: Saving chunks for level 'ServerLevel[New World]'/ad_astra:glacio
[19Apr2026 10:44:47.874] [Server thread/INFO] [net.minecraft.server.MinecraftServer/]: Saving chunks for level 'ServerLevel[New World]'/ae2:spatial_storage
[19Apr2026 10:45:13.150] [Server thread/INFO] [net.minecraft.client.server.IntegratedServer/]: Saving and pausing game...
[19Apr2026 10:45:13.159] [Server thread/INFO] [net.minecraft.server.MinecraftServer/]: Saving chunks for level 'ServerLevel[New World]'/minecraft:overworld
[19Apr2026 10:45:13.170] [Server thread/INFO] [net.minecraft.server.MinecraftServer/]: Saving chunks for level 'ServerLevel[New World]'/minecraft:the_end
[19Apr2026 10:45:13.171] [Server thread/INFO] [net.minecraft.server.MinecraftServer/]: Saving chunks for level 'ServerLevel[New World]'/ad_astra:venus
[19Apr2026 10:45:13.172] [Server thread/INFO] [net.minecraft.server.MinecraftServer/]: Saving chunks for level 'ServerLevel[New World]'/ad_astra:moon_orbit
[19Apr2026 10:45:13.172] [Server thread/INFO] [net.minecraft.server.MinecraftServer/]: Saving chunks for level 'ServerLevel[New World]'/ad_astra:glacio_orbit
[19Apr2026 10:45:13.173] [Server thread/INFO] [net.minecraft.server.MinecraftServer/]: Saving chunks for level 'ServerLevel[New World]'/ad_astra:earth_orbit
[19Apr2026 10:45:13.173] [Server thread/INFO] [net.minecraft.server.MinecraftServer/]: Saving chunks for level 'ServerLevel[New World]'/ad_astra:mars
[19Apr2026 10:45:13.174] [Server thread/INFO] [net.minecraft.server.MinecraftServer/]: Saving chunks for level 'ServerLevel[New World]'/ad_astra:mars_orbit
[19Apr2026 10:45:13.174] [Server thread/INFO] [net.minecraft.server.MinecraftServer/]: Saving chunks for level 'ServerLevel[New World]'/ad_astra:mercury_orbit
[19Apr2026 10:45:13.175] [Server thread/INFO] [net.minecraft.server.MinecraftServer/]: Saving chunks for level 'ServerLevel[New World]'/ad_astra:venus_orbit
[19Apr2026 10:45:13.175] [Server thread/INFO] [net.minecraft.server.MinecraftServer/]: Saving chunks for level 'ServerLevel[New World]'/minecraft:the_nether
[19Apr2026 10:45:13.176] [Server thread/INFO] [net.minecraft.server.MinecraftServer/]: Saving chunks for level 'ServerLevel[New World]'/ad_astra:moon
[19Apr2026 10:45:13.176] [Server thread/INFO] [net.minecraft.server.MinecraftServer/]: Saving chunks for level 'ServerLevel[New World]'/ad_astra:mercury
[19Apr2026 10:45:13.176] [Server thread/INFO] [net.minecraft.server.MinecraftServer/]: Saving chunks for level 'ServerLevel[New World]'/ad_astra:glacio
[19Apr2026 10:45:13.176] [Server thread/INFO] [net.minecraft.server.MinecraftServer/]: Saving chunks for level 'ServerLevel[New World]'/ae2:spatial_storage
[19Apr2026 10:45:14.950] [Server thread/INFO] [net.minecraft.client.server.IntegratedServer/]: Saving and pausing game...
[19Apr2026 10:45:14.962] [Server thread/INFO] [net.minecraft.server.MinecraftServer/]: Saving chunks for level 'ServerLevel[New World]'/minecraft:overworld
[19Apr2026 10:45:14.968] [Server thread/INFO] [net.minecraft.server.MinecraftServer/]: Saving chunks for level 'ServerLevel[New World]'/minecraft:the_end
[19Apr2026 10:45:14.968] [Server thread/INFO] [net.minecraft.server.MinecraftServer/]: Saving chunks for level 'ServerLevel[New World]'/ad_astra:venus
[19Apr2026 10:45:14.969] [Server thread/INFO] [net.minecraft.server.MinecraftServer/]: Saving chunks for level 'ServerLevel[New World]'/ad_astra:moon_orbit
[19Apr2026 10:45:14.969] [Server thread/INFO] [net.minecraft.server.MinecraftServer/]: Saving chunks for level 'ServerLevel[New World]'/ad_astra:glacio_orbit
[19Apr2026 10:45:14.969] [Server thread/INFO] [net.minecraft.server.MinecraftServer/]: Saving chunks for level 'ServerLevel[New World]'/ad_astra:earth_orbit
[19Apr2026 10:45:14.969] [Server thread/INFO] [net.minecraft.server.MinecraftServer/]: Saving chunks for level 'ServerLevel[New World]'/ad_astra:mars
[19Apr2026 10:45:14.970] [Server thread/INFO] [net.minecraft.server.MinecraftServer/]: Saving chunks for level 'ServerLevel[New World]'/ad_astra:mars_orbit
[19Apr2026 10:45:14.970] [Server thread/INFO] [net.minecraft.server.MinecraftServer/]: Saving chunks for level 'ServerLevel[New World]'/ad_astra:mercury_orbit
[19Apr2026 10:45:14.970] [Server thread/INFO] [net.minecraft.server.MinecraftServer/]: Saving chunks for level 'ServerLevel[New World]'/ad_astra:venus_orbit
[19Apr2026 10:45:14.971] [Server thread/INFO] [net.minecraft.server.MinecraftServer/]: Saving chunks for level 'ServerLevel[New World]'/minecraft:the_nether
[19Apr2026 10:45:14.971] [Server thread/INFO] [net.minecraft.server.MinecraftServer/]: Saving chunks for level 'ServerLevel[New World]'/ad_astra:moon
[19Apr2026 10:45:14.971] [Server thread/INFO] [net.minecraft.server.MinecraftServer/]: Saving chunks for level 'ServerLevel[New World]'/ad_astra:mercury
[19Apr2026 10:45:14.972] [Server thread/INFO] [net.minecraft.server.MinecraftServer/]: Saving chunks for level 'ServerLevel[New World]'/ad_astra:glacio
[19Apr2026 10:45:14.972] [Server thread/INFO] [net.minecraft.server.MinecraftServer/]: Saving chunks for level 'ServerLevel[New World]'/ae2:spatial_storage
[19Apr2026 10:45:19.950] [Server thread/INFO] [net.minecraft.client.server.IntegratedServer/]: Saving and pausing game...
[19Apr2026 10:45:19.958] [Server thread/INFO] [net.minecraft.server.MinecraftServer/]: Saving chunks for level 'ServerLevel[New World]'/minecraft:overworld
[19Apr2026 10:45:19.966] [Server thread/INFO] [net.minecraft.server.MinecraftServer/]: Saving chunks for level 'ServerLevel[New World]'/minecraft:the_end
[19Apr2026 10:45:19.967] [Server thread/INFO] [net.minecraft.server.MinecraftServer/]: Saving chunks for level 'ServerLevel[New World]'/ad_astra:venus
[19Apr2026 10:45:19.967] [Server thread/INFO] [net.minecraft.server.MinecraftServer/]: Saving chunks for level 'ServerLevel[New World]'/ad_astra:moon_orbit
[19Apr2026 10:45:19.968] [Server thread/INFO] [net.minecraft.server.MinecraftServer/]: Saving chunks for level 'ServerLevel[New World]'/ad_astra:glacio_orbit
[19Apr2026 10:45:19.968] [Server thread/INFO] [net.minecraft.server.MinecraftServer/]: Saving chunks for level 'ServerLevel[New World]'/ad_astra:earth_orbit
[19Apr2026 10:45:19.968] [Server thread/INFO] [net.minecraft.server.MinecraftServer/]: Saving chunks for level 'ServerLevel[New World]'/ad_astra:mars
[19Apr2026 10:45:19.969] [Server thread/INFO] [net.minecraft.server.MinecraftServer/]: Saving chunks for level 'ServerLevel[New World]'/ad_astra:mars_orbit
[19Apr2026 10:45:19.969] [Server thread/INFO] [net.minecraft.server.MinecraftServer/]: Saving chunks for level 'ServerLevel[New World]'/ad_astra:mercury_orbit
[19Apr2026 10:45:19.970] [Server thread/INFO] [net.minecraft.server.MinecraftServer/]: Saving chunks for level 'ServerLevel[New World]'/ad_astra:venus_orbit
[19Apr2026 10:45:19.970] [Server thread/INFO] [net.minecraft.server.MinecraftServer/]: Saving chunks for level 'ServerLevel[New World]'/minecraft:the_nether
[19Apr2026 10:45:19.970] [Server thread/INFO] [net.minecraft.server.MinecraftServer/]: Saving chunks for level 'ServerLevel[New World]'/ad_astra:moon
[19Apr2026 10:45:19.971] [Server thread/INFO] [net.minecraft.server.MinecraftServer/]: Saving chunks for level 'ServerLevel[New World]'/ad_astra:mercury
[19Apr2026 10:45:19.971] [Server thread/INFO] [net.minecraft.server.MinecraftServer/]: Saving chunks for level 'ServerLevel[New World]'/ad_astra:glacio
[19Apr2026 10:45:19.971] [Server thread/INFO] [net.minecraft.server.MinecraftServer/]: Saving chunks for level 'ServerLevel[New World]'/ae2:spatial_storage
[19Apr2026 10:45:33.300] [Server thread/INFO] [net.minecraft.client.server.IntegratedServer/]: Saving and pausing game...
[19Apr2026 10:45:33.309] [Server thread/INFO] [net.minecraft.server.MinecraftServer/]: Saving chunks for level 'ServerLevel[New World]'/minecraft:overworld
[19Apr2026 10:45:33.320] [Server thread/INFO] [net.minecraft.server.MinecraftServer/]: Saving chunks for level 'ServerLevel[New World]'/minecraft:the_end
[19Apr2026 10:45:33.320] [Server thread/INFO] [net.minecraft.server.MinecraftServer/]: Saving chunks for level 'ServerLevel[New World]'/ad_astra:venus
[19Apr2026 10:45:33.321] [Server thread/INFO] [net.minecraft.server.MinecraftServer/]: Saving chunks for level 'ServerLevel[New World]'/ad_astra:moon_orbit
[19Apr2026 10:45:33.321] [Server thread/INFO] [net.minecraft.server.MinecraftServer/]: Saving chunks for level 'ServerLevel[New World]'/ad_astra:glacio_orbit
[19Apr2026 10:45:33.322] [Server thread/INFO] [net.minecraft.server.MinecraftServer/]: Saving chunks for level 'ServerLevel[New World]'/ad_astra:earth_orbit
[19Apr2026 10:45:33.322] [Server thread/INFO] [net.minecraft.server.MinecraftServer/]: Saving chunks for level 'ServerLevel[New World]'/ad_astra:mars
[19Apr2026 10:45:33.323] [Server thread/INFO] [net.minecraft.server.MinecraftServer/]: Saving chunks for level 'ServerLevel[New World]'/ad_astra:mars_orbit
[19Apr2026 10:45:33.323] [Server thread/INFO] [net.minecraft.server.MinecraftServer/]: Saving chunks for level 'ServerLevel[New World]'/ad_astra:mercury_orbit
[19Apr2026 10:45:33.324] [Server thread/INFO] [net.minecraft.server.MinecraftServer/]: Saving chunks for level 'ServerLevel[New World]'/ad_astra:venus_orbit
[19Apr2026 10:45:33.324] [Server thread/INFO] [net.minecraft.server.MinecraftServer/]: Saving chunks for level 'ServerLevel[New World]'/minecraft:the_nether
[19Apr2026 10:45:33.324] [Server thread/INFO] [net.minecraft.server.MinecraftServer/]: Saving chunks for level 'ServerLevel[New World]'/ad_astra:moon
[19Apr2026 10:45:33.324] [Server thread/INFO] [net.minecraft.server.MinecraftServer/]: Saving chunks for level 'ServerLevel[New World]'/ad_astra:mercury
[19Apr2026 10:45:33.325] [Server thread/INFO] [net.minecraft.server.MinecraftServer/]: Saving chunks for level 'ServerLevel[New World]'/ad_astra:glacio
[19Apr2026 10:45:33.325] [Server thread/INFO] [net.minecraft.server.MinecraftServer/]: Saving chunks for level 'ServerLevel[New World]'/ae2:spatial_storage
[19Apr2026 10:45:35.450] [Server thread/INFO] [net.minecraft.client.server.IntegratedServer/]: Saving and pausing game...
[19Apr2026 10:45:35.453] [Server thread/INFO] [net.minecraft.server.MinecraftServer/]: Saving chunks for level 'ServerLevel[New World]'/minecraft:overworld
[19Apr2026 10:45:35.461] [Server thread/INFO] [net.minecraft.server.MinecraftServer/]: Saving chunks for level 'ServerLevel[New World]'/minecraft:the_end
[19Apr2026 10:45:35.462] [Server thread/INFO] [net.minecraft.server.MinecraftServer/]: Saving chunks for level 'ServerLevel[New World]'/ad_astra:venus
[19Apr2026 10:45:35.462] [Server thread/INFO] [net.minecraft.server.MinecraftServer/]: Saving chunks for level 'ServerLevel[New World]'/ad_astra:moon_orbit
[19Apr2026 10:45:35.463] [Server thread/INFO] [net.minecraft.server.MinecraftServer/]: Saving chunks for level 'ServerLevel[New World]'/ad_astra:glacio_orbit
[19Apr2026 10:45:35.464] [Server thread/INFO] [net.minecraft.server.MinecraftServer/]: Saving chunks for level 'ServerLevel[New World]'/ad_astra:earth_orbit
[19Apr2026 10:45:35.464] [Server thread/INFO] [net.minecraft.server.MinecraftServer/]: Saving chunks for level 'ServerLevel[New World]'/ad_astra:mars
[19Apr2026 10:45:35.465] [Server thread/INFO] [net.minecraft.server.MinecraftServer/]: Saving chunks for level 'ServerLevel[New World]'/ad_astra:mars_orbit
[19Apr2026 10:45:35.465] [Server thread/INFO] [net.minecraft.server.MinecraftServer/]: Saving chunks for level 'ServerLevel[New World]'/ad_astra:mercury_orbit
[19Apr2026 10:45:35.466] [Server thread/INFO] [net.minecraft.server.MinecraftServer/]: Saving chunks for level 'ServerLevel[New World]'/ad_astra:venus_orbit
[19Apr2026 10:45:35.466] [Server thread/INFO] [net.minecraft.server.MinecraftServer/]: Saving chunks for level 'ServerLevel[New World]'/minecraft:the_nether
[19Apr2026 10:45:35.467] [Server thread/INFO] [net.minecraft.server.MinecraftServer/]: Saving chunks for level 'ServerLevel[New World]'/ad_astra:moon
[19Apr2026 10:45:35.467] [Server thread/INFO] [net.minecraft.server.MinecraftServer/]: Saving chunks for level 'ServerLevel[New World]'/ad_astra:mercury
[19Apr2026 10:45:35.468] [Server thread/INFO] [net.minecraft.server.MinecraftServer/]: Saving chunks for level 'ServerLevel[New World]'/ad_astra:glacio
[19Apr2026 10:45:35.468] [Server thread/INFO] [net.minecraft.server.MinecraftServer/]: Saving chunks for level 'ServerLevel[New World]'/ae2:spatial_storage
[19Apr2026 10:45:44.600] [Server thread/INFO] [net.minecraft.client.server.IntegratedServer/]: Saving and pausing game...
[19Apr2026 10:45:44.610] [Server thread/INFO] [net.minecraft.server.MinecraftServer/]: Saving chunks for level 'ServerLevel[New World]'/minecraft:overworld
[19Apr2026 10:45:44.615] [Server thread/INFO] [net.minecraft.server.MinecraftServer/]: Saving chunks for level 'ServerLevel[New World]'/minecraft:the_end
[19Apr2026 10:45:44.615] [Server thread/INFO] [net.minecraft.server.MinecraftServer/]: Saving chunks for level 'ServerLevel[New World]'/ad_astra:venus
[19Apr2026 10:45:44.616] [Server thread/INFO] [net.minecraft.server.MinecraftServer/]: Saving chunks for level 'ServerLevel[New World]'/ad_astra:moon_orbit
[19Apr2026 10:45:44.616] [Server thread/INFO] [net.minecraft.server.MinecraftServer/]: Saving chunks for level 'ServerLevel[New World]'/ad_astra:glacio_orbit
[19Apr2026 10:45:44.616] [Server thread/INFO] [net.minecraft.server.MinecraftServer/]: Saving chunks for level 'ServerLevel[New World]'/ad_astra:earth_orbit
[19Apr2026 10:45:44.617] [Server thread/INFO] [net.minecraft.server.MinecraftServer/]: Saving chunks for level 'ServerLevel[New World]'/ad_astra:mars
[19Apr2026 10:45:44.617] [Server thread/INFO] [net.minecraft.server.MinecraftServer/]: Saving chunks for level 'ServerLevel[New World]'/ad_astra:mars_orbit
[19Apr2026 10:45:44.618] [Server thread/INFO] [net.minecraft.server.MinecraftServer/]: Saving chunks for level 'ServerLevel[New World]'/ad_astra:mercury_orbit
[19Apr2026 10:45:44.618] [Server thread/INFO] [net.minecraft.server.MinecraftServer/]: Saving chunks for level 'ServerLevel[New World]'/ad_astra:venus_orbit
[19Apr2026 10:45:44.618] [Server thread/INFO] [net.minecraft.server.MinecraftServer/]: Saving chunks for level 'ServerLevel[New World]'/minecraft:the_nether
[19Apr2026 10:45:44.618] [Server thread/INFO] [net.minecraft.server.MinecraftServer/]: Saving chunks for level 'ServerLevel[New World]'/ad_astra:moon
[19Apr2026 10:45:44.619] [Server thread/INFO] [net.minecraft.server.MinecraftServer/]: Saving chunks for level 'ServerLevel[New World]'/ad_astra:mercury
[19Apr2026 10:45:44.619] [Server thread/INFO] [net.minecraft.server.MinecraftServer/]: Saving chunks for level 'ServerLevel[New World]'/ad_astra:glacio
[19Apr2026 10:45:44.619] [Server thread/INFO] [net.minecraft.server.MinecraftServer/]: Saving chunks for level 'ServerLevel[New World]'/ae2:spatial_storage
[19Apr2026 10:45:47.700] [Server thread/INFO] [net.minecraft.client.server.IntegratedServer/]: Saving and pausing game...
[19Apr2026 10:45:47.706] [Server thread/INFO] [net.minecraft.server.MinecraftServer/]: Saving chunks for level 'ServerLevel[New World]'/minecraft:overworld
[19Apr2026 10:45:47.713] [Server thread/INFO] [net.minecraft.server.MinecraftServer/]: Saving chunks for level 'ServerLevel[New World]'/minecraft:the_end
[19Apr2026 10:45:47.714] [Server thread/INFO] [net.minecraft.server.MinecraftServer/]: Saving chunks for level 'ServerLevel[New World]'/ad_astra:venus
[19Apr2026 10:45:47.715] [Server thread/INFO] [net.minecraft.server.MinecraftServer/]: Saving chunks for level 'ServerLevel[New World]'/ad_astra:moon_orbit
[19Apr2026 10:45:47.715] [Server thread/INFO] [net.minecraft.server.MinecraftServer/]: Saving chunks for level 'ServerLevel[New World]'/ad_astra:glacio_orbit
[19Apr2026 10:45:47.716] [Server thread/INFO] [net.minecraft.server.MinecraftServer/]: Saving chunks for level 'ServerLevel[New World]'/ad_astra:earth_orbit
[19Apr2026 10:45:47.716] [Server thread/INFO] [net.minecraft.server.MinecraftServer/]: Saving chunks for level 'ServerLevel[New World]'/ad_astra:mars
[19Apr2026 10:45:47.717] [Server thread/INFO] [net.minecraft.server.MinecraftServer/]: Saving chunks for level 'ServerLevel[New World]'/ad_astra:mars_orbit
[19Apr2026 10:45:47.717] [Server thread/INFO] [net.minecraft.server.MinecraftServer/]: Saving chunks for level 'ServerLevel[New World]'/ad_astra:mercury_orbit
[19Apr2026 10:45:47.717] [Server thread/INFO] [net.minecraft.server.MinecraftServer/]: Saving chunks for level 'ServerLevel[New World]'/ad_astra:venus_orbit
[19Apr2026 10:45:47.718] [Server thread/INFO] [net.minecraft.server.MinecraftServer/]: Saving chunks for level 'ServerLevel[New World]'/minecraft:the_nether
[19Apr2026 10:45:47.718] [Server thread/INFO] [net.minecraft.server.MinecraftServer/]: Saving chunks for level 'ServerLevel[New World]'/ad_astra:moon
[19Apr2026 10:45:47.718] [Server thread/INFO] [net.minecraft.server.MinecraftServer/]: Saving chunks for level 'ServerLevel[New World]'/ad_astra:mercury
[19Apr2026 10:45:47.719] [Server thread/INFO] [net.minecraft.server.MinecraftServer/]: Saving chunks for level 'ServerLevel[New World]'/ad_astra:glacio
[19Apr2026 10:45:47.719] [Server thread/INFO] [net.minecraft.server.MinecraftServer/]: Saving chunks for level 'ServerLevel[New World]'/ae2:spatial_storage
[19Apr2026 10:45:52.800] [Server thread/INFO] [net.minecraft.client.server.IntegratedServer/]: Saving and pausing game...
[19Apr2026 10:45:52.809] [Server thread/INFO] [net.minecraft.server.MinecraftServer/]: Saving chunks for level 'ServerLevel[New World]'/minecraft:overworld
[19Apr2026 10:45:52.823] [Server thread/INFO] [net.minecraft.server.MinecraftServer/]: Saving chunks for level 'ServerLevel[New World]'/minecraft:the_end
[19Apr2026 10:45:52.823] [Server thread/INFO] [net.minecraft.server.MinecraftServer/]: Saving chunks for level 'ServerLevel[New World]'/ad_astra:venus
[19Apr2026 10:45:52.824] [Server thread/INFO] [net.minecraft.server.MinecraftServer/]: Saving chunks for level 'ServerLevel[New World]'/ad_astra:moon_orbit
[19Apr2026 10:45:52.825] [Server thread/INFO] [net.minecraft.server.MinecraftServer/]: Saving chunks for level 'ServerLevel[New World]'/ad_astra:glacio_orbit
[19Apr2026 10:45:52.825] [Server thread/INFO] [net.minecraft.server.MinecraftServer/]: Saving chunks for level 'ServerLevel[New World]'/ad_astra:earth_orbit
[19Apr2026 10:45:52.826] [Server thread/INFO] [net.minecraft.server.MinecraftServer/]: Saving chunks for level 'ServerLevel[New World]'/ad_astra:mars
[19Apr2026 10:45:52.826] [Server thread/INFO] [net.minecraft.server.MinecraftServer/]: Saving chunks for level 'ServerLevel[New World]'/ad_astra:mars_orbit
[19Apr2026 10:45:52.826] [Server thread/INFO] [net.minecraft.server.MinecraftServer/]: Saving chunks for level 'ServerLevel[New World]'/ad_astra:mercury_orbit
[19Apr2026 10:45:52.827] [Server thread/INFO] [net.minecraft.server.MinecraftServer/]: Saving chunks for level 'ServerLevel[New World]'/ad_astra:venus_orbit
[19Apr2026 10:45:52.827] [Server thread/INFO] [net.minecraft.server.MinecraftServer/]: Saving chunks for level 'ServerLevel[New World]'/minecraft:the_nether
[19Apr2026 10:45:52.828] [Server thread/INFO] [net.minecraft.server.MinecraftServer/]: Saving chunks for level 'ServerLevel[New World]'/ad_astra:moon
[19Apr2026 10:45:52.828] [Server thread/INFO] [net.minecraft.server.MinecraftServer/]: Saving chunks for level 'ServerLevel[New World]'/ad_astra:mercury
[19Apr2026 10:45:52.829] [Server thread/INFO] [net.minecraft.server.MinecraftServer/]: Saving chunks for level 'ServerLevel[New World]'/ad_astra:glacio
[19Apr2026 10:45:52.829] [Server thread/INFO] [net.minecraft.server.MinecraftServer/]: Saving chunks for level 'ServerLevel[New World]'/ae2:spatial_storage
[19Apr2026 10:46:23.151] [Server thread/INFO] [net.minecraft.client.server.IntegratedServer/]: Saving and pausing game...
[19Apr2026 10:46:23.158] [Server thread/INFO] [net.minecraft.server.MinecraftServer/]: Saving chunks for level 'ServerLevel[New World]'/minecraft:overworld
[19Apr2026 10:46:23.199] [Server thread/INFO] [net.minecraft.server.MinecraftServer/]: Saving chunks for level 'ServerLevel[New World]'/minecraft:the_end
[19Apr2026 10:46:23.199] [Server thread/INFO] [net.minecraft.server.MinecraftServer/]: Saving chunks for level 'ServerLevel[New World]'/ad_astra:venus
[19Apr2026 10:46:23.199] [Server thread/INFO] [net.minecraft.server.MinecraftServer/]: Saving chunks for level 'ServerLevel[New World]'/ad_astra:moon_orbit
[19Apr2026 10:46:23.200] [Server thread/INFO] [net.minecraft.server.MinecraftServer/]: Saving chunks for level 'ServerLevel[New World]'/ad_astra:glacio_orbit
[19Apr2026 10:46:23.207] [Server thread/INFO] [net.minecraft.server.MinecraftServer/]: Saving chunks for level 'ServerLevel[New World]'/ad_astra:earth_orbit
[19Apr2026 10:46:23.207] [Server thread/INFO] [net.minecraft.server.MinecraftServer/]: Saving chunks for level 'ServerLevel[New World]'/ad_astra:mars
[19Apr2026 10:46:23.207] [Server thread/INFO] [net.minecraft.server.MinecraftServer/]: Saving chunks for level 'ServerLevel[New World]'/ad_astra:mars_orbit
[19Apr2026 10:46:23.208] [Server thread/INFO] [net.minecraft.server.MinecraftServer/]: Saving chunks for level 'ServerLevel[New World]'/ad_astra:mercury_orbit
[19Apr2026 10:46:23.210] [Server thread/INFO] [net.minecraft.server.MinecraftServer/]: Saving chunks for level 'ServerLevel[New World]'/ad_astra:venus_orbit
[19Apr2026 10:46:23.210] [Server thread/INFO] [net.minecraft.server.MinecraftServer/]: Saving chunks for level 'ServerLevel[New World]'/minecraft:the_nether
[19Apr2026 10:46:23.211] [Server thread/INFO] [net.minecraft.server.MinecraftServer/]: Saving chunks for level 'ServerLevel[New World]'/ad_astra:moon
[19Apr2026 10:46:23.211] [Server thread/INFO] [net.minecraft.server.MinecraftServer/]: Saving chunks for level 'ServerLevel[New World]'/ad_astra:mercury
[19Apr2026 10:46:23.211] [Server thread/INFO] [net.minecraft.server.MinecraftServer/]: Saving chunks for level 'ServerLevel[New World]'/ad_astra:glacio
[19Apr2026 10:46:23.212] [Server thread/INFO] [net.minecraft.server.MinecraftServer/]: Saving chunks for level 'ServerLevel[New World]'/ae2:spatial_storage
[19Apr2026 10:46:27.850] [Server thread/INFO] [net.minecraft.client.server.IntegratedServer/]: Saving and pausing game...
[19Apr2026 10:46:27.853] [Server thread/INFO] [net.minecraft.server.MinecraftServer/]: Saving chunks for level 'ServerLevel[New World]'/minecraft:overworld
[19Apr2026 10:46:27.866] [Server thread/INFO] [net.minecraft.server.MinecraftServer/]: Saving chunks for level 'ServerLevel[New World]'/minecraft:the_end
[19Apr2026 10:46:27.867] [Server thread/INFO] [net.minecraft.server.MinecraftServer/]: Saving chunks for level 'ServerLevel[New World]'/ad_astra:venus
[19Apr2026 10:46:27.868] [Server thread/INFO] [net.minecraft.server.MinecraftServer/]: Saving chunks for level 'ServerLevel[New World]'/ad_astra:moon_orbit
[19Apr2026 10:46:27.869] [Server thread/INFO] [net.minecraft.server.MinecraftServer/]: Saving chunks for level 'ServerLevel[New World]'/ad_astra:glacio_orbit
[19Apr2026 10:46:27.870] [Server thread/INFO] [net.minecraft.server.MinecraftServer/]: Saving chunks for level 'ServerLevel[New World]'/ad_astra:earth_orbit
[19Apr2026 10:46:27.870] [Server thread/INFO] [net.minecraft.server.MinecraftServer/]: Saving chunks for level 'ServerLevel[New World]'/ad_astra:mars
[19Apr2026 10:46:27.870] [Server thread/INFO] [net.minecraft.server.MinecraftServer/]: Saving chunks for level 'ServerLevel[New World]'/ad_astra:mars_orbit
[19Apr2026 10:46:27.871] [Server thread/INFO] [net.minecraft.server.MinecraftServer/]: Saving chunks for level 'ServerLevel[New World]'/ad_astra:mercury_orbit
[19Apr2026 10:46:27.871] [Server thread/INFO] [net.minecraft.server.MinecraftServer/]: Saving chunks for level 'ServerLevel[New World]'/ad_astra:venus_orbit
[19Apr2026 10:46:27.871] [Server thread/INFO] [net.minecraft.server.MinecraftServer/]: Saving chunks for level 'ServerLevel[New World]'/minecraft:the_nether
[19Apr2026 10:46:27.871] [Server thread/INFO] [net.minecraft.server.MinecraftServer/]: Saving chunks for level 'ServerLevel[New World]'/ad_astra:moon
[19Apr2026 10:46:27.872] [Server thread/INFO] [net.minecraft.server.MinecraftServer/]: Saving chunks for level 'ServerLevel[New World]'/ad_astra:mercury
[19Apr2026 10:46:27.872] [Server thread/INFO] [net.minecraft.server.MinecraftServer/]: Saving chunks for level 'ServerLevel[New World]'/ad_astra:glacio
[19Apr2026 10:46:27.872] [Server thread/INFO] [net.minecraft.server.MinecraftServer/]: Saving chunks for level 'ServerLevel[New World]'/ae2:spatial_storage
[19Apr2026 10:46:43.300] [Server thread/INFO] [net.minecraft.client.server.IntegratedServer/]: Saving and pausing game...
[19Apr2026 10:46:43.303] [Server thread/INFO] [net.minecraft.server.MinecraftServer/]: Saving chunks for level 'ServerLevel[New World]'/minecraft:overworld
[19Apr2026 10:46:43.317] [Server thread/INFO] [net.minecraft.server.MinecraftServer/]: Saving chunks for level 'ServerLevel[New World]'/minecraft:the_end
[19Apr2026 10:46:43.318] [Server thread/INFO] [net.minecraft.server.MinecraftServer/]: Saving chunks for level 'ServerLevel[New World]'/ad_astra:venus
[19Apr2026 10:46:43.318] [Server thread/INFO] [net.minecraft.server.MinecraftServer/]: Saving chunks for level 'ServerLevel[New World]'/ad_astra:moon_orbit
[19Apr2026 10:46:43.318] [Server thread/INFO] [net.minecraft.server.MinecraftServer/]: Saving chunks for level 'ServerLevel[New World]'/ad_astra:glacio_orbit
[19Apr2026 10:46:43.318] [Server thread/INFO] [net.minecraft.server.MinecraftServer/]: Saving chunks for level 'ServerLevel[New World]'/ad_astra:earth_orbit
[19Apr2026 10:46:43.319] [Server thread/INFO] [net.minecraft.server.MinecraftServer/]: Saving chunks for level 'ServerLevel[New World]'/ad_astra:mars
[19Apr2026 10:46:43.319] [Server thread/INFO] [net.minecraft.server.MinecraftServer/]: Saving chunks for level 'ServerLevel[New World]'/ad_astra:mars_orbit
[19Apr2026 10:46:43.319] [Server thread/INFO] [net.minecraft.server.MinecraftServer/]: Saving chunks for level 'ServerLevel[New World]'/ad_astra:mercury_orbit
[19Apr2026 10:46:43.319] [Server thread/INFO] [net.minecraft.server.MinecraftServer/]: Saving chunks for level 'ServerLevel[New World]'/ad_astra:venus_orbit
[19Apr2026 10:46:43.319] [Server thread/INFO] [net.minecraft.server.MinecraftServer/]: Saving chunks for level 'ServerLevel[New World]'/minecraft:the_nether
[19Apr2026 10:46:43.320] [Server thread/INFO] [net.minecraft.server.MinecraftServer/]: Saving chunks for level 'ServerLevel[New World]'/ad_astra:moon
[19Apr2026 10:46:43.320] [Server thread/INFO] [net.minecraft.server.MinecraftServer/]: Saving chunks for level 'ServerLevel[New World]'/ad_astra:mercury
[19Apr2026 10:46:43.320] [Server thread/INFO] [net.minecraft.server.MinecraftServer/]: Saving chunks for level 'ServerLevel[New World]'/ad_astra:glacio
[19Apr2026 10:46:43.320] [Server thread/INFO] [net.minecraft.server.MinecraftServer/]: Saving chunks for level 'ServerLevel[New World]'/ae2:spatial_storage
[19Apr2026 10:49:31.858] [Server thread/INFO] [net.minecraft.client.server.IntegratedServer/]: Saving and pausing game...
[19Apr2026 10:49:31.862] [Server thread/INFO] [net.minecraft.server.MinecraftServer/]: Saving chunks for level 'ServerLevel[New World]'/minecraft:overworld
[19Apr2026 10:49:31.876] [Server thread/INFO] [net.minecraft.server.MinecraftServer/]: Saving chunks for level 'ServerLevel[New World]'/minecraft:the_end
[19Apr2026 10:49:31.877] [Server thread/INFO] [net.minecraft.server.MinecraftServer/]: Saving chunks for level 'ServerLevel[New World]'/ad_astra:venus
[19Apr2026 10:49:31.877] [Server thread/INFO] [net.minecraft.server.MinecraftServer/]: Saving chunks for level 'ServerLevel[New World]'/ad_astra:moon_orbit
[19Apr2026 10:49:31.877] [Server thread/INFO] [net.minecraft.server.MinecraftServer/]: Saving chunks for level 'ServerLevel[New World]'/ad_astra:glacio_orbit
[19Apr2026 10:49:31.877] [Server thread/INFO] [net.minecraft.server.MinecraftServer/]: Saving chunks for level 'ServerLevel[New World]'/ad_astra:earth_orbit
[19Apr2026 10:49:31.877] [Server thread/INFO] [net.minecraft.server.MinecraftServer/]: Saving chunks for level 'ServerLevel[New World]'/ad_astra:mars
[19Apr2026 10:49:31.878] [Server thread/INFO] [net.minecraft.server.MinecraftServer/]: Saving chunks for level 'ServerLevel[New World]'/ad_astra:mars_orbit
[19Apr2026 10:49:31.878] [Server thread/INFO] [net.minecraft.server.MinecraftServer/]: Saving chunks for level 'ServerLevel[New World]'/ad_astra:mercury_orbit
[19Apr2026 10:49:31.879] [Server thread/INFO] [net.minecraft.server.MinecraftServer/]: Saving chunks for level 'ServerLevel[New World]'/ad_astra:venus_orbit
[19Apr2026 10:49:31.879] [Server thread/INFO] [net.minecraft.server.MinecraftServer/]: Saving chunks for level 'ServerLevel[New World]'/minecraft:the_nether
[19Apr2026 10:49:31.879] [Server thread/INFO] [net.minecraft.server.MinecraftServer/]: Saving chunks for level 'ServerLevel[New World]'/ad_astra:moon
[19Apr2026 10:49:31.879] [Server thread/INFO] [net.minecraft.server.MinecraftServer/]: Saving chunks for level 'ServerLevel[New World]'/ad_astra:mercury
[19Apr2026 10:49:31.880] [Server thread/INFO] [net.minecraft.server.MinecraftServer/]: Saving chunks for level 'ServerLevel[New World]'/ad_astra:glacio
[19Apr2026 10:49:31.880] [Server thread/INFO] [net.minecraft.server.MinecraftServer/]: Saving chunks for level 'ServerLevel[New World]'/ae2:spatial_storage
[19Apr2026 10:49:32.530] [Render thread/INFO] [mezz.jei.forge.startup.StartEventObserver/]: JEI StartEventObserver received class net.minecraftforge.client.event.ClientPlayerNetworkEvent$LoggingOut
[19Apr2026 10:49:32.530] [Render thread/INFO] [mezz.jei.forge.startup.StartEventObserver/]: JEI StartEventObserver transitioning state from JEI_STARTED to DISABLED
[19Apr2026 10:49:32.530] [Render thread/INFO] [mezz.jei.library.startup.JeiStarter/]: Stopping JEI
[19Apr2026 10:49:32.530] [Render thread/INFO] [mezz.jei.library.load.PluginCaller/]: Sending Runtime Unavailable...
[19Apr2026 10:49:32.531] [Render thread/INFO] [mezz.jei.forge.plugins.forge.ForgeGuiPlugin/]: Stopping JEI GUI
[19Apr2026 10:49:32.532] [Render thread/INFO] [mezz.jei.library.load.PluginCaller/]: Sending Runtime Unavailable took 1.097 ms
[19Apr2026 10:49:32.595] [Server thread/INFO] [net.minecraft.server.network.ServerGamePacketListenerImpl/]: Bigh2011x lost connection: Disconnected
[19Apr2026 10:49:32.595] [Server thread/INFO] [net.minecraft.server.MinecraftServer/]: Bigh2011x left the game
[19Apr2026 10:49:32.601] [Server thread/INFO] [net.minecraft.server.network.ServerGamePacketListenerImpl/]: Stopping singleplayer server as player logged out
[19Apr2026 10:49:32.617] [Server thread/INFO] [net.creeperhost.ftbbackups.FTBBackups/]: Shutdown Complete
[19Apr2026 10:49:32.627] [Server thread/INFO] [net.minecraft.server.MinecraftServer/]: Stopping server
[19Apr2026 10:49:32.627] [Server thread/INFO] [net.minecraft.server.MinecraftServer/]: Saving players
[19Apr2026 10:49:32.627] [Server thread/INFO] [net.minecraft.server.MinecraftServer/]: Saving worlds
[19Apr2026 10:49:33.313] [Server thread/INFO] [net.minecraft.server.MinecraftServer/]: Saving chunks for level 'ServerLevel[New World]'/minecraft:overworld
[19Apr2026 10:49:34.488] [Server thread/INFO] [net.minecraft.server.MinecraftServer/]: Saving chunks for level 'ServerLevel[New World]'/minecraft:the_end
[19Apr2026 10:49:34.489] [Server thread/INFO] [net.minecraft.server.MinecraftServer/]: Saving chunks for level 'ServerLevel[New World]'/ad_astra:venus
[19Apr2026 10:49:34.490] [Server thread/INFO] [net.minecraft.server.MinecraftServer/]: Saving chunks for level 'ServerLevel[New World]'/ad_astra:moon_orbit
[19Apr2026 10:49:34.491] [Server thread/INFO] [net.minecraft.server.MinecraftServer/]: Saving chunks for level 'ServerLevel[New World]'/ad_astra:glacio_orbit
[19Apr2026 10:49:34.491] [Server thread/INFO] [net.minecraft.server.MinecraftServer/]: Saving chunks for level 'ServerLevel[New World]'/ad_astra:earth_orbit
[19Apr2026 10:49:34.492] [Server thread/INFO] [net.minecraft.server.MinecraftServer/]: Saving chunks for level 'ServerLevel[New World]'/ad_astra:mars
[19Apr2026 10:49:34.492] [Server thread/INFO] [net.minecraft.server.MinecraftServer/]: Saving chunks for level 'ServerLevel[New World]'/ad_astra:mars_orbit
[19Apr2026 10:49:34.493] [Server thread/INFO] [net.minecraft.server.MinecraftServer/]: Saving chunks for level 'ServerLevel[New World]'/ad_astra:mercury_orbit
[19Apr2026 10:49:34.493] [Server thread/INFO] [net.minecraft.server.MinecraftServer/]: Saving chunks for level 'ServerLevel[New World]'/ad_astra:venus_orbit
[19Apr2026 10:49:34.494] [Server thread/INFO] [net.minecraft.server.MinecraftServer/]: Saving chunks for level 'ServerLevel[New World]'/minecraft:the_nether
[19Apr2026 10:49:34.494] [Server thread/INFO] [net.minecraft.server.MinecraftServer/]: Saving chunks for level 'ServerLevel[New World]'/ad_astra:moon
[19Apr2026 10:49:34.495] [Server thread/INFO] [net.minecraft.server.MinecraftServer/]: Saving chunks for level 'ServerLevel[New World]'/ad_astra:mercury
[19Apr2026 10:49:34.495] [Server thread/INFO] [net.minecraft.server.MinecraftServer/]: Saving chunks for level 'ServerLevel[New World]'/ad_astra:glacio
[19Apr2026 10:49:34.496] [Server thread/INFO] [net.minecraft.server.MinecraftServer/]: Saving chunks for level 'ServerLevel[New World]'/ae2:spatial_storage
[19Apr2026 10:49:34.562] [Server thread/INFO] [net.minecraft.server.MinecraftServer/]: ThreadedAnvilChunkStorage (New World): All chunks are saved
[19Apr2026 10:49:34.562] [Server thread/INFO] [net.minecraft.server.MinecraftServer/]: ThreadedAnvilChunkStorage (DIM1): All chunks are saved
[19Apr2026 10:49:34.562] [Server thread/INFO] [net.minecraft.server.MinecraftServer/]: ThreadedAnvilChunkStorage (venus): All chunks are saved
[19Apr2026 10:49:34.562] [Server thread/INFO] [net.minecraft.server.MinecraftServer/]: ThreadedAnvilChunkStorage (moon_orbit): All chunks are saved
[19Apr2026 10:49:34.562] [Server thread/INFO] [net.minecraft.server.MinecraftServer/]: ThreadedAnvilChunkStorage (glacio_orbit): All chunks are saved
[19Apr2026 10:49:34.562] [Server thread/INFO] [net.minecraft.server.MinecraftServer/]: ThreadedAnvilChunkStorage (earth_orbit): All chunks are saved
[19Apr2026 10:49:34.562] [Server thread/INFO] [net.minecraft.server.MinecraftServer/]: ThreadedAnvilChunkStorage (mars): All chunks are saved
[19Apr2026 10:49:34.562] [Server thread/INFO] [net.minecraft.server.MinecraftServer/]: ThreadedAnvilChunkStorage (mars_orbit): All chunks are saved
[19Apr2026 10:49:34.562] [Server thread/INFO] [net.minecraft.server.MinecraftServer/]: ThreadedAnvilChunkStorage (mercury_orbit): All chunks are saved
[19Apr2026 10:49:34.562] [Server thread/INFO] [net.minecraft.server.MinecraftServer/]: ThreadedAnvilChunkStorage (venus_orbit): All chunks are saved
[19Apr2026 10:49:34.562] [Server thread/INFO] [net.minecraft.server.MinecraftServer/]: ThreadedAnvilChunkStorage (DIM-1): All chunks are saved
[19Apr2026 10:49:34.562] [Server thread/INFO] [net.minecraft.server.MinecraftServer/]: ThreadedAnvilChunkStorage (moon): All chunks are saved
[19Apr2026 10:49:34.562] [Server thread/INFO] [net.minecraft.server.MinecraftServer/]: ThreadedAnvilChunkStorage (mercury): All chunks are saved
[19Apr2026 10:49:34.562] [Server thread/INFO] [net.minecraft.server.MinecraftServer/]: ThreadedAnvilChunkStorage (glacio): All chunks are saved
[19Apr2026 10:49:34.562] [Server thread/INFO] [net.minecraft.server.MinecraftServer/]: ThreadedAnvilChunkStorage (spatial_storage): All chunks are saved
[19Apr2026 10:49:34.562] [Server thread/INFO] [net.minecraft.server.MinecraftServer/]: ThreadedAnvilChunkStorage: All dimensions are saved
[19Apr2026 10:49:34.707] [Server thread/INFO] [Framework/]: Unloading server configs...
[19Apr2026 10:49:34.707] [Server thread/INFO] [Framework/]: Finished unloading server configs
[19Apr2026 10:49:34.707] [Server thread/INFO] [li.cil.oc2.common.event.ForgeEventHandlers/]: Server stopped, cleaning up async components
[19Apr2026 10:49:34.722] [Server thread/INFO] [STDOUT/]: [li.cil.oc2.common.ConfigManager:handleModConfigEvent:24]: PER_BLOCK
[19Apr2026 10:49:34.742] [Render thread/INFO] [ChunkBuilder/]: Stopping worker threads
[19Apr2026 10:49:34.748] [Render thread/INFO] [Entity Texture Features/]: [ETF]: emissive suffixes loaded: {_e}
