[24Apr2026 17:42:51.452] [main/INFO] [cpw.mods.modlauncher.Launcher/MODLAUNCHER]: ModLauncher running: args [--username, Bigh2011x, --version, 1.21.1, --gameDir, /home/bigh/.var/app/org.prismlauncher.PrismLauncher/data/PrismLauncher/instances/season 5 1/minecraft, --assetsDir, /home/bigh/.var/app/org.prismlauncher.PrismLauncher/data/PrismLauncher/assets, --assetIndex, 17, --uuid, 4ad7ad70dd98470aa438bf61b02daec8, --accessToken, ❄❄❄❄❄❄❄❄, --userType, msa, --versionType, release, --fml.neoForgeVersion, 21.1.228, --fml.fmlVersion, 4.0.42, --fml.mcVersion, 1.21.1, --fml.neoFormVersion, 20240808.144430, --launchTarget, forgeclient, --width, 854, --height, 480]
[24Apr2026 17:42:51.454] [main/INFO] [cpw.mods.modlauncher.Launcher/MODLAUNCHER]: JVM identified as Microsoft OpenJDK 64-Bit Server VM 21.0.7+6-LTS
[24Apr2026 17:42:51.456] [main/INFO] [cpw.mods.modlauncher.Launcher/MODLAUNCHER]: ModLauncher 11.0.5+main.901c6ea8 starting: java version 21.0.7 by Microsoft; OS Linux arch amd64 version 6.14.0-37-generic
[24Apr2026 17:42:51.578] [main/INFO] [net.neoforged.fml.loading.ImmediateWindowHandler/]: Loading ImmediateWindowProvider fmlearlywindow
[24Apr2026 17:42:51.642] [main/INFO] [EARLYDISPLAY/]: Trying GL version 4.6
[24Apr2026 17:42:51.826] [main/INFO] [EARLYDISPLAY/]: Requested GL version 4.6 got version 4.6
[24Apr2026 17:42:51.913] [main/WARN] [CrashAssistantJarInJarHelper/]: Stream injection failed; legacy loggers may retain blocking behavior.
[24Apr2026 17:42:51.914] [main/INFO] [CrashAssistantJarInJarHelper/]: Launching CrashAssistantApp (CrashAssistant-neoforge-1.20.6-1.21.4-1.11.8.jar)
[24Apr2026 17:42:52.068] [pool-2-thread-1/INFO] [EARLYDISPLAY/]: GL info: NVIDIA GeForce RTX 3060/PCIe/SSE2 GL version 4.6.0 NVIDIA 580.126.09, NVIDIA Corporation
[24Apr2026 17:42:52.229] [main/INFO] [mixin/]: SpongePowered MIXIN Subsystem Version=0.8.7 Source=union:/home/bigh/.var/app/org.prismlauncher.PrismLauncher/data/PrismLauncher/libraries/net/fabricmc/sponge-mixin/0.15.2+mixin.0.8.7/sponge-mixin-0.15.2+mixin.0.8.7.jar%23163!/ Service=ModLauncher Env=CLIENT
[24Apr2026 17:42:52.382] [main/INFO] [net.neoforged.fml.loading.moddiscovery.ModDiscoverer/SCAN]: Found mod file "client-1.21.1-20240808.144430-srg.jar" [locator: production client provider +net.neoforged:neoforge:21.1.228:client]
[24Apr2026 17:42:52.393] [main/INFO] [net.neoforged.fml.loading.moddiscovery.ModDiscoverer/SCAN]: Found mod file "neoforge-21.1.228-universal.jar" [locator: PathBasedLocator[name=neoforge, paths=[/home/bigh/.var/app/org.prismlauncher.PrismLauncher/data/PrismLauncher/libraries/net/neoforged/neoforge/21.1.228/neoforge-21.1.228-universal.jar]], reader: mod manifest]
[24Apr2026 17:42:52.399] [main/INFO] [net.neoforged.fml.loading.moddiscovery.ModDiscoverer/SCAN]: Found mod file "AdvancedPeripherals-1.21.1-0.7.61b.jar" [locator: {mods folder locator at /home/bigh/.var/app/org.prismlauncher.PrismLauncher/data/PrismLauncher/instances/season 5 1/minecraft/mods}, reader: mod manifest]
[24Apr2026 17:42:52.401] [main/INFO] [net.neoforged.fml.loading.moddiscovery.ModDiscoverer/SCAN]: Found mod file "almostunified-neoforge-1.21.1-1.4.1.jar" [locator: {mods folder locator at /home/bigh/.var/app/org.prismlauncher.PrismLauncher/data/PrismLauncher/instances/season 5 1/minecraft/mods}, reader: mod manifest]
[24Apr2026 17:42:52.406] [main/INFO] [net.neoforged.fml.loading.moddiscovery.ModDiscoverer/SCAN]: Found mod file "appleskin-neoforge-mc1.21-3.0.9.jar" [locator: {mods folder locator at /home/bigh/.var/app/org.prismlauncher.PrismLauncher/data/PrismLauncher/instances/season 5 1/minecraft/mods}, reader: mod manifest]
[24Apr2026 17:42:52.407] [main/INFO] [net.neoforged.fml.loading.moddiscovery.ModDiscoverer/SCAN]: Found mod file "architectury-13.0.8-neoforge.jar" [locator: {mods folder locator at /home/bigh/.var/app/org.prismlauncher.PrismLauncher/data/PrismLauncher/instances/season 5 1/minecraft/mods}, reader: mod manifest]
[24Apr2026 17:42:52.409] [main/INFO] [net.neoforged.fml.loading.moddiscovery.ModDiscoverer/SCAN]: Found mod file "bclib-21.0.20.jar" [locator: {mods folder locator at /home/bigh/.var/app/org.prismlauncher.PrismLauncher/data/PrismLauncher/instances/season 5 1/minecraft/mods}, reader: mod manifest]
[24Apr2026 17:42:52.413] [main/INFO] [net.neoforged.fml.loading.moddiscovery.ModDiscoverer/SCAN]: Found mod file "BetterEnd-21.0.24.jar" [locator: {mods folder locator at /home/bigh/.var/app/org.prismlauncher.PrismLauncher/data/PrismLauncher/instances/season 5 1/minecraft/mods}, reader: mod manifest]
[24Apr2026 17:42:52.416] [main/INFO] [net.neoforged.fml.loading.moddiscovery.ModDiscoverer/SCAN]: Found mod file "BetterNether-21.0.19.jar" [locator: {mods folder locator at /home/bigh/.var/app/org.prismlauncher.PrismLauncher/data/PrismLauncher/instances/season 5 1/minecraft/mods}, reader: mod manifest]
[24Apr2026 17:42:52.417] [main/INFO] [net.neoforged.fml.loading.moddiscovery.ModDiscoverer/SCAN]: Found mod file "biolith-neoforge-3.0.10.jar" [locator: {mods folder locator at /home/bigh/.var/app/org.prismlauncher.PrismLauncher/data/PrismLauncher/instances/season 5 1/minecraft/mods}, reader: mod manifest]
[24Apr2026 17:42:52.419] [main/INFO] [net.neoforged.fml.loading.moddiscovery.ModDiscoverer/SCAN]: Found mod file "c2me-neoforge-mc1.21.1-0.3.0+alpha.0.91.jar" [locator: {mods folder locator at /home/bigh/.var/app/org.prismlauncher.PrismLauncher/data/PrismLauncher/instances/season 5 1/minecraft/mods}, reader: mod manifest]
[24Apr2026 17:42:52.421] [main/INFO] [net.neoforged.fml.loading.moddiscovery.ModDiscoverer/SCAN]: Found mod file "cc-tweaked-1.21.1-forge-1.117.1.jar" [locator: {mods folder locator at /home/bigh/.var/app/org.prismlauncher.PrismLauncher/data/PrismLauncher/instances/season 5 1/minecraft/mods}, reader: mod manifest]
[24Apr2026 17:42:52.423] [main/INFO] [net.neoforged.fml.loading.moddiscovery.ModDiscoverer/SCAN]: Found mod file "cc_sable-neoforge-1.2.2.jar" [locator: {mods folder locator at /home/bigh/.var/app/org.prismlauncher.PrismLauncher/data/PrismLauncher/instances/season 5 1/minecraft/mods}, reader: mod manifest]
[24Apr2026 17:42:52.424] [main/INFO] [net.neoforged.fml.loading.moddiscovery.ModDiscoverer/SCAN]: Found mod file "ccbr-1.2.0-neoforge-1.21.1.jar" [locator: {mods folder locator at /home/bigh/.var/app/org.prismlauncher.PrismLauncher/data/PrismLauncher/instances/season 5 1/minecraft/mods}, reader: mod manifest]
[24Apr2026 17:42:52.425] [main/INFO] [net.neoforged.fml.loading.moddiscovery.ModDiscoverer/SCAN]: Found mod file "Chunky-NeoForge-1.4.23.jar" [locator: {mods folder locator at /home/bigh/.var/app/org.prismlauncher.PrismLauncher/data/PrismLauncher/instances/season 5 1/minecraft/mods}, reader: mod manifest]
[24Apr2026 17:42:52.426] [main/INFO] [net.neoforged.fml.loading.moddiscovery.ModDiscoverer/SCAN]: Found mod file "chunky-offline-v1.1.0.jar" [locator: {mods folder locator at /home/bigh/.var/app/org.prismlauncher.PrismLauncher/data/PrismLauncher/instances/season 5 1/minecraft/mods}, reader: mod manifest]
[24Apr2026 17:42:52.440] [main/INFO] [net.neoforged.fml.loading.moddiscovery.ModDiscoverer/SCAN]: Found mod file "copycats-3.0.4+mc.1.21.1-neoforge.jar" [locator: {mods folder locator at /home/bigh/.var/app/org.prismlauncher.PrismLauncher/data/PrismLauncher/instances/season 5 1/minecraft/mods}, reader: mod manifest]
[24Apr2026 17:42:52.442] [main/INFO] [net.neoforged.fml.loading.moddiscovery.ModDiscoverer/SCAN]: Found mod file "CraterLib-Neoforge-1.21-3.1.1.jar" [locator: {mods folder locator at /home/bigh/.var/app/org.prismlauncher.PrismLauncher/data/PrismLauncher/instances/season 5 1/minecraft/mods}, reader: mod manifest]
[24Apr2026 17:42:52.445] [main/INFO] [net.neoforged.fml.loading.moddiscovery.ModDiscoverer/SCAN]: Found mod file "Create Encased-1.21.1-1.8-ht2.jar" [locator: {mods folder locator at /home/bigh/.var/app/org.prismlauncher.PrismLauncher/data/PrismLauncher/instances/season 5 1/minecraft/mods}, reader: mod manifest]
[24Apr2026 17:42:52.450] [main/INFO] [net.neoforged.fml.loading.moddiscovery.ModDiscoverer/SCAN]: Found mod file "create-1.21.1-6.0.10.jar" [locator: {mods folder locator at /home/bigh/.var/app/org.prismlauncher.PrismLauncher/data/PrismLauncher/instances/season 5 1/minecraft/mods}, reader: mod manifest]
[24Apr2026 17:42:52.452] [main/INFO] [net.neoforged.fml.loading.moddiscovery.ModDiscoverer/SCAN]: Found mod file "create-aeronautics-bundled-1.21.1-1.1.3.jar" [locator: {mods folder locator at /home/bigh/.var/app/org.prismlauncher.PrismLauncher/data/PrismLauncher/instances/season 5 1/minecraft/mods}, reader: mod manifest]
[24Apr2026 17:42:52.453] [main/INFO] [net.neoforged.fml.loading.moddiscovery.ModDiscoverer/SCAN]: Found mod file "create-new-age-1.1.7c+neoforge-mc1.21.1.jar" [locator: {mods folder locator at /home/bigh/.var/app/org.prismlauncher.PrismLauncher/data/PrismLauncher/instances/season 5 1/minecraft/mods}, reader: mod manifest]
[24Apr2026 17:42:52.455] [main/INFO] [net.neoforged.fml.loading.moddiscovery.ModDiscoverer/SCAN]: Found mod file "create_connected-1.1.13-mc1.21.1.jar" [locator: {mods folder locator at /home/bigh/.var/app/org.prismlauncher.PrismLauncher/data/PrismLauncher/instances/season 5 1/minecraft/mods}, reader: mod manifest]
[24Apr2026 17:42:52.457] [main/INFO] [net.neoforged.fml.loading.moddiscovery.ModDiscoverer/SCAN]: Found mod file "create_power_loader-2.0.3-mc1.21.1.jar" [locator: {mods folder locator at /home/bigh/.var/app/org.prismlauncher.PrismLauncher/data/PrismLauncher/instances/season 5 1/minecraft/mods}, reader: mod manifest]
[24Apr2026 17:42:52.459] [main/INFO] [net.neoforged.fml.loading.moddiscovery.ModDiscoverer/SCAN]: Found mod file "createcclogistics-1.21.1-0.3.6.jar" [locator: {mods folder locator at /home/bigh/.var/app/org.prismlauncher.PrismLauncher/data/PrismLauncher/instances/season 5 1/minecraft/mods}, reader: mod manifest]
[24Apr2026 17:42:52.462] [main/INFO] [net.neoforged.fml.loading.moddiscovery.ModDiscoverer/SCAN]: Found mod file "createdeco-2.1.3.jar" [locator: {mods folder locator at /home/bigh/.var/app/org.prismlauncher.PrismLauncher/data/PrismLauncher/instances/season 5 1/minecraft/mods}, reader: mod manifest]
[24Apr2026 17:42:52.464] [main/INFO] [net.neoforged.fml.loading.moddiscovery.ModDiscoverer/SCAN]: Found mod file "createdieselgenerators-1.21.1-1.3.11.jar" [locator: {mods folder locator at /home/bigh/.var/app/org.prismlauncher.PrismLauncher/data/PrismLauncher/instances/season 5 1/minecraft/mods}, reader: mod manifest]
[24Apr2026 17:42:52.465] [main/INFO] [net.neoforged.fml.loading.moddiscovery.ModDiscoverer/SCAN]: Found mod file "createliquidfuel-2.1.1-1.21.1.jar" [locator: {mods folder locator at /home/bigh/.var/app/org.prismlauncher.PrismLauncher/data/PrismLauncher/instances/season 5 1/minecraft/mods}, reader: mod manifest]
[24Apr2026 17:42:52.467] [main/INFO] [net.neoforged.fml.loading.moddiscovery.ModDiscoverer/SCAN]: Found mod file "createrailwaysnavigator-neoforge-1.21.1-alpha-0.9.0-C6+2.jar" [locator: {mods folder locator at /home/bigh/.var/app/org.prismlauncher.PrismLauncher/data/PrismLauncher/instances/season 5 1/minecraft/mods}, reader: mod manifest]
[24Apr2026 17:42:52.468] [main/INFO] [net.neoforged.fml.loading.moddiscovery.ModDiscoverer/SCAN]: Found mod file "curios-neoforge-9.5.1+1.21.1.jar" [locator: {mods folder locator at /home/bigh/.var/app/org.prismlauncher.PrismLauncher/data/PrismLauncher/instances/season 5 1/minecraft/mods}, reader: mod manifest]
[24Apr2026 17:42:52.470] [main/INFO] [net.neoforged.fml.loading.moddiscovery.ModDiscoverer/SCAN]: Found mod file "DnDesires-1.21.1-2.2d-BETA.jar" [locator: {mods folder locator at /home/bigh/.var/app/org.prismlauncher.PrismLauncher/data/PrismLauncher/instances/season 5 1/minecraft/mods}, reader: mod manifest]
[24Apr2026 17:42:52.471] [main/INFO] [net.neoforged.fml.loading.moddiscovery.ModDiscoverer/SCAN]: Found mod file "dragonlib-neoforge-1.21.1-beta-3.0.24.jar" [locator: {mods folder locator at /home/bigh/.var/app/org.prismlauncher.PrismLauncher/data/PrismLauncher/instances/season 5 1/minecraft/mods}, reader: mod manifest]
[24Apr2026 17:42:52.472] [main/INFO] [net.neoforged.fml.loading.moddiscovery.ModDiscoverer/SCAN]: Found mod file "Emojiful-Neoforge-1.21-5.2.2-all.jar" [locator: {mods folder locator at /home/bigh/.var/app/org.prismlauncher.PrismLauncher/data/PrismLauncher/instances/season 5 1/minecraft/mods}, reader: mod manifest]
[24Apr2026 17:42:52.474] [main/INFO] [net.neoforged.fml.loading.moddiscovery.ModDiscoverer/SCAN]: Found mod file "escalated-1.2.1+create.6.0.8-mc.1.21.1-neoforge.jar" [locator: {mods folder locator at /home/bigh/.var/app/org.prismlauncher.PrismLauncher/data/PrismLauncher/instances/season 5 1/minecraft/mods}, reader: mod manifest]
[24Apr2026 17:42:52.475] [main/INFO] [net.neoforged.fml.loading.moddiscovery.ModDiscoverer/SCAN]: Found mod file "expandeddelight-0.1.4.jar" [locator: {mods folder locator at /home/bigh/.var/app/org.prismlauncher.PrismLauncher/data/PrismLauncher/instances/season 5 1/minecraft/mods}, reader: mod manifest]
[24Apr2026 17:42:52.477] [main/INFO] [net.neoforged.fml.loading.moddiscovery.ModDiscoverer/SCAN]: Found mod file "FarmersDelight-1.21.1-1.2.11a.jar" [locator: {mods folder locator at /home/bigh/.var/app/org.prismlauncher.PrismLauncher/data/PrismLauncher/instances/season 5 1/minecraft/mods}, reader: mod manifest]
[24Apr2026 17:42:52.482] [main/INFO] [net.neoforged.fml.loading.moddiscovery.ModDiscoverer/SCAN]: Found mod file "ferritecore-7.0.3-neoforge.jar" [locator: {mods folder locator at /home/bigh/.var/app/org.prismlauncher.PrismLauncher/data/PrismLauncher/instances/season 5 1/minecraft/mods}, reader: mod manifest]
[24Apr2026 17:42:52.484] [main/INFO] [net.neoforged.fml.loading.moddiscovery.ModDiscoverer/SCAN]: Found mod file "fusion-1.2.12-neoforge-mc1.21.1.jar" [locator: {mods folder locator at /home/bigh/.var/app/org.prismlauncher.PrismLauncher/data/PrismLauncher/instances/season 5 1/minecraft/mods}, reader: mod manifest]
[24Apr2026 17:42:52.485] [main/INFO] [net.neoforged.fml.loading.moddiscovery.ModDiscoverer/SCAN]: Found mod file "Geophilic v3.4.6.mod.jar" [locator: {mods folder locator at /home/bigh/.var/app/org.prismlauncher.PrismLauncher/data/PrismLauncher/instances/season 5 1/minecraft/mods}, reader: mod manifest]
[24Apr2026 17:42:52.486] [main/INFO] [net.neoforged.fml.loading.moddiscovery.ModDiscoverer/SCAN]: Found mod file "GlitchCore-neoforge-1.21.1-2.1.0.0.jar" [locator: {mods folder locator at /home/bigh/.var/app/org.prismlauncher.PrismLauncher/data/PrismLauncher/instances/season 5 1/minecraft/mods}, reader: mod manifest]
[24Apr2026 17:42:52.487] [main/INFO] [net.neoforged.fml.loading.moddiscovery.ModDiscoverer/SCAN]: Found mod file "grieflogger-1.2.9-1.21.1-neoforge.jar" [locator: {mods folder locator at /home/bigh/.var/app/org.prismlauncher.PrismLauncher/data/PrismLauncher/instances/season 5 1/minecraft/mods}, reader: mod manifest]
[24Apr2026 17:42:52.489] [main/INFO] [net.neoforged.fml.loading.moddiscovery.ModDiscoverer/SCAN]: Found mod file "interiors-1.21.1-neoforge-0.6.1.jar" [locator: {mods folder locator at /home/bigh/.var/app/org.prismlauncher.PrismLauncher/data/PrismLauncher/instances/season 5 1/minecraft/mods}, reader: mod manifest]
[24Apr2026 17:42:52.490] [main/INFO] [net.neoforged.fml.loading.moddiscovery.ModDiscoverer/SCAN]: Found mod file "iris-flywheel-compat-NeoForge-2.2.0.jar" [locator: {mods folder locator at /home/bigh/.var/app/org.prismlauncher.PrismLauncher/data/PrismLauncher/instances/season 5 1/minecraft/mods}, reader: mod manifest]
[24Apr2026 17:42:52.492] [main/INFO] [net.neoforged.fml.loading.moddiscovery.ModDiscoverer/SCAN]: Found mod file "iris-neoforge-1.8.12+mc1.21.1.jar" [locator: {mods folder locator at /home/bigh/.var/app/org.prismlauncher.PrismLauncher/data/PrismLauncher/instances/season 5 1/minecraft/mods}, reader: mod manifest]
[24Apr2026 17:42:52.493] [main/INFO] [net.neoforged.fml.loading.moddiscovery.ModDiscoverer/SCAN]: Found mod file "Jade-1.21.1-NeoForge-15.10.5.jar" [locator: {mods folder locator at /home/bigh/.var/app/org.prismlauncher.PrismLauncher/data/PrismLauncher/instances/season 5 1/minecraft/mods}, reader: mod manifest]
[24Apr2026 17:42:52.494] [main/INFO] [net.neoforged.fml.loading.moddiscovery.ModDiscoverer/SCAN]: Found mod file "jademoddedentities-neoforge-1.21.1-1.3.1.jar" [locator: {mods folder locator at /home/bigh/.var/app/org.prismlauncher.PrismLauncher/data/PrismLauncher/instances/season 5 1/minecraft/mods}, reader: mod manifest]
[24Apr2026 17:42:52.496] [main/INFO] [net.neoforged.fml.loading.moddiscovery.ModDiscoverer/SCAN]: Found mod file "jei-1.21.1-neoforge-19.27.0.340.jar" [locator: {mods folder locator at /home/bigh/.var/app/org.prismlauncher.PrismLauncher/data/PrismLauncher/instances/season 5 1/minecraft/mods}, reader: mod manifest]
[24Apr2026 17:42:52.497] [main/INFO] [net.neoforged.fml.loading.moddiscovery.ModDiscoverer/SCAN]: Found mod file "jei_integration_reborn-1.0.2.jar" [locator: {mods folder locator at /home/bigh/.var/app/org.prismlauncher.PrismLauncher/data/PrismLauncher/instances/season 5 1/minecraft/mods}, reader: mod manifest]
[24Apr2026 17:42:52.498] [main/INFO] [net.neoforged.fml.loading.moddiscovery.ModDiscoverer/SCAN]: Found mod file "justenoughbreeding-neoforge-1.21-1.21.1-1.6.2.jar" [locator: {mods folder locator at /home/bigh/.var/app/org.prismlauncher.PrismLauncher/data/PrismLauncher/instances/season 5 1/minecraft/mods}, reader: mod manifest]
[24Apr2026 17:42:52.499] [main/INFO] [net.neoforged.fml.loading.moddiscovery.ModDiscoverer/SCAN]: Found mod file "JustEnoughProfessions-neoforge-1.21.1-4.0.5.jar" [locator: {mods folder locator at /home/bigh/.var/app/org.prismlauncher.PrismLauncher/data/PrismLauncher/instances/season 5 1/minecraft/mods}, reader: mod manifest]
[24Apr2026 17:42:52.500] [main/INFO] [net.neoforged.fml.loading.moddiscovery.ModDiscoverer/SCAN]: Found mod file "justzoom_neoforge_2.1.0_MC_1.21.1.jar" [locator: {mods folder locator at /home/bigh/.var/app/org.prismlauncher.PrismLauncher/data/PrismLauncher/instances/season 5 1/minecraft/mods}, reader: mod manifest]
[24Apr2026 17:42:52.501] [main/INFO] [net.neoforged.fml.loading.moddiscovery.ModDiscoverer/SCAN]: Found mod file "Kiwi-1.21.1-NeoForge-15.8.3.jar" [locator: {mods folder locator at /home/bigh/.var/app/org.prismlauncher.PrismLauncher/data/PrismLauncher/instances/season 5 1/minecraft/mods}, reader: mod manifest]
[24Apr2026 17:42:52.503] [main/INFO] [net.neoforged.fml.loading.moddiscovery.ModDiscoverer/SCAN]: Found mod file "konkrete_neoforge_1.9.9_MC_1.21.jar" [locator: {mods folder locator at /home/bigh/.var/app/org.prismlauncher.PrismLauncher/data/PrismLauncher/instances/season 5 1/minecraft/mods}, reader: mod manifest]
[24Apr2026 17:42:52.504] [main/INFO] [net.neoforged.fml.loading.moddiscovery.ModDiscoverer/SCAN]: Found library file "kotlinforforge-5.11.0-all.jar" [locator: {mods folder locator at /home/bigh/.var/app/org.prismlauncher.PrismLauncher/data/PrismLauncher/instances/season 5 1/minecraft/mods}, reader: mod manifest]
[24Apr2026 17:42:52.505] [main/INFO] [net.neoforged.fml.loading.moddiscovery.ModDiscoverer/SCAN]: Found mod file "lios_overhauled_villages-0.1.1.jar" [locator: {mods folder locator at /home/bigh/.var/app/org.prismlauncher.PrismLauncher/data/PrismLauncher/instances/season 5 1/minecraft/mods}, reader: mod manifest]
[24Apr2026 17:42:52.507] [main/INFO] [net.neoforged.fml.loading.moddiscovery.ModDiscoverer/SCAN]: Found mod file "lithium-neoforge-0.15.3+mc1.21.1.jar" [locator: {mods folder locator at /home/bigh/.var/app/org.prismlauncher.PrismLauncher/data/PrismLauncher/instances/season 5 1/minecraft/mods}, reader: mod manifest]
[24Apr2026 17:42:52.508] [main/INFO] [net.neoforged.fml.loading.moddiscovery.ModDiscoverer/SCAN]: Found mod file "lithostitched-1.7.0-neoforge-21.1.jar" [locator: {mods folder locator at /home/bigh/.var/app/org.prismlauncher.PrismLauncher/data/PrismLauncher/instances/season 5 1/minecraft/mods}, reader: mod manifest]
[24Apr2026 17:42:52.509] [main/INFO] [net.neoforged.fml.loading.moddiscovery.ModDiscoverer/SCAN]: Found mod file "lootr-neoforge-1.21.1-1.11.37.118.jar" [locator: {mods folder locator at /home/bigh/.var/app/org.prismlauncher.PrismLauncher/data/PrismLauncher/instances/season 5 1/minecraft/mods}, reader: mod manifest]
[24Apr2026 17:42:52.511] [main/INFO] [net.neoforged.fml.loading.moddiscovery.ModDiscoverer/SCAN]: Found mod file "modernfix-neoforge-5.27.3+mc1.21.1.jar" [locator: {mods folder locator at /home/bigh/.var/app/org.prismlauncher.PrismLauncher/data/PrismLauncher/instances/season 5 1/minecraft/mods}, reader: mod manifest]
[24Apr2026 17:42:52.512] [main/INFO] [net.neoforged.fml.loading.moddiscovery.ModDiscoverer/SCAN]: Found mod file "moonlight-1.21-2.29.33-neoforge.jar" [locator: {mods folder locator at /home/bigh/.var/app/org.prismlauncher.PrismLauncher/data/PrismLauncher/instances/season 5 1/minecraft/mods}, reader: mod manifest]
[24Apr2026 17:42:52.513] [main/INFO] [net.neoforged.fml.loading.moddiscovery.ModDiscoverer/SCAN]: Found mod file "NoChatRestrictions-NeoForge-MC1.21.11-v1.0.0.jar" [locator: {mods folder locator at /home/bigh/.var/app/org.prismlauncher.PrismLauncher/data/PrismLauncher/instances/season 5 1/minecraft/mods}, reader: mod manifest]
[24Apr2026 17:42:52.514] [main/INFO] [net.neoforged.fml.loading.moddiscovery.ModDiscoverer/SCAN]: Found mod file "notenoughcrashes-neoforge-4.4.9+1.21.1.jar" [locator: {mods folder locator at /home/bigh/.var/app/org.prismlauncher.PrismLauncher/data/PrismLauncher/instances/season 5 1/minecraft/mods}, reader: mod manifest]
[24Apr2026 17:42:52.515] [main/INFO] [net.neoforged.fml.loading.moddiscovery.ModDiscoverer/SCAN]: Found mod file "polymorph-neoforge-1.1.0+1.21.1.jar" [locator: {mods folder locator at /home/bigh/.var/app/org.prismlauncher.PrismLauncher/data/PrismLauncher/instances/season 5 1/minecraft/mods}, reader: mod manifest]
[24Apr2026 17:42:52.520] [main/INFO] [net.neoforged.fml.loading.moddiscovery.ModDiscoverer/SCAN]: Found mod file "Quark-4.1-476.jar" [locator: {mods folder locator at /home/bigh/.var/app/org.prismlauncher.PrismLauncher/data/PrismLauncher/instances/season 5 1/minecraft/mods}, reader: mod manifest]
[24Apr2026 17:42:52.529] [main/INFO] [net.neoforged.fml.loading.moddiscovery.ModDiscoverer/SCAN]: Found mod file "rechiseled-1.2.4-neoforge-mc1.21.jar" [locator: {mods folder locator at /home/bigh/.var/app/org.prismlauncher.PrismLauncher/data/PrismLauncher/instances/season 5 1/minecraft/mods}, reader: mod manifest]
[24Apr2026 17:42:52.531] [main/INFO] [net.neoforged.fml.loading.moddiscovery.ModDiscoverer/SCAN]: Found mod file "rechiseledcreate-1.1.0-neoforge-mc1.21.jar" [locator: {mods folder locator at /home/bigh/.var/app/org.prismlauncher.PrismLauncher/data/PrismLauncher/instances/season 5 1/minecraft/mods}, reader: mod manifest]
[24Apr2026 17:42:52.532] [main/INFO] [net.neoforged.fml.loading.moddiscovery.ModDiscoverer/SCAN]: Found mod file "sable-neoforge-1.21.1-1.1.3.jar" [locator: {mods folder locator at /home/bigh/.var/app/org.prismlauncher.PrismLauncher/data/PrismLauncher/instances/season 5 1/minecraft/mods}, reader: mod manifest]
[24Apr2026 17:42:52.533] [main/INFO] [net.neoforged.fml.loading.moddiscovery.ModDiscoverer/SCAN]: Found mod file "SereneSeasons-neoforge-1.21.1-10.1.0.3.jar" [locator: {mods folder locator at /home/bigh/.var/app/org.prismlauncher.PrismLauncher/data/PrismLauncher/instances/season 5 1/minecraft/mods}, reader: mod manifest]
[24Apr2026 17:42:52.537] [main/INFO] [net.neoforged.fml.loading.moddiscovery.ModDiscoverer/SCAN]: Found mod file "SimpleDiscordLink-Universal-3.4.1.jar" [locator: {mods folder locator at /home/bigh/.var/app/org.prismlauncher.PrismLauncher/data/PrismLauncher/instances/season 5 1/minecraft/mods}, reader: mod manifest]
[24Apr2026 17:42:52.538] [main/INFO] [net.neoforged.fml.loading.moddiscovery.ModDiscoverer/SCAN]: Found mod file "sliceanddice-forge-4.2.4.jar" [locator: {mods folder locator at /home/bigh/.var/app/org.prismlauncher.PrismLauncher/data/PrismLauncher/instances/season 5 1/minecraft/mods}, reader: mod manifest]
[24Apr2026 17:42:52.539] [main/INFO] [net.neoforged.fml.loading.moddiscovery.ModDiscoverer/SCAN]: Found mod file "SnowRealMagic-1.21.1-NeoForge-12.2.1.jar" [locator: {mods folder locator at /home/bigh/.var/app/org.prismlauncher.PrismLauncher/data/PrismLauncher/instances/season 5 1/minecraft/mods}, reader: mod manifest]
[24Apr2026 17:42:52.541] [main/INFO] [net.neoforged.fml.loading.moddiscovery.ModDiscoverer/SCAN]: Found mod file "sodium-neoforge-0.6.13+mc1.21.1.jar" [locator: {mods folder locator at /home/bigh/.var/app/org.prismlauncher.PrismLauncher/data/PrismLauncher/instances/season 5 1/minecraft/mods}, reader: mod manifest]
[24Apr2026 17:42:52.542] [main/INFO] [net.neoforged.fml.loading.moddiscovery.ModDiscoverer/SCAN]: Found mod file "solstick-1.0.2.jar" [locator: {mods folder locator at /home/bigh/.var/app/org.prismlauncher.PrismLauncher/data/PrismLauncher/instances/season 5 1/minecraft/mods}, reader: mod manifest]
[24Apr2026 17:42:52.543] [main/INFO] [net.neoforged.fml.loading.moddiscovery.ModDiscoverer/SCAN]: Found mod file "sophisticatedbackpacks-1.21.1-3.25.41.1683.jar" [locator: {mods folder locator at /home/bigh/.var/app/org.prismlauncher.PrismLauncher/data/PrismLauncher/instances/season 5 1/minecraft/mods}, reader: mod manifest]
[24Apr2026 17:42:52.545] [main/INFO] [net.neoforged.fml.loading.moddiscovery.ModDiscoverer/SCAN]: Found mod file "sophisticatedcore-1.21.1-1.4.25.1696.jar" [locator: {mods folder locator at /home/bigh/.var/app/org.prismlauncher.PrismLauncher/data/PrismLauncher/instances/season 5 1/minecraft/mods}, reader: mod manifest]
[24Apr2026 17:42:52.546] [main/INFO] [net.neoforged.fml.loading.moddiscovery.ModDiscoverer/SCAN]: Found mod file "spark-1.10.124-neoforge.jar" [locator: {mods folder locator at /home/bigh/.var/app/org.prismlauncher.PrismLauncher/data/PrismLauncher/instances/season 5 1/minecraft/mods}, reader: mod manifest]
[24Apr2026 17:42:52.547] [main/INFO] [net.neoforged.fml.loading.moddiscovery.ModDiscoverer/SCAN]: Found mod file "supermartijn642configlib-1.1.8-neoforge-mc1.21.jar" [locator: {mods folder locator at /home/bigh/.var/app/org.prismlauncher.PrismLauncher/data/PrismLauncher/instances/season 5 1/minecraft/mods}, reader: mod manifest]
[24Apr2026 17:42:52.548] [main/INFO] [net.neoforged.fml.loading.moddiscovery.ModDiscoverer/SCAN]: Found mod file "supermartijn642corelib-1.1.21-neoforge-mc1.21.jar" [locator: {mods folder locator at /home/bigh/.var/app/org.prismlauncher.PrismLauncher/data/PrismLauncher/instances/season 5 1/minecraft/mods}, reader: mod manifest]
[24Apr2026 17:42:52.552] [main/INFO] [net.neoforged.fml.loading.moddiscovery.ModDiscoverer/SCAN]: Found mod file "supplementaries-1.21-3.5.34-neoforge.jar" [locator: {mods folder locator at /home/bigh/.var/app/org.prismlauncher.PrismLauncher/data/PrismLauncher/instances/season 5 1/minecraft/mods}, reader: mod manifest]
[24Apr2026 17:42:52.553] [main/INFO] [net.neoforged.fml.loading.moddiscovery.ModDiscoverer/SCAN]: Found mod file "tan-compat-pack-1.0.0.jar" [locator: {mods folder locator at /home/bigh/.var/app/org.prismlauncher.PrismLauncher/data/PrismLauncher/instances/season 5 1/minecraft/mods}, reader: mod manifest]
[24Apr2026 17:42:52.554] [main/INFO] [net.neoforged.fml.loading.moddiscovery.ModDiscoverer/SCAN]: Found mod file "tectonic-3.0.22-neoforge-21.1.jar" [locator: {mods folder locator at /home/bigh/.var/app/org.prismlauncher.PrismLauncher/data/PrismLauncher/instances/season 5 1/minecraft/mods}, reader: mod manifest]
[24Apr2026 17:42:52.556] [main/INFO] [net.neoforged.fml.loading.moddiscovery.ModDiscoverer/SCAN]: Found mod file "Terralith_1.21.x_v2.5.8.jar" [locator: {mods folder locator at /home/bigh/.var/app/org.prismlauncher.PrismLauncher/data/PrismLauncher/instances/season 5 1/minecraft/mods}, reader: mod manifest]
[24Apr2026 17:42:52.557] [main/INFO] [net.neoforged.fml.loading.moddiscovery.ModDiscoverer/SCAN]: Found mod file "ToughAsNails-neoforge-1.21.1-10.1.0.13.jar" [locator: {mods folder locator at /home/bigh/.var/app/org.prismlauncher.PrismLauncher/data/PrismLauncher/instances/season 5 1/minecraft/mods}, reader: mod manifest]
[24Apr2026 17:42:52.557] [main/INFO] [net.neoforged.fml.loading.moddiscovery.ModDiscoverer/SCAN]: Found mod file "trading_floor-3.0.16.jar" [locator: {mods folder locator at /home/bigh/.var/app/org.prismlauncher.PrismLauncher/data/PrismLauncher/instances/season 5 1/minecraft/mods}, reader: mod manifest]
[24Apr2026 17:42:52.559] [main/INFO] [net.neoforged.fml.loading.moddiscovery.ModDiscoverer/SCAN]: Found mod file "worldweaver-21.0.18.jar" [locator: {mods folder locator at /home/bigh/.var/app/org.prismlauncher.PrismLauncher/data/PrismLauncher/instances/season 5 1/minecraft/mods}, reader: mod manifest]
[24Apr2026 17:42:52.559] [main/INFO] [net.neoforged.fml.loading.moddiscovery.ModDiscoverer/SCAN]: Found mod file "wunderlib-21.0.10.jar" [locator: {mods folder locator at /home/bigh/.var/app/org.prismlauncher.PrismLauncher/data/PrismLauncher/instances/season 5 1/minecraft/mods}, reader: mod manifest]
[24Apr2026 17:42:52.560] [main/INFO] [net.neoforged.fml.loading.moddiscovery.ModDiscoverer/SCAN]: Found mod file "xaerominimap-neoforge-1.21.1-25.3.10.jar" [locator: {mods folder locator at /home/bigh/.var/app/org.prismlauncher.PrismLauncher/data/PrismLauncher/instances/season 5 1/minecraft/mods}, reader: mod manifest]
[24Apr2026 17:42:52.561] [main/INFO] [net.neoforged.fml.loading.moddiscovery.ModDiscoverer/SCAN]: Found mod file "xaeroworldmap-neoforge-1.21.1-1.40.11.jar" [locator: {mods folder locator at /home/bigh/.var/app/org.prismlauncher.PrismLauncher/data/PrismLauncher/instances/season 5 1/minecraft/mods}, reader: mod manifest]
[24Apr2026 17:42:52.562] [main/INFO] [net.neoforged.fml.loading.moddiscovery.ModDiscoverer/SCAN]: Found mod file "yeetusexperimentus-neoforge-87.0.0.jar" [locator: {mods folder locator at /home/bigh/.var/app/org.prismlauncher.PrismLauncher/data/PrismLauncher/instances/season 5 1/minecraft/mods}, reader: mod manifest]
[24Apr2026 17:42:52.563] [main/INFO] [net.neoforged.fml.loading.moddiscovery.ModDiscoverer/SCAN]: Found mod file "YungsApi-1.21.1-NeoForge-5.1.6.jar" [locator: {mods folder locator at /home/bigh/.var/app/org.prismlauncher.PrismLauncher/data/PrismLauncher/instances/season 5 1/minecraft/mods}, reader: mod manifest]
[24Apr2026 17:42:52.564] [main/INFO] [net.neoforged.fml.loading.moddiscovery.ModDiscoverer/SCAN]: Found mod file "YungsBetterDesertTemples-1.21.1-NeoForge-4.1.5.jar" [locator: {mods folder locator at /home/bigh/.var/app/org.prismlauncher.PrismLauncher/data/PrismLauncher/instances/season 5 1/minecraft/mods}, reader: mod manifest]
[24Apr2026 17:42:52.565] [main/INFO] [net.neoforged.fml.loading.moddiscovery.ModDiscoverer/SCAN]: Found mod file "YungsBetterDungeons-1.21.1-NeoForge-5.1.4.jar" [locator: {mods folder locator at /home/bigh/.var/app/org.prismlauncher.PrismLauncher/data/PrismLauncher/instances/season 5 1/minecraft/mods}, reader: mod manifest]
[24Apr2026 17:42:52.566] [main/INFO] [net.neoforged.fml.loading.moddiscovery.ModDiscoverer/SCAN]: Found mod file "YungsBetterJungleTemples-1.21.1-NeoForge-3.1.2.jar" [locator: {mods folder locator at /home/bigh/.var/app/org.prismlauncher.PrismLauncher/data/PrismLauncher/instances/season 5 1/minecraft/mods}, reader: mod manifest]
[24Apr2026 17:42:52.567] [main/INFO] [net.neoforged.fml.loading.moddiscovery.ModDiscoverer/SCAN]: Found mod file "YungsBetterMineshafts-1.21.1-NeoForge-5.1.1.jar" [locator: {mods folder locator at /home/bigh/.var/app/org.prismlauncher.PrismLauncher/data/PrismLauncher/instances/season 5 1/minecraft/mods}, reader: mod manifest]
[24Apr2026 17:42:52.567] [main/INFO] [net.neoforged.fml.loading.moddiscovery.ModDiscoverer/SCAN]: Found mod file "YungsBetterOceanMonuments-1.21.1-NeoForge-4.1.2.jar" [locator: {mods folder locator at /home/bigh/.var/app/org.prismlauncher.PrismLauncher/data/PrismLauncher/instances/season 5 1/minecraft/mods}, reader: mod manifest]
[24Apr2026 17:42:52.568] [main/INFO] [net.neoforged.fml.loading.moddiscovery.ModDiscoverer/SCAN]: Found mod file "YungsBetterStrongholds-1.21.1-NeoForge-5.1.3.jar" [locator: {mods folder locator at /home/bigh/.var/app/org.prismlauncher.PrismLauncher/data/PrismLauncher/instances/season 5 1/minecraft/mods}, reader: mod manifest]
[24Apr2026 17:42:52.569] [main/INFO] [net.neoforged.fml.loading.moddiscovery.ModDiscoverer/SCAN]: Found mod file "YungsBetterWitchHuts-1.21.1-NeoForge-4.1.1.jar" [locator: {mods folder locator at /home/bigh/.var/app/org.prismlauncher.PrismLauncher/data/PrismLauncher/instances/season 5 1/minecraft/mods}, reader: mod manifest]
[24Apr2026 17:42:52.570] [main/INFO] [net.neoforged.fml.loading.moddiscovery.ModDiscoverer/SCAN]: Found mod file "Zeta-1.1-39.jar" [locator: {mods folder locator at /home/bigh/.var/app/org.prismlauncher.PrismLauncher/data/PrismLauncher/instances/season 5 1/minecraft/mods}, reader: mod manifest]
[24Apr2026 17:42:52.580] [main/INFO] [net.neoforged.fml.loading.moddiscovery.ModDiscoverer/SCAN]: Found mod file "crash_assistant-neoforge.jar" [parent: , locator: jarinjar, reader: mod manifest]
[24Apr2026 17:42:52.754] [CrashAssistantApp process logger/INFO] [ChildProcessLogger/]: CrashAssistantApp process successfully started.
[24Apr2026 17:42:53.593] [main/WARN] [net.neoforged.jarjar.selection.JarSelector/]: Attempted to select two dependency jars from JarJar which have the same identification: Nested Mod File  in Mod File: /home/bigh/.var/app/org.prismlauncher.PrismLauncher/data/PrismLauncher/instances/season 5 1/minecraft/mods/iris-flywheel-compat-NeoForge-2.2.0.jar and Nested Mod File  in Mod File: /home/bigh/.var/app/org.prismlauncher.PrismLauncher/data/PrismLauncher/instances/season 5 1/minecraft/mods/create-1.21.1-6.0.10.jar. Using Nested Mod File  in Mod File: /home/bigh/.var/app/org.prismlauncher.PrismLauncher/data/PrismLauncher/instances/season 5 1/minecraft/mods/iris-flywheel-compat-NeoForge-2.2.0.jar
[24Apr2026 17:42:53.594] [main/WARN] [net.neoforged.jarjar.selection.JarSelector/]: Attempted to select a dependency jar for JarJar which was passed in as source: biolith. Using Mod File: /home/bigh/.var/app/org.prismlauncher.PrismLauncher/data/PrismLauncher/instances/season 5 1/minecraft/mods/biolith-neoforge-3.0.10.jar
[24Apr2026 17:42:53.594] [main/WARN] [net.neoforged.jarjar.selection.JarSelector/]: Attempted to select a dependency jar for JarJar which was passed in as source: architectury. Using Mod File: /home/bigh/.var/app/org.prismlauncher.PrismLauncher/data/PrismLauncher/instances/season 5 1/minecraft/mods/architectury-13.0.8-neoforge.jar
[24Apr2026 17:42:53.594] [main/INFO] [net.neoforged.fml.loading.moddiscovery.locators.JarInJarDependencyLocator/]: Found 83 dependencies adding them to mods collection
[24Apr2026 17:42:53.594] [main/INFO] [net.neoforged.fml.loading.moddiscovery.ModDiscoverer/SCAN]: Found library file "adventure-key-4.26.1.jar" [parent: CraterLib-Neoforge-1.21-3.1.1.jar, locator: jarinjar]
[24Apr2026 17:42:53.594] [main/INFO] [net.neoforged.fml.loading.moddiscovery.ModDiscoverer/SCAN]: Found mod file "c2me-fixes-worldgen-threading-issues-mc1.21.1-0.3.0+alpha.0.91.jar" [parent: c2me-neoforge-mc1.21.1-0.3.0+alpha.0.91.jar, locator: jarinjar, reader: mod manifest]
[24Apr2026 17:42:53.594] [main/INFO] [net.neoforged.fml.loading.moddiscovery.ModDiscoverer/SCAN]: Found mod file "c2me-threading-lighting-mc1.21.1-0.3.0+alpha.0.91.jar" [parent: c2me-neoforge-mc1.21.1-0.3.0+alpha.0.91.jar, locator: jarinjar, reader: mod manifest]
[24Apr2026 17:42:53.594] [main/INFO] [net.neoforged.fml.loading.moddiscovery.ModDiscoverer/SCAN]: Found mod file "fabric-renderer-api-v1-3.4.0+acb05a3919.jar" [parent: iris-neoforge-1.8.12+mc1.21.1.jar, locator: jarinjar, reader: mod manifest]
[24Apr2026 17:42:53.594] [main/INFO] [net.neoforged.fml.loading.moddiscovery.ModDiscoverer/SCAN]: Found library file "glsl-processor-0.2.3.jar" [parent: veil-neoforge-1.21.1-3.6.2.jar, locator: jarinjar]
[24Apr2026 17:42:53.594] [main/INFO] [net.neoforged.fml.loading.moddiscovery.ModDiscoverer/SCAN]: Found mod file "ponder-neoforge-1.0.82+mc1.21.1.jar" [parent: create-1.21.1-6.0.10.jar, locator: jarinjar, reader: mod manifest]
[24Apr2026 17:42:53.594] [main/INFO] [net.neoforged.fml.loading.moddiscovery.ModDiscoverer/SCAN]: Found library file "examination-api-1.3.0.jar" [parent: CraterLib-Neoforge-1.21-3.1.1.jar, locator: jarinjar]
[24Apr2026 17:42:53.594] [main/INFO] [net.neoforged.fml.loading.moddiscovery.ModDiscoverer/SCAN]: Found mod file "c2me-rewrites-chunk-serializer-mc1.21.1-0.3.0+alpha.0.91.jar" [parent: c2me-neoforge-mc1.21.1-0.3.0+alpha.0.91.jar, locator: jarinjar, reader: mod manifest]
[24Apr2026 17:42:53.594] [main/INFO] [net.neoforged.fml.loading.moddiscovery.ModDiscoverer/SCAN]: Found mod file "fabric-model-loading-api-v1-2.0.0+986ae77219.jar" [parent: SnowRealMagic-1.21.1-NeoForge-12.2.1.jar, locator: jarinjar, reader: mod manifest]
[24Apr2026 17:42:53.594] [main/INFO] [net.neoforged.fml.loading.moddiscovery.ModDiscoverer/SCAN]: Found library file "net.neoforged.neoforge-coremods-21.1.228.jar" [parent: neoforge-21.1.228-universal.jar, locator: jarinjar, reader: mod manifest]
[24Apr2026 17:42:53.594] [main/INFO] [net.neoforged.fml.loading.moddiscovery.ModDiscoverer/SCAN]: Found library file "imgui-java-natives-linux-1.88.0.jar" [parent: veil-neoforge-1.21.1-3.6.2.jar, locator: jarinjar]
[24Apr2026 17:42:53.594] [main/INFO] [net.neoforged.fml.loading.moddiscovery.ModDiscoverer/SCAN]: Found mod file "dev.eriksonn.aeronautics.aeronautics-neoforge-1.21.1-1.1.3.jar" [parent: create-aeronautics-bundled-1.21.1-1.1.3.jar, locator: jarinjar, reader: mod manifest]
[24Apr2026 17:42:53.594] [main/INFO] [net.neoforged.fml.loading.moddiscovery.ModDiscoverer/SCAN]: Found mod file "xaerolib-neoforge-1.21.1-1.1.0.jar" [parent: xaerominimap-neoforge-1.21.1-25.3.10.jar, locator: jarinjar, reader: mod manifest]
[24Apr2026 17:42:53.594] [main/INFO] [net.neoforged.fml.loading.moddiscovery.ModDiscoverer/SCAN]: Found library file "adventure-text-serializer-commons-4.26.1.jar" [parent: CraterLib-Neoforge-1.21-3.1.1.jar, locator: jarinjar]
[24Apr2026 17:42:53.594] [main/INFO] [net.neoforged.fml.loading.moddiscovery.ModDiscoverer/SCAN]: Found library file "option-1.1.0.jar" [parent: CraterLib-Neoforge-1.21-3.1.1.jar, locator: jarinjar]
[24Apr2026 17:42:53.594] [main/INFO] [net.neoforged.fml.loading.moddiscovery.ModDiscoverer/SCAN]: Found library file "cobalt-0.9.7.jar" [parent: cc-tweaked-1.21.1-forge-1.117.1.jar, locator: jarinjar]
[24Apr2026 17:42:53.594] [main/INFO] [net.neoforged.fml.loading.moddiscovery.ModDiscoverer/SCAN]: Found mod file "c2me-opts-natives-math-mc1.21.1-0.3.0+alpha.0.91.jar" [parent: c2me-neoforge-mc1.21.1-0.3.0+alpha.0.91.jar, locator: jarinjar, reader: mod manifest]
[24Apr2026 17:42:53.594] [main/INFO] [net.neoforged.fml.loading.moddiscovery.ModDiscoverer/SCAN]: Found library file "adventure-api-4.26.1.jar" [parent: CraterLib-Neoforge-1.21-3.1.1.jar, locator: jarinjar]
[24Apr2026 17:42:53.594] [main/INFO] [net.neoforged.fml.loading.moddiscovery.ModDiscoverer/SCAN]: Found mod file "fabric-renderer-indigo-1.7.0+acb05a3919.jar" [parent: SnowRealMagic-1.21.1-NeoForge-12.2.1.jar, locator: jarinjar, reader: mod manifest]
[24Apr2026 17:42:53.594] [main/INFO] [net.neoforged.fml.loading.moddiscovery.ModDiscoverer/SCAN]: Found mod file "c2me-fixes-general-threading-issues-mc1.21.1-0.3.0+alpha.0.91.jar" [parent: c2me-neoforge-mc1.21.1-0.3.0+alpha.0.91.jar, locator: jarinjar, reader: mod manifest]
[24Apr2026 17:42:53.595] [main/INFO] [net.neoforged.fml.loading.moddiscovery.ModDiscoverer/SCAN]: Found library file "adventure-text-serializer-json-4.26.1.jar" [parent: CraterLib-Neoforge-1.21-3.1.1.jar, locator: jarinjar]
[24Apr2026 17:42:53.595] [main/INFO] [net.neoforged.fml.loading.moddiscovery.ModDiscoverer/SCAN]: Found library file "kotlinx-coroutines-core-jvm-1.10.2.jar" [parent: kotlinforforge-5.11.0-all.jar, locator: jarinjar]
[24Apr2026 17:42:53.595] [main/INFO] [net.neoforged.fml.loading.moddiscovery.ModDiscoverer/SCAN]: Found library file "imgui-java-lwjgl3-1.88.0.jar" [parent: veil-neoforge-1.21.1-3.6.2.jar, locator: jarinjar]
[24Apr2026 17:42:53.595] [main/INFO] [net.neoforged.fml.loading.moddiscovery.ModDiscoverer/SCAN]: Found mod file "fabric-block-view-api-v2-1.0.10+9afaaf8c19.jar" [parent: sodium-neoforge-0.6.13+mc1.21.1.jar, locator: jarinjar, reader: mod manifest]
[24Apr2026 17:42:53.595] [main/INFO] [net.neoforged.fml.loading.moddiscovery.ModDiscoverer/SCAN]: Found gamelibrary file "mixinsquared-neoforge-0.2.0-beta.6.jar" [parent: c2me-neoforge-mc1.21.1-0.3.0+alpha.0.91.jar, locator: jarinjar, reader: mod manifest]
[24Apr2026 17:42:53.595] [main/INFO] [net.neoforged.fml.loading.moddiscovery.ModDiscoverer/SCAN]: Found library file "jctools-core-4.0.5.jar" [parent: c2me-neoforge-mc1.21.1-0.3.0+alpha.0.91.jar, locator: jarinjar]
[24Apr2026 17:42:53.595] [main/INFO] [net.neoforged.fml.loading.moddiscovery.ModDiscoverer/SCAN]: Found mod file "veil-neoforge-1.21.1-3.6.2.jar" [parent: sable-neoforge-1.21.1-1.1.3.jar, locator: jarinjar, reader: mod manifest]
[24Apr2026 17:42:53.595] [main/INFO] [net.neoforged.fml.loading.moddiscovery.ModDiscoverer/SCAN]: Found library file "net.caffeinemc.sodium-neoforge-0.6.13+mc1.21.1-service.jar" [parent: sodium-neoforge-0.6.13+mc1.21.1.jar, locator: jarinjar, reader: mod manifest]
[24Apr2026 17:42:53.595] [main/INFO] [net.neoforged.fml.loading.moddiscovery.ModDiscoverer/SCAN]: Found mod file "dev.simulated_team.simulated.simulated-neoforge-1.21.1-1.1.3.jar" [parent: create-aeronautics-bundled-1.21.1-1.1.3.jar, locator: jarinjar, reader: mod manifest]
[24Apr2026 17:42:53.595] [main/INFO] [net.neoforged.fml.loading.moddiscovery.ModDiscoverer/SCAN]: Found library file "kotlinx-coroutines-jdk8-1.10.2.jar" [parent: kotlinforforge-5.11.0-all.jar, locator: jarinjar]
[24Apr2026 17:42:53.595] [main/INFO] [net.neoforged.fml.loading.moddiscovery.ModDiscoverer/SCAN]: Found mod file "c2me-opts-math-mc1.21.1-0.3.0+alpha.0.91.jar" [parent: c2me-neoforge-mc1.21.1-0.3.0+alpha.0.91.jar, locator: jarinjar, reader: mod manifest]
[24Apr2026 17:42:53.595] [main/INFO] [net.neoforged.fml.loading.moddiscovery.ModDiscoverer/SCAN]: Found mod file "c2me-rewrites-chunk-system-mc1.21.1-0.3.0+alpha.0.91.jar" [parent: c2me-neoforge-mc1.21.1-0.3.0+alpha.0.91.jar, locator: jarinjar, reader: mod manifest]
[24Apr2026 17:42:53.595] [main/INFO] [net.neoforged.fml.loading.moddiscovery.ModDiscoverer/SCAN]: Found library file "imgui-java-natives-windows-1.88.0.jar" [parent: veil-neoforge-1.21.1-3.6.2.jar, locator: jarinjar]
[24Apr2026 17:42:53.595] [main/INFO] [net.neoforged.fml.loading.moddiscovery.ModDiscoverer/SCAN]: Found library file "rxjava-3.1.12.jar" [parent: c2me-neoforge-mc1.21.1-0.3.0+alpha.0.91.jar, locator: jarinjar]
[24Apr2026 17:42:53.595] [main/INFO] [net.neoforged.fml.loading.moddiscovery.ModDiscoverer/SCAN]: Found library file "kotlin-stdlib-jdk7-2.3.0.jar" [parent: kotlinforforge-5.11.0-all.jar, locator: jarinjar]
[24Apr2026 17:42:53.595] [main/INFO] [net.neoforged.fml.loading.moddiscovery.ModDiscoverer/SCAN]: Found library file "reactive-streams-1.0.4.jar" [parent: c2me-neoforge-mc1.21.1-0.3.0+alpha.0.91.jar, locator: jarinjar]
[24Apr2026 17:42:53.595] [main/INFO] [net.neoforged.fml.loading.moddiscovery.ModDiscoverer/SCAN]: Found library file "kotlin-stdlib-jdk8-2.3.0.jar" [parent: kotlinforforge-5.11.0-all.jar, locator: jarinjar]
[24Apr2026 17:42:53.595] [main/INFO] [net.neoforged.fml.loading.moddiscovery.ModDiscoverer/SCAN]: Found library file "adventure-text-serializer-gson-4.26.1.jar" [parent: CraterLib-Neoforge-1.21-3.1.1.jar, locator: jarinjar]
[24Apr2026 17:42:53.595] [main/INFO] [net.neoforged.fml.loading.moddiscovery.ModDiscoverer/SCAN]: Found library file "molang-compiler-3.1.1.19.jar" [parent: veil-neoforge-1.21.1-3.6.2.jar, locator: jarinjar]
[24Apr2026 17:42:53.595] [main/INFO] [net.neoforged.fml.loading.moddiscovery.ModDiscoverer/SCAN]: Found mod file "c2me-base-mc1.21.1-0.3.0+alpha.0.91-all.jar" [parent: c2me-neoforge-mc1.21.1-0.3.0+alpha.0.91.jar, locator: jarinjar, reader: mod manifest]
[24Apr2026 17:42:53.595] [main/INFO] [net.neoforged.fml.loading.moddiscovery.ModDiscoverer/SCAN]: Found library file "yamlbeans-1.17.jar" [parent: Emojiful-Neoforge-1.21-5.2.2-all.jar, locator: jarinjar]
[24Apr2026 17:42:53.595] [main/INFO] [net.neoforged.fml.loading.moddiscovery.ModDiscoverer/SCAN]: Found library file "forgified-fabric-loader-2.5.29+0.16.0+1.21-full.jar" [parent: SnowRealMagic-1.21.1-NeoForge-12.2.1.jar, locator: jarinjar, reader: mod manifest]
[24Apr2026 17:42:53.595] [main/INFO] [net.neoforged.fml.loading.moddiscovery.ModDiscoverer/SCAN]: Found mod file "c2me-opts-worldgen-vanilla-mc1.21.1-0.3.0+alpha.0.91.jar" [parent: c2me-neoforge-mc1.21.1-0.3.0+alpha.0.91.jar, locator: jarinjar, reader: mod manifest]
[24Apr2026 17:42:53.595] [main/INFO] [net.neoforged.fml.loading.moddiscovery.ModDiscoverer/SCAN]: Found mod file "c2me-fixes-worldgen-vanilla-bugs-mc1.21.1-0.3.0+alpha.0.91.jar" [parent: c2me-neoforge-mc1.21.1-0.3.0+alpha.0.91.jar, locator: jarinjar, reader: mod manifest]
[24Apr2026 17:42:53.595] [main/INFO] [net.neoforged.fml.loading.moddiscovery.ModDiscoverer/SCAN]: Found library file "adventure-text-minimessage-4.26.1.jar" [parent: CraterLib-Neoforge-1.21-3.1.1.jar, locator: jarinjar]
[24Apr2026 17:42:53.595] [main/INFO] [net.neoforged.fml.loading.moddiscovery.ModDiscoverer/SCAN]: Found library file "kotlinx-serialization-json-jvm-1.9.0.jar" [parent: kotlinforforge-5.11.0-all.jar, locator: jarinjar]
[24Apr2026 17:42:53.595] [main/INFO] [net.neoforged.fml.loading.moddiscovery.ModDiscoverer/SCAN]: Found mod file "c2me-opts-scheduling-mc1.21.1-0.3.0+alpha.0.91.jar" [parent: c2me-neoforge-mc1.21.1-0.3.0+alpha.0.91.jar, locator: jarinjar, reader: mod manifest]
[24Apr2026 17:42:53.595] [main/INFO] [net.neoforged.fml.loading.moddiscovery.ModDiscoverer/SCAN]: Found mod file "dev.ryanhcode.offroad.offroad-neoforge-1.21.1-1.1.3.jar" [parent: create-aeronautics-bundled-1.21.1-1.1.3.jar, locator: jarinjar, reader: mod manifest]
[24Apr2026 17:42:53.595] [main/INFO] [net.neoforged.fml.loading.moddiscovery.ModDiscoverer/SCAN]: Found library file "exp4j-0.4.8.jar" [parent: c2me-neoforge-mc1.21.1-0.3.0+alpha.0.91.jar, locator: jarinjar]
[24Apr2026 17:42:53.595] [main/INFO] [net.neoforged.fml.loading.moddiscovery.ModDiscoverer/SCAN]: Found gamelibrary file "mixinextras-neoforge-0.5.3.jar" [parent: neoforge-21.1.228-universal.jar, locator: jarinjar, reader: mod manifest]
[24Apr2026 17:42:53.595] [main/INFO] [net.neoforged.fml.loading.moddiscovery.ModDiscoverer/SCAN]: Found mod file "fabric-game-rule-api-v1-1.0.53+36d727be19.jar" [parent: SnowRealMagic-1.21.1-NeoForge-12.2.1.jar, locator: jarinjar, reader: mod manifest]
[24Apr2026 17:42:53.595] [main/INFO] [net.neoforged.fml.loading.moddiscovery.ModDiscoverer/SCAN]: Found mod file "fabric-api-base-0.4.42+d1308ded19.jar" [parent: Kiwi-1.21.1-NeoForge-15.8.3.jar, locator: jarinjar, reader: mod manifest]
[24Apr2026 17:42:53.595] [main/INFO] [net.neoforged.fml.loading.moddiscovery.ModDiscoverer/SCAN]: Found library file "jzlib-1.1.3.jar" [parent: cc-tweaked-1.21.1-forge-1.117.1.jar, locator: jarinjar]
[24Apr2026 17:42:53.595] [main/INFO] [net.neoforged.fml.loading.moddiscovery.ModDiscoverer/SCAN]: Found library file "imgui-java-binding-1.88.0.jar" [parent: veil-neoforge-1.21.1-3.6.2.jar, locator: jarinjar]
[24Apr2026 17:42:53.595] [main/INFO] [net.neoforged.fml.loading.moddiscovery.ModDiscoverer/SCAN]: Found mod file "c2me-fixes-chunkio-threading-issues-mc1.21.1-0.3.0+alpha.0.91.jar" [parent: c2me-neoforge-mc1.21.1-0.3.0+alpha.0.91.jar, locator: jarinjar, reader: mod manifest]
[24Apr2026 17:42:53.595] [main/INFO] [net.neoforged.fml.loading.moddiscovery.ModDiscoverer/SCAN]: Found mod file "c2me-client-uncapvd-mc1.21.1-0.3.0+alpha.0.91.jar" [parent: c2me-neoforge-mc1.21.1-0.3.0+alpha.0.91.jar, locator: jarinjar, reader: mod manifest]
[24Apr2026 17:42:53.595] [main/INFO] [net.neoforged.fml.loading.moddiscovery.ModDiscoverer/SCAN]: Found mod file "c2me-server-utils-mc1.21.1-0.3.0+alpha.0.91.jar" [parent: c2me-neoforge-mc1.21.1-0.3.0+alpha.0.91.jar, locator: jarinjar, reader: mod manifest]
[24Apr2026 17:42:53.595] [main/INFO] [net.neoforged.fml.loading.moddiscovery.ModDiscoverer/SCAN]: Found library file "thedarkcolour.kfflang-5.11.0.jar" [parent: kotlinforforge-5.11.0-all.jar, locator: jarinjar, reader: mod manifest]
[24Apr2026 17:42:53.595] [main/INFO] [net.neoforged.fml.loading.moddiscovery.ModDiscoverer/SCAN]: Found gamelibrary file "thedarkcolour.kfflib-5.11.0.jar" [parent: kotlinforforge-5.11.0-all.jar, locator: jarinjar, reader: mod manifest]
[24Apr2026 17:42:53.595] [main/INFO] [net.neoforged.fml.loading.moddiscovery.ModDiscoverer/SCAN]: Found mod file "forgeconfigapiport-neoforge-21.1.1.jar" [parent: dragonlib-neoforge-1.21.1-beta-3.0.24.jar, locator: jarinjar, reader: mod manifest]
[24Apr2026 17:42:53.595] [main/INFO] [net.neoforged.fml.loading.moddiscovery.ModDiscoverer/SCAN]: Found library file "jcpp-1.4.14.jar" [parent: iris-neoforge-1.8.12+mc1.21.1.jar, locator: jarinjar]
[24Apr2026 17:42:53.595] [main/INFO] [net.neoforged.fml.loading.moddiscovery.ModDiscoverer/SCAN]: Found mod file "thedarkcolour.kffmod-5.11.0.jar" [parent: kotlinforforge-5.11.0-all.jar, locator: jarinjar, reader: mod manifest]
[24Apr2026 17:42:53.595] [main/INFO] [net.neoforged.fml.loading.moddiscovery.ModDiscoverer/SCAN]: Found mod file "c2me-opts-dfc-mc1.21.1-0.3.0+alpha.0.91.jar" [parent: c2me-neoforge-mc1.21.1-0.3.0+alpha.0.91.jar, locator: jarinjar, reader: mod manifest]
[24Apr2026 17:42:53.595] [main/INFO] [net.neoforged.fml.loading.moddiscovery.ModDiscoverer/SCAN]: Found library file "kotlin-reflect-2.3.0.jar" [parent: kotlinforforge-5.11.0-all.jar, locator: jarinjar]
[24Apr2026 17:42:53.595] [main/INFO] [net.neoforged.fml.loading.moddiscovery.ModDiscoverer/SCAN]: Found library file "kotlin-stdlib-2.3.0.jar" [parent: kotlinforforge-5.11.0-all.jar, locator: jarinjar]
[24Apr2026 17:42:53.595] [main/INFO] [net.neoforged.fml.loading.moddiscovery.ModDiscoverer/SCAN]: Found mod file "sable-companion-common-1.21.1-1.5.0.jar" [parent: sable-neoforge-1.21.1-1.1.3.jar, locator: jarinjar, reader: mod manifest]
[24Apr2026 17:42:53.595] [main/INFO] [net.neoforged.fml.loading.moddiscovery.ModDiscoverer/SCAN]: Found mod file "neoforge.jar" [parent: iris-flywheel-compat-NeoForge-2.2.0.jar, locator: jarinjar, reader: mod manifest]
[24Apr2026 17:42:53.595] [main/INFO] [net.neoforged.fml.loading.moddiscovery.ModDiscoverer/SCAN]: Found library file "examination-string-1.3.0.jar" [parent: CraterLib-Neoforge-1.21-3.1.1.jar, locator: jarinjar]
[24Apr2026 17:42:53.595] [main/INFO] [net.neoforged.fml.loading.moddiscovery.ModDiscoverer/SCAN]: Found mod file "c2me-notickvd-mc1.21.1-0.3.0+alpha.0.91.jar" [parent: c2me-neoforge-mc1.21.1-0.3.0+alpha.0.91.jar, locator: jarinjar, reader: mod manifest]
[24Apr2026 17:42:53.595] [main/INFO] [net.neoforged.fml.loading.moddiscovery.ModDiscoverer/SCAN]: Found library file "glsl-transformer-2.0.1.jar" [parent: iris-neoforge-1.8.12+mc1.21.1.jar, locator: jarinjar]
[24Apr2026 17:42:53.595] [main/INFO] [net.neoforged.fml.loading.moddiscovery.ModDiscoverer/SCAN]: Found mod file "c2me-opts-worldgen-general-mc1.21.1-0.3.0+alpha.0.91.jar" [parent: c2me-neoforge-mc1.21.1-0.3.0+alpha.0.91.jar, locator: jarinjar, reader: mod manifest]
[24Apr2026 17:42:53.595] [main/INFO] [net.neoforged.fml.loading.moddiscovery.ModDiscoverer/SCAN]: Found mod file "c2me-opts-chunkio-mc1.21.1-0.3.0+alpha.0.91.jar" [parent: c2me-neoforge-mc1.21.1-0.3.0+alpha.0.91.jar, locator: jarinjar, reader: mod manifest]
[24Apr2026 17:42:53.595] [main/INFO] [net.neoforged.fml.loading.moddiscovery.ModDiscoverer/SCAN]: Found library file "adventure-text-serializer-plain-4.26.1.jar" [parent: CraterLib-Neoforge-1.21-3.1.1.jar, locator: jarinjar]
[24Apr2026 17:42:53.595] [main/INFO] [net.neoforged.fml.loading.moddiscovery.ModDiscoverer/SCAN]: Found gamelibrary file "mixinsquared-forge-0.1.1.jar" [parent: supplementaries-1.21-3.5.34-neoforge.jar, locator: jarinjar, reader: mod manifest]
[24Apr2026 17:42:53.595] [main/INFO] [net.neoforged.fml.loading.moddiscovery.ModDiscoverer/SCAN]: Found library file "MixinSquared-0.2.0-beta.6.jar" [parent: mixinsquared-neoforge-0.2.0-beta.6.jar, locator: jarinjar]
[24Apr2026 17:42:53.595] [main/INFO] [net.neoforged.fml.loading.moddiscovery.ModDiscoverer/SCAN]: Found library file "imgui-java-natives-macos-1.88.0.jar" [parent: veil-neoforge-1.21.1-3.6.2.jar, locator: jarinjar]
[24Apr2026 17:42:53.595] [main/INFO] [net.neoforged.fml.loading.moddiscovery.ModDiscoverer/SCAN]: Found mod file "fabric-rendering-data-attachment-v1-0.3.48+73761d2e19.jar" [parent: sodium-neoforge-0.6.13+mc1.21.1.jar, locator: jarinjar, reader: mod manifest]
[24Apr2026 17:42:53.595] [main/INFO] [net.neoforged.fml.loading.moddiscovery.ModDiscoverer/SCAN]: Found library file "kotlinx-serialization-core-jvm-1.9.0.jar" [parent: kotlinforforge-5.11.0-all.jar, locator: jarinjar]
[24Apr2026 17:42:53.595] [main/INFO] [net.neoforged.fml.loading.moddiscovery.ModDiscoverer/SCAN]: Found gamelibrary file "Registrate-MC1.21-1.3.0+67.jar" [parent: create-1.21.1-6.0.10.jar, locator: jarinjar, reader: mod manifest]
[24Apr2026 17:42:53.595] [main/INFO] [net.neoforged.fml.loading.moddiscovery.ModDiscoverer/SCAN]: Found mod file "c2me-rewrites-chunkio-mc1.21.1-0.3.0+alpha.0.91.jar" [parent: c2me-neoforge-mc1.21.1-0.3.0+alpha.0.91.jar, locator: jarinjar, reader: mod manifest]
[24Apr2026 17:42:53.595] [main/INFO] [net.neoforged.fml.loading.moddiscovery.ModDiscoverer/SCAN]: Found mod file "c2me-opts-allocs-mc1.21.1-0.3.0+alpha.0.91.jar" [parent: c2me-neoforge-mc1.21.1-0.3.0+alpha.0.91.jar, locator: jarinjar, reader: mod manifest]
[24Apr2026 17:42:53.595] [main/INFO] [net.neoforged.fml.loading.moddiscovery.ModDiscoverer/SCAN]: Found library file "asyncutil-0.1.0.jar" [parent: c2me-neoforge-mc1.21.1-0.3.0+alpha.0.91.jar, locator: jarinjar]
[24Apr2026 17:42:53.595] [main/INFO] [net.neoforged.fml.loading.moddiscovery.ModDiscoverer/SCAN]: Found mod file "esl-neoforge-1.21.1-1.0.3+neoforge-mc1.21.1.jar" [parent: create-new-age-1.1.7c+neoforge-mc1.21.1.jar, locator: jarinjar, reader: mod manifest]
[24Apr2026 17:42:53.598] [main/INFO] [net.neoforged.fml.loading.moddiscovery.ModDiscoverer/]: 
     Mod List:
		Name Version (Mod Id)

		Advanced Peripherals 0.7.61b (advancedperipherals)
		AlmostUnified 1.21.1-1.4.1 (almostunified)
		AppleSkin 3.0.9+mc1.21 (appleskin)
		Architectury 13.0.8 (architectury)
		BCLib 21.0.20 (bclib)
		Better End 21.0.24 (betterend)
		Better Nether 21.0.19 (betternether)
		Biolith 3.0.10 (biolith)
		CC: Sable 1.2.2 (cc_sable)
		CC: Tweaked 1.117.1 (computercraft)
		Chunky 1.4.23 (chunky)
		Chunky Offline 1-v1.1.0 (mr_chunky_offline)
		Concurrent Chunk Management Engine 0.3.0+alpha.0.91+1.21.1 (c2me)
		Concurrent Chunk Management Engine (Base) 0.3.0+alpha.0.91+1.21.1 (c2me_base)
		Concurrent Chunk Management Engine (Client/Uncap View Distance) 0.3.0+alpha.0.91+1.21.1 (c2me_client_uncapvd)
		Concurrent Chunk Management Engine (Fixes/Chunk IO/Threading Issues) 0.3.0+alpha.0.91+1.21.1 (c2me_fixes_chunkio_threading_issues)
		Concurrent Chunk Management Engine (Fixes/General/Threading Issues) 0.3.0+alpha.0.91+1.21.1 (c2me_fixes_general_threading_issues)
		Concurrent Chunk Management Engine (Fixes/WorldGen/Threading Issues) 0.3.0+alpha.0.91+1.21.1 (c2me_fixes_worldgen_threading_issues)
		Concurrent Chunk Management Engine (Fixes/WorldGen/Vanilla Bugs) 0.3.0+alpha.0.91+1.21.1 (c2me_fixes_worldgen_vanilla_bugs)
		Concurrent Chunk Management Engine (No Tick View Distance) 0.3.0+alpha.0.91+1.21.1 (c2me_notickvd)
		Concurrent Chunk Management Engine (Optimizations/Chunk IO) 0.3.0+alpha.0.91+1.21.1 (c2me_opts_chunkio)
		Concurrent Chunk Management Engine (Optimizations/Density Function Compiler) 0.3.0+alpha.0.91+1.21.1 (c2me_opts_dfc)
		Concurrent Chunk Management Engine (Optimizations/General WorldGen) 0.3.0+alpha.0.91+1.21.1 (c2me_opts_worldgen_general)
		Concurrent Chunk Management Engine (Optimizations/Math) 0.3.0+alpha.0.91+1.21.1 (c2me_opts_math)
		Concurrent Chunk Management Engine (Optimizations/Memory Allocations) 0.3.0+alpha.0.91+1.21.1 (c2me_opts_allocs)
		Concurrent Chunk Management Engine (Optimizations/Natives Math) 0.3.0+alpha.0.91+1.21.1 (c2me_opts_natives_math)
		Concurrent Chunk Management Engine (Optimizations/Scheduling) 0.3.0+alpha.0.91+1.21.1 (c2me_opts_scheduling)
		Concurrent Chunk Management Engine (Optimizations/Vanilla WorldGen) 0.3.0+alpha.0.91+1.21.1 (c2me_opts_worldgen_vanilla)
		Concurrent Chunk Management Engine (Rewrites/Chunk IO) 0.3.0+alpha.0.91+1.21.1 (c2me_rewrites_chunkio)
		Concurrent Chunk Management Engine (Rewrites/Chunk Serializer) 0.3.0+alpha.0.91+1.21.1 (c2me_rewrites_chunk_serializer)
		Concurrent Chunk Management Engine (Rewrites/Chunk System) 0.3.0+alpha.0.91+1.21.1 (c2me_rewrites_chunk_system)
		Concurrent Chunk Management Engine (Server Utils) 0.3.0+alpha.0.91+1.21.1 (c2me_server_utils)
		Concurrent Chunk Management Engine (Threading/Lighting) 0.3.0+alpha.0.91+1.21.1 (c2me_threading_lighting)
		Crash Assistant 1.11.8 (crash_assistant)
		CraterLib 3.1.1 (craterlib)
		Create 6.0.10 (create)
		Create Aeronautics 1.1.3 (aeronautics_bundled)
		Create Aeronautics 1.1.3 (aeronautics)
		Create Deco 2.1.3 (createdeco)
		Create Diesel Generators 1.21.1-1.3.11 (createdieselgenerators)
		Create Encased 1.8-ht2 (createcasing)
		Create Liquid Fuel 2.1.1-1.21.1 (createliquidfuel)
		Create Offroad 1.1.3 (offroad)
		Create Railways Navigator 1.21.1-alpha-0.9.0-C6 (createrailwaysnavigator)
		Create Simulated 1.1.3 (simulated)
		Create Slice & Dice 4.2.4 (sliceanddice)
		Create: CC Better Recipes 1.2.0 (ccbr)
		Create: CC Total Logistics 0.3.6 (createcclogistics)
		Create: Connected 1.1.13-mc1.21.1 (create_connected)
		Create: Copycats+ 3.0.4+mc.1.21.1-neoforge (copycats)
		Create: Dreams n' Desires 2.2d-BETA (dndesires)
		Create: Escalated 1.2.1 (escalated)
		Create: Interiors 0.6.1 (interiors)
		Create: New Age 1.1.7c+mc1.21.1 (create_new_age)
		Create: Power Loader 2.0.3-mc1.21.1 (create_power_loader)
		Create: Trading Floor 3.0.16 (trading_floor)
		Curios API 9.5.1+1.21.1 (curios)
		DragonLib 1.21.1-beta-3.0.24 (dragonlib)
		Emojiful 5.2.2 (emojiful)
		ESL 1.0.3 (esl)
		Expanded Delight 0.1.4 (expandeddelight)
		Farmer's Delight 1.2.11a (farmersdelight)
		Ferrite Core 7.0.3 (ferritecore)
		Flywheel 1.0.6 (flywheel)
		Forge Config API Port 21.1.1 (forgeconfigapiport)
		Forgified Fabric API Base 0.4.42+d1308ded19 (fabric_api_base)
		Forgified Fabric BlockView API (v2) 1.0.10+9afaaf8c19 (fabric_block_view_api_v2)
		Forgified Fabric Game Rule API (v1) 1.0.53+36d727be19 (fabric_game_rule_api_v1)
		Forgified Fabric Model Loading API (v1) 2.0.0+986ae77219 (fabric_model_loading_api_v1)
		Forgified Fabric Renderer - Indigo 1.7.0+acb05a3919 (fabric_renderer_indigo)
		Forgified Fabric Renderer API (v1) 3.4.0+acb05a3919 (fabric_renderer_api_v1)
		Forgified Fabric Rendering Data Attachment (v1) 0.3.48+73761d2e19 (fabric_rendering_data_attachment_v1)
		Fusion 1.2.12 (fusion)
		Geophilic 3.4.6 (geophilic)
		GlitchCore 2.1.0.0 (glitchcore)
		GriefLogger 1.2.9-1.21.1 (grieflogger)
		Iris 1.8.12-snapshot+mc1.21.1-local (iris)
		Iris Flywheel Compat 2.2.0 (irisflw)
		Jade 15.10.5+neoforge (jade)
		Jade Modded Entities 1.3.1 (jademoddedentities)
		JEI Integration Reborn 1.0.2 (jei_integration_reborn)
		Just Enough Breeding 1.6.2 (justenoughbreeding)
		Just Enough Items 19.27.0.340 (jei)
		Just Enough Professions (JEP) 4.0.5 (justenoughprofessions)
		Just Zoom 2.1.0 (justzoom)
		Kiwi Library 15.8.3+neoforge (kiwi)
		Konkrete 1.9.9 (konkrete)
		Kotlin For Forge 5.11.0 (kotlinforforge)
		Lio's Overhauled Villages 0.1.1 (lios_overhauled_villages)
		Lithium 0.15.3+mc1.21.1 (lithium)
		Lithostitched 1.7.0 (lithostitched)
		Lootr 1.21.1-1.11.37.118 (lootr)
		Minecraft 1.21.1 (minecraft)
		ModernFix 5.27.3+mc1.21.1 (modernfix)
		Moonlight Lib 1.21-2.29.33 (moonlight)
		NeoForge 21.1.228 (neoforge)
		No Chat Restrictions 1.21.11-v1.0.0 (nochatrestrictions)
		Not Enough Crashes 4.4.9+1.21.1 (notenoughcrashes)
		Polymorph 1.1.0+1.21.1 (polymorph)
		Ponder 1.0.82+mc1.21.1 (ponder)
		Quark 4.1-476 (quark)
		Rechiseled 1.2.4 (rechiseled)
		Rechiseled: Create 1.1.0 (rechiseledcreate)
		Sable 1.1.3 (sable)
		Sable Companion 1.5.0 (sablecompanion)
		Serene Seasons 10.1.0.3 (sereneseasons)
		Simple Discord Link 3.4.1 (sdlink)
		Snow! Real Magic! 12.2.1+neoforge (snowrealmagic)
		Sodium 0.6.13+mc1.21.1 (sodium)
		SOLStick 1.0.2 (solstick)
		Sophisticated Backpacks 3.25.41 (sophisticatedbackpacks)
		Sophisticated Core 1.4.25 (sophisticatedcore)
		spark 1.10.124 (spark)
		SuperMartijn642's Config Library 1.1.8 (supermartijn642configlib)
		SuperMartijn642's Core Lib 1.1.21 (supermartijn642corelib)
		Supplementaries 1.21-3.5.34 (supplementaries)
		Tectonic 3.0.22 (tectonic)
		Terralith 2.5.8 (terralith)
		Tough As Nails 10.1.0.13 (toughasnails)
		Tough As Nails - Compatibility Pack 1.0.0 (mr_tan_compatpack)
		Veil 3.6.2 (veil)
		WorldWeaver 21.0.18 (wover)
		WunderLib 21.0.10 (wunderlib)
		Xaero's Minimap 25.3.10 (xaerominimap)
		Xaero's World Map 1.40.11 (xaeroworldmap)
		XaeroLib 1.1.0 (xaerolib)
		Yeetus Experimentus 87.0.0 (yeetusexperimentus)
		YUNG's API 1.21.1-NeoForge-5.1.6 (yungsapi)
		YUNG's Better Desert Temples 1.21.1-NeoForge-4.1.5 (betterdeserttemples)
		YUNG's Better Dungeons 1.21.1-NeoForge-5.1.4 (betterdungeons)
		YUNG's Better Jungle Temples 1.21.1-NeoForge-3.1.2 (betterjungletemples)
		YUNG's Better Mineshafts 1.21.1-NeoForge-5.1.1 (bettermineshafts)
		YUNG's Better Ocean Monuments 1.21.1-NeoForge-4.1.2 (betteroceanmonuments)
		YUNG's Better Strongholds 1.21.1-NeoForge-5.1.3 (betterstrongholds)
		YUNG's Better Witch Huts 1.21.1-NeoForge-4.1.1 (betterwitchhuts)
		Zeta 1.1-39 (zeta)
[24Apr2026 17:42:53.627] [main/ERROR] [net.neoforged.fml.loading.moddiscovery.ModFile/LOADING]: Access transformer file accesstransformer.cfg provided by mod irisflw does not exist!
[24Apr2026 17:42:53.849] [main/INFO] [net.neoforged.fml.loading.FMLServiceProvider/CORE]: Loading coremod script-engine for [xaeroworldmap, xaerominimap]
[24Apr2026 17:42:54.861] [main/INFO] [mixin/]: Compatibility level set to JAVA_21
[24Apr2026 17:42:54.961] [main/INFO] [net.fabricmc.loader.impl.bootstrap.FabricLoaderBootstrap/]: Propagating FML mod list to Fabric Loader
[24Apr2026 17:42:54.968] [main/INFO] [cpw.mods.modlauncher.LaunchServiceHandler/MODLAUNCHER]: Launching target 'forgeclient' with arguments [--version, 1.21.1, --gameDir, /home/bigh/.var/app/org.prismlauncher.PrismLauncher/data/PrismLauncher/instances/season 5 1/minecraft, --assetsDir, /home/bigh/.var/app/org.prismlauncher.PrismLauncher/data/PrismLauncher/assets, --uuid, 4ad7ad70dd98470aa438bf61b02daec8, --username, Bigh2011x, --assetIndex, 17, --accessToken, ❄❄❄❄❄❄❄❄, --userType, msa, --versionType, release, --width, 854, --height, 480]
[24Apr2026 17:42:55.030] [main/INFO] [C2ME Modules Manager/]: Initializing com.ishland.c2me.fixes.worldgen.threading_issues.mixin
[24Apr2026 17:42:55.050] [main/WARN] [mixin/]: Reference map 'betterdungeons.refmap.json' for betterdungeons.mixins.json could not be read. If this is a development environment you can ignore this message
[24Apr2026 17:42:55.051] [main/WARN] [mixin/]: Reference map 'betterwitchhuts.refmap.json' for betterwitchhuts.mixins.json could not be read. If this is a development environment you can ignore this message
[24Apr2026 17:42:55.055] [main/INFO] [C2ME Modules Manager/]: Initializing com.ishland.c2me.rewrites.chunk_serializer.mixin
[24Apr2026 17:42:55.056] [main/INFO] [C2ME Modules Manager/]: Disabling com.ishland.c2me.rewrites.chunk_serializer.mixin
[24Apr2026 17:42:55.057] [main/WARN] [mixin/]: Reference map 'betteroceanmonuments.refmap.json' for betteroceanmonuments.mixins.json could not be read. If this is a development environment you can ignore this message
[24Apr2026 17:42:55.058] [main/INFO] [C2ME Modules Manager/]: Initializing com.ishland.c2me.opts.natives_math.mixin
[24Apr2026 17:42:55.066] [main/WARN] [C2ME Modules Manager/]: Disabling com.ishland.c2me.opts.natives_math.mixin due to incompatible Java version, see debug logs for details
[24Apr2026 17:42:55.066] [main/INFO] [C2ME Modules Manager/]: Disabling com.ishland.c2me.opts.natives_math.mixin
[24Apr2026 17:42:55.068] [main/INFO] [C2ME Modules Manager/]: Initializing com.ishland.c2me.fixes.general.threading_issues.mixin
[24Apr2026 17:42:55.070] [main/WARN] [mixin/]: Reference map 'xaeroworldmap.refmap.json' for xaeroworldmap.mixins.json could not be read. If this is a development environment you can ignore this message
[24Apr2026 17:42:55.103] [main/INFO] [ModernFix/]: Loaded configuration file for ModernFix 5.27.3+mc1.21.1: 88 options available, 4 override(s) found
[24Apr2026 17:42:55.104] [main/WARN] [ModernFix/]: Option 'mixin.perf.release_protochunks' overriden (by mods [c2me]) to 'false'
[24Apr2026 17:42:55.104] [main/WARN] [ModernFix/]: Option 'mixin.bugfix.paper_chunk_patches' overriden (by mods [c2me]) to 'false'
[24Apr2026 17:42:55.104] [main/WARN] [ModernFix/]: Option 'mixin.perf.cache_strongholds' overriden (by mods [c2me]) to 'false'
[24Apr2026 17:42:55.104] [main/WARN] [ModernFix/]: Option 'mixin.bugfix.chunk_deadlock' overriden (by mods [c2me]) to 'false'
[24Apr2026 17:42:55.104] [main/INFO] [ModernFix/]: Applying Nashorn fix
[24Apr2026 17:42:55.104] [main/INFO] [ModernFix/]: Configuring Minecraft's max.bg.threads option with 9 threads
[24Apr2026 17:42:55.105] [main/WARN] [mixin/]: Reference map 'modernfix.refmap.json' for modernfix-modernfix.mixins.json could not be read. If this is a development environment you can ignore this message
[24Apr2026 17:42:55.107] [main/WARN] [mixin/]: Reference map 'yungsapi.refmap.json' for yungsapi.mixins.json could not be read. If this is a development environment you can ignore this message
[24Apr2026 17:42:55.108] [main/WARN] [mixin/]: Reference map 'iris.refmap.json' for mixins.iris.json could not be read. If this is a development environment you can ignore this message
[24Apr2026 17:42:55.108] [main/WARN] [mixin/]: Reference map 'iris.refmap.json' for mixins.iris.fantastic.json could not be read. If this is a development environment you can ignore this message
[24Apr2026 17:42:55.108] [main/WARN] [mixin/]: Reference map 'iris.refmap.json' for mixins.iris.vertexformat.json could not be read. If this is a development environment you can ignore this message
[24Apr2026 17:42:55.109] [main/WARN] [mixin/]: Reference map 'iris.refmap.json' for iris-batched-entity-rendering.mixins.json could not be read. If this is a development environment you can ignore this message
[24Apr2026 17:42:55.109] [main/WARN] [mixin/]: Reference map 'iris.refmap.json' for mixins.iris.compat.sodium.json could not be read. If this is a development environment you can ignore this message
[24Apr2026 17:42:55.110] [main/WARN] [mixin/]: Reference map 'createcasing.refmap.json' for createcasing.mixins.json could not be read. If this is a development environment you can ignore this message
[24Apr2026 17:42:55.117] [main/WARN] [mixin/]: Reference map 'veil.refmap.json' for veil.debug.mixins.json could not be read. If this is a development environment you can ignore this message
[24Apr2026 17:42:55.117] [main/WARN] [mixin/]: Reference map 'veil.refmap.json' for veil.dynamicbuffer.mixins.json could not be read. If this is a development environment you can ignore this message
[24Apr2026 17:42:55.117] [main/WARN] [mixin/]: Reference map 'veil.refmap.json' for veil.fix.mixins.json could not be read. If this is a development environment you can ignore this message
[24Apr2026 17:42:55.118] [main/WARN] [mixin/]: Reference map 'veil.refmap.json' for veil.framebuffer.mixins.json could not be read. If this is a development environment you can ignore this message
[24Apr2026 17:42:55.118] [main/WARN] [mixin/]: Reference map 'veil.refmap.json' for veil.imgui.mixins.json could not be read. If this is a development environment you can ignore this message
[24Apr2026 17:42:55.118] [main/WARN] [mixin/]: Reference map 'veil.refmap.json' for veil.necromancer.mixins.json could not be read. If this is a development environment you can ignore this message
[24Apr2026 17:42:55.119] [main/WARN] [mixin/]: Reference map 'veil.refmap.json' for veil.performance.mixins.json could not be read. If this is a development environment you can ignore this message
[24Apr2026 17:42:55.119] [main/WARN] [mixin/]: Reference map 'veil.refmap.json' for veil.perspective.mixins.json could not be read. If this is a development environment you can ignore this message
[24Apr2026 17:42:55.119] [main/WARN] [mixin/]: Reference map 'veil.refmap.json' for veil.pipeline.mixins.json could not be read. If this is a development environment you can ignore this message
[24Apr2026 17:42:55.119] [main/WARN] [mixin/]: Reference map 'veil.refmap.json' for veil.quasar.mixins.json could not be read. If this is a development environment you can ignore this message
[24Apr2026 17:42:55.119] [main/WARN] [mixin/]: Reference map 'veil.refmap.json' for veil.registry.mixins.json could not be read. If this is a development environment you can ignore this message
[24Apr2026 17:42:55.120] [main/WARN] [mixin/]: Reference map 'veil.refmap.json' for veil.rendertype.mixins.json could not be read. If this is a development environment you can ignore this message
[24Apr2026 17:42:55.120] [main/WARN] [mixin/]: Reference map 'veil.refmap.json' for veil.resource.mixins.json could not be read. If this is a development environment you can ignore this message
[24Apr2026 17:42:55.120] [main/WARN] [mixin/]: Reference map 'veil.refmap.json' for veil.scheduler.mixins.json could not be read. If this is a development environment you can ignore this message
[24Apr2026 17:42:55.120] [main/WARN] [mixin/]: Reference map 'veil.refmap.json' for veil.shader.mixins.json could not be read. If this is a development environment you can ignore this message
[24Apr2026 17:42:55.121] [main/WARN] [mixin/]: Reference map 'veil.refmap.json' for veil.neoforge.mixins.json could not be read. If this is a development environment you can ignore this message
[24Apr2026 17:42:55.123] [main/WARN] [mixin/]: Reference map 'simulated.refmap.json' for simulated.mixins.json could not be read. If this is a development environment you can ignore this message
[24Apr2026 17:42:55.124] [main/INFO] [C2ME Modules Manager/]: Initializing com.ishland.c2me.opts.math.mixin
[24Apr2026 17:42:55.125] [main/WARN] [mixin/]: Reference map 'createdieselgenerators.refmap.json' for createdieselgenerators.mixins.json could not be read. If this is a development environment you can ignore this message
[24Apr2026 17:42:55.126] [main/WARN] [mixin/]: Reference map 'snowrealmagic.refmap.json' for snowrealmagic.mixins.json could not be read. If this is a development environment you can ignore this message
[24Apr2026 17:42:55.127] [main/INFO] [C2ME Modules Manager/]: Initializing com.ishland.c2me.base.mixin
[24Apr2026 17:42:55.147] [main/INFO] [C2ME Config System/]: Global Executor Parallelism: 4 configured, 4 evaluated, 4 default evaluated
[24Apr2026 17:42:55.148] [main/WARN] [mixin/]: Reference map 'crash_assistant.refmap.json' for crash_assistant.mixins.json could not be read. If this is a development environment you can ignore this message
[24Apr2026 17:42:55.149] [main/INFO] [C2ME Modules Manager/]: Initializing com.ishland.c2me.fixes.worldgen.vanilla_bugs.mixin
[24Apr2026 17:42:55.152] [main/WARN] [mixin/]: Reference map 'emojiful.refmap.json' for emojiful.mixins.json could not be read. If this is a development environment you can ignore this message
[24Apr2026 17:42:55.153] [main/WARN] [mixin/]: Reference map 'konkrete.refmap.json' for konkrete.mixins.json could not be read. If this is a development environment you can ignore this message
[24Apr2026 17:42:55.153] [main/WARN] [mixin/]: Reference map 'konkrete.refmap.json' for konkrete.neoforge.mixins.json could not be read. If this is a development environment you can ignore this message
[24Apr2026 17:42:55.155] [main/WARN] [mixin/]: Reference map 'create_connected.refmap.json' for create_connected.mixins.json could not be read. If this is a development environment you can ignore this message
[24Apr2026 17:42:55.156] [main/INFO] [C2ME Modules Manager/]: Initializing com.ishland.c2me.fixes.chunkio.threading_issues.mixin
[24Apr2026 17:42:55.156] [main/INFO] [C2ME Modules Manager/]: Initializing com.ishland.c2me.client.uncapvd.mixin
[24Apr2026 17:42:55.159] [main/WARN] [mixin/]: Reference map 'supermartijn642corelib.mixins.refmap.json' for supermartijn642corelib.mixins.json could not be read. If this is a development environment you can ignore this message
[24Apr2026 17:42:55.159] [main/INFO] [C2ME Modules Manager/]: Initializing com.ishland.c2me.opts.dfc.mixin
[24Apr2026 17:42:55.160] [main/INFO] [C2ME Modules Manager/]: Disabling com.ishland.c2me.opts.dfc.mixin
[24Apr2026 17:42:55.160] [main/WARN] [mixin/]: Reference map 'curios.refmap.json' for curios.neoforge.mixins.json could not be read. If this is a development environment you can ignore this message
[24Apr2026 17:42:55.161] [main/WARN] [mixin/]: Reference map 'curios.refmap.json' for curios.mixins.json could not be read. If this is a development environment you can ignore this message
[24Apr2026 17:42:55.161] [main/WARN] [mixin/]: Reference map '${mod_id}.refmap.json' for trading_floor.mixins.json could not be read. If this is a development environment you can ignore this message
[24Apr2026 17:42:55.161] [main/WARN] [mixin/]: Reference map 'betterstrongholds.refmap.json' for betterstrongholds.mixins.json could not be read. If this is a development environment you can ignore this message
[24Apr2026 17:42:55.161] [main/WARN] [mixin/]: Reference map 'CreateLiquidFuel.refmap.json' for createliquidfuel.mixins.json could not be read. If this is a development environment you can ignore this message
[24Apr2026 17:42:55.163] [main/INFO] [C2ME Modules Manager/]: Initializing com.ishland.c2me.rewrites.chunkio.mixin
[24Apr2026 17:42:55.164] [main/WARN] [mixin/]: Reference map 'bettermineshafts.refmap.json' for bettermineshafts.mixins.json could not be read. If this is a development environment you can ignore this message
[24Apr2026 17:42:55.165] [main/INFO] [C2ME Modules Manager/]: Initializing com.ishland.c2me.opts.allocs.mixin
[24Apr2026 17:42:55.166] [main/WARN] [mixin/]: Reference map 'betterjungletemples.refmap.json' for betterjungletemples.mixins.json could not be read. If this is a development environment you can ignore this message
[24Apr2026 17:42:55.168] [main/WARN] [mixin/]: Reference map 'kiwi.refmap.json' for kiwi.mixins.json could not be read. If this is a development environment you can ignore this message
[24Apr2026 17:42:55.168] [main/INFO] [C2ME Modules Manager/]: Initializing com.ishland.c2me.threading.lighting.mixin
[24Apr2026 17:42:55.184] [main/INFO] [LithiumConfig/]: Option 'mixin.experimental.entity.block_caching.suffocation' requires 'mixin.util.block_tracking=true' but found 'false'. Setting 'mixin.experimental.entity.block_caching.suffocation=false'.
[24Apr2026 17:42:55.184] [main/INFO] [LithiumConfig/]: Option 'mixin.experimental.entity.block_caching.block_support' requires 'mixin.util.block_tracking=true' but found 'false'. Setting 'mixin.experimental.entity.block_caching.block_support=false'.
[24Apr2026 17:42:55.184] [main/INFO] [LithiumConfig/]: Option 'mixin.experimental.entity.block_caching.block_touching' requires 'mixin.util.block_tracking=true' but found 'false'. Setting 'mixin.experimental.entity.block_caching.block_touching=false'.
[24Apr2026 17:42:55.184] [main/INFO] [LithiumConfig/]: Option 'mixin.experimental.entity.block_caching' requires 'mixin.util.block_tracking=true' but found 'false'. Setting 'mixin.experimental.entity.block_caching=false'.
[24Apr2026 17:42:55.184] [main/INFO] [Lithium/]: Loaded configuration file for Lithium: 148 options available, 4 override(s) found
[24Apr2026 17:42:55.189] [main/WARN] [mixin/]: Reference map 'aeronautics.refmap.json' for aeronautics.mixins.json could not be read. If this is a development environment you can ignore this message
[24Apr2026 17:42:55.190] [main/WARN] [mixin/]: Reference map 'xaerolib.refmap.json' for xaerolib.mixins.json could not be read. If this is a development environment you can ignore this message
[24Apr2026 17:42:55.191] [main/WARN] [mixin/]: Reference map 'nochatrestrictions.refmap.json' for nochatrestrictions.mixins.json could not be read. If this is a development environment you can ignore this message
[24Apr2026 17:42:55.192] [main/WARN] [mixin/]: Reference map 'glitchcore.refmap.json' for glitchcore.mixins.json could not be read. If this is a development environment you can ignore this message
[24Apr2026 17:42:55.192] [main/WARN] [mixin/]: Reference map 'glitchcore.refmap.json' for glitchcore.neoforge.mixins.json could not be read. If this is a development environment you can ignore this message
[24Apr2026 17:42:55.192] [main/WARN] [mixin/]: Reference map 'sereneseasons.refmap.json' for sereneseasons.mixins.json could not be read. If this is a development environment you can ignore this message
[24Apr2026 17:42:55.193] [main/WARN] [mixin/]: Reference map 'sereneseasons.refmap.json' for sereneseasons.neoforge.mixins.json could not be read. If this is a development environment you can ignore this message
[24Apr2026 17:42:55.194] [main/INFO] [C2ME Modules Manager/]: Initializing com.ishland.c2me.rewrites.chunksystem.mixin
[24Apr2026 17:42:55.196] [main/WARN] [mixin/]: Reference map 'betterdeserttemples.refmap.json' for betterdeserttemples.mixins.json could not be read. If this is a development environment you can ignore this message
[24Apr2026 17:42:55.203] [main/INFO] [Sodium/]: Loaded configuration file for Sodium: 43 options available, 1 override(s) found
[24Apr2026 17:42:55.204] [main/INFO] [C2ME Modules Manager/]: Initializing com.ishland.c2me.opts.worldgen.vanilla.mixin
[24Apr2026 17:42:55.205] [main/INFO] [C2ME Modules Manager/]: Initializing com.ishland.c2me.opts.scheduling.mixin
[24Apr2026 17:42:55.207] [main/WARN] [mixin/]: Reference map 'offroad.refmap.json' for offroad.mixins.json could not be read. If this is a development environment you can ignore this message
[24Apr2026 17:42:55.210] [main/WARN] [mixin/]: Reference map 'jademoddedentities.refmap.json' for jademoddedentities.mixins.json could not be read. If this is a development environment you can ignore this message
[24Apr2026 17:42:55.210] [main/INFO] [C2ME Modules Manager/]: Initializing com.ishland.c2me.server.utils.mixin
[24Apr2026 17:42:55.213] [main/WARN] [mixin/]: Reference map 'ponder.refmap.json' for ponder-common.mixins.json could not be read. If this is a development environment you can ignore this message
[24Apr2026 17:42:55.214] [main/WARN] [mixin/]: Reference map 'dndesires.refmap.json' for dndesires.mixins.json could not be read. If this is a development environment you can ignore this message
[24Apr2026 17:42:55.216] [main/INFO] [dev.ryanhcode.sable.mixin.AbstractSableMixinPlugin/]: Using Sodium renderer mixins
[24Apr2026 17:42:55.217] [main/INFO] [dev.ryanhcode.sable.mixin.AbstractSableMixinPlugin/]: Using Sodium renderer mixins
[24Apr2026 17:42:55.218] [main/WARN] [mixin/]: Reference map 'xaerominimap.refmap.json' for xaerohud.mixins.json could not be read. If this is a development environment you can ignore this message
[24Apr2026 17:42:55.218] [main/WARN] [mixin/]: Reference map 'xaerominimap.refmap.json' for xaerominimap.mixins.json could not be read. If this is a development environment you can ignore this message
[24Apr2026 17:42:55.219] [main/WARN] [mixin/]: Reference map 'polymorph.refmap.json' for polymorph.mixins.json could not be read. If this is a development environment you can ignore this message
[24Apr2026 17:42:55.219] [main/WARN] [mixin/]: Reference map 'polymorph.refmap.json' for polymorph-compatibility.mixins.json could not be read. If this is a development environment you can ignore this message
[24Apr2026 17:42:55.220] [main/INFO] [C2ME Modules Manager/]: Initializing com.ishland.c2me.notickvd.mixin
[24Apr2026 17:42:55.228] [main/WARN] [mixin/]: Reference map 'zeta.mixins.refmap.json' for zeta.mixins.json could not be read. If this is a development environment you can ignore this message
[24Apr2026 17:42:55.229] [main/WARN] [mixin/]: Reference map 'zeta.mixins.refmap.json' for zeta_forge.mixins.json could not be read. If this is a development environment you can ignore this message
[24Apr2026 17:42:55.230] [main/WARN] [mixin/]: Reference map 'toughasnails.refmap.json' for toughasnails.mixins.json could not be read. If this is a development environment you can ignore this message
[24Apr2026 17:42:55.230] [main/WARN] [mixin/]: Reference map 'toughasnails.refmap.json' for toughasnails.neoforge.mixins.json could not be read. If this is a development environment you can ignore this message
[24Apr2026 17:42:55.230] [main/INFO] [C2ME Modules Manager/]: Initializing com.ishland.c2me.opts.worldgen.general.mixin
[24Apr2026 17:42:55.231] [main/INFO] [C2ME Modules Manager/]: Initializing com.ishland.c2me.opts.chunkio.mixin
[24Apr2026 17:42:55.233] [main/WARN] [mixin/]: Reference map 'quark.mixins.refmap.json' for quark.mixins.json could not be read. If this is a development environment you can ignore this message
[24Apr2026 17:42:55.239] [main/WARN] [mixin/]: Reference map '${refmap_target}refmap.json' for ferritecore.predicates.mixin.json could not be read. If this is a development environment you can ignore this message
[24Apr2026 17:42:55.240] [main/WARN] [mixin/]: Reference map '${refmap_target}refmap.json' for ferritecore.fastmap.mixin.json could not be read. If this is a development environment you can ignore this message
[24Apr2026 17:42:55.241] [main/WARN] [mixin/]: Reference map '${refmap_target}refmap.json' for ferritecore.mrl.mixin.json could not be read. If this is a development environment you can ignore this message
[24Apr2026 17:42:55.241] [main/WARN] [mixin/]: Reference map '${refmap_target}refmap.json' for ferritecore.dedupmultipart.mixin.json could not be read. If this is a development environment you can ignore this message
[24Apr2026 17:42:55.242] [main/WARN] [mixin/]: Reference map '${refmap_target}refmap.json' for ferritecore.blockstatecache.mixin.json could not be read. If this is a development environment you can ignore this message
[24Apr2026 17:42:55.242] [main/WARN] [mixin/]: Reference map '${refmap_target}refmap.json' for ferritecore.dedupbakedquad.mixin.json could not be read. If this is a development environment you can ignore this message
[24Apr2026 17:42:55.243] [main/WARN] [mixin/]: Reference map '${refmap_target}refmap.json' for ferritecore.threaddetec.mixin.json could not be read. If this is a development environment you can ignore this message
[24Apr2026 17:42:55.243] [main/WARN] [mixin/]: Reference map '${refmap_target}refmap.json' for ferritecore.modelsides.mixin.json could not be read. If this is a development environment you can ignore this message
[24Apr2026 17:42:55.244] [main/WARN] [mixin/]: Reference map '${refmap_target}refmap.json' for ferritecore.datacomponents.mixin.json could not be read. If this is a development environment you can ignore this message
[24Apr2026 17:42:55.244] [main/WARN] [mixin/]: Reference map '${refmap_target}refmap.json' for ferritecore.accessors.mixin.json could not be read. If this is a development environment you can ignore this message
[24Apr2026 17:42:55.245] [main/WARN] [mixin/]: Reference map 'create_power_loader.refmap.json' for create_power_loader.mixins.json could not be read. If this is a development environment you can ignore this message
[24Apr2026 17:42:55.246] [main/WARN] [mixin/]: Reference map 'justzoom.refmap.json' for justzoom.mixins.json could not be read. If this is a development environment you can ignore this message
[24Apr2026 17:42:55.246] [main/WARN] [mixin/]: Reference map 'justzoom.refmap.json' for justzoom.neoforge.mixins.json could not be read. If this is a development environment you can ignore this message
[24Apr2026 17:42:55.247] [main/WARN] [mixin/]: Reference map 'quark.mixins.refmap.json' for quark_integrations.mixins.json could not be read. If this is a development environment you can ignore this message
[24Apr2026 17:42:55.658] [main/WARN] [mixin/]: Error loading class: com/portingdeadmods/cable_facades/events/GameClientEvents$2 (java.lang.ClassNotFoundException: com.portingdeadmods.cable_facades.events.GameClientEvents$2)
[24Apr2026 17:42:55.659] [main/WARN] [mixin/]: Error loading class: com/direwolf20/justdirethings/client/renderers/OurRenderTypes (java.lang.ClassNotFoundException: com.direwolf20.justdirethings.client.renderers.OurRenderTypes)
[24Apr2026 17:42:55.660] [main/WARN] [mixin/]: Error loading class: mekanism/client/render/entity/RenderFlame (java.lang.ClassNotFoundException: mekanism.client.render.entity.RenderFlame)
[24Apr2026 17:42:55.660] [main/WARN] [mixin/]: Error loading class: mekanism/client/render/armor/MekaSuitArmor (java.lang.ClassNotFoundException: mekanism.client.render.armor.MekaSuitArmor)
[24Apr2026 17:42:55.661] [main/WARN] [mixin/]: Error loading class: mekanism/client/render/lib/effect/BillboardingEffectRenderer (java.lang.ClassNotFoundException: mekanism.client.render.lib.effect.BillboardingEffectRenderer)
[24Apr2026 17:42:55.664] [main/WARN] [mixin/]: Error loading class: blusunrize/immersiveengineering/client/utils/IEGLShaders (java.lang.ClassNotFoundException: blusunrize.immersiveengineering.client.utils.IEGLShaders)
[24Apr2026 17:42:55.798] [main/WARN] [mixin/]: Error loading class: fuzs/diagonalblocks/world/phys/shapes/VoxelCollection (java.lang.ClassNotFoundException: fuzs.diagonalblocks.world.phys.shapes.VoxelCollection)
[24Apr2026 17:42:55.798] [main/WARN] [mixin/]: @Mixin target fuzs.diagonalblocks.world.phys.shapes.VoxelCollection was not found snowrealmagic.mixins.json:diagonalblocks.VoxelCollectionAccess from mod snowrealmagic
[24Apr2026 17:42:55.801] [main/WARN] [mixin/]: Error loading class: fuzs/diagonalblocks/client/handler/DiagonalModelHandler (java.lang.ClassNotFoundException: fuzs.diagonalblocks.client.handler.DiagonalModelHandler)
[24Apr2026 17:42:55.801] [main/WARN] [mixin/]: @Mixin target fuzs.diagonalblocks.client.handler.DiagonalModelHandler was not found snowrealmagic.mixins.json:diagonalblocks.DiagonalModelHandlerMixin from mod snowrealmagic
[24Apr2026 17:42:55.868] [main/WARN] [mixin/]: Error loading class: org/embeddedt/embeddium/impl/render/chunk/compile/pipeline/FluidRenderer (java.lang.ClassNotFoundException: org.embeddedt.embeddium.impl.render.chunk.compile.pipeline.FluidRenderer)
[24Apr2026 17:42:55.869] [main/WARN] [mixin/]: Error loading class: net/raphimc/immediatelyfast/feature/map_atlas_generation/MapAtlasTexture (java.lang.ClassNotFoundException: net.raphimc.immediatelyfast.feature.map_atlas_generation.MapAtlasTexture)
[24Apr2026 17:42:55.917] [main/WARN] [mixin/]: Error loading class: traben/entity_model_features/models/parts/EMFModelPartCustom (java.lang.ClassNotFoundException: traben.entity_model_features.models.parts.EMFModelPartCustom)
[24Apr2026 17:42:55.939] [main/WARN] [mixin/]: Error loading class: me/jellysquid/mods/lithium/common/ai/pathing/PathNodeDefaults (java.lang.ClassNotFoundException: me.jellysquid.mods.lithium.common.ai.pathing.PathNodeDefaults)
[24Apr2026 17:42:55.962] [main/WARN] [mixin/]: Error loading class: me/jellysquid/mods/sodium/client/gui/SodiumGameOptionPages (java.lang.ClassNotFoundException: me.jellysquid.mods.sodium.client.gui.SodiumGameOptionPages)
[24Apr2026 17:42:55.962] [main/WARN] [mixin/]: Error loading class: net/caffeinemc/sodium/config/user/UserConfigCategories (java.lang.ClassNotFoundException: net.caffeinemc.sodium.config.user.UserConfigCategories)
[24Apr2026 17:42:55.963] [main/WARN] [mixin/]: Error loading class: net/vulkanmod/config/option/Options (java.lang.ClassNotFoundException: net.vulkanmod.config.option.Options)
[24Apr2026 17:42:56.024] [main/WARN] [mixin/]: Error loading class: ca/spottedleaf/starlight/common/thread/SchedulingUtil (java.lang.ClassNotFoundException: ca.spottedleaf.starlight.common.thread.SchedulingUtil)
[24Apr2026 17:42:56.040] [main/WARN] [mixin/]: Error loading class: me/jellysquid/mods/lithium/common/ai/pathing/PathNodeDefaults (java.lang.ClassNotFoundException: me.jellysquid.mods.lithium.common.ai.pathing.PathNodeDefaults)
[24Apr2026 17:42:56.086] [main/INFO] [Lithium/]: Force-disabling mixin 'entity.collisions.unpushable_cramming.EntityMixin' as rule 'mixin.entity.collisions.unpushable_cramming' (added by mods [sable]) disables it and children
[24Apr2026 17:42:56.086] [main/INFO] [Lithium/]: Force-disabling mixin 'entity.collisions.unpushable_cramming.EntitySectionMixin' as rule 'mixin.entity.collisions.unpushable_cramming' (added by mods [sable]) disables it and children
[24Apr2026 17:42:56.087] [main/INFO] [Lithium/]: Force-disabling mixin 'entity.collisions.unpushable_cramming.EntitySelectorMixin' as rule 'mixin.entity.collisions.unpushable_cramming' (added by mods [sable]) disables it and children
[24Apr2026 17:42:56.087] [main/INFO] [Lithium/]: Force-disabling mixin 'entity.collisions.unpushable_cramming.LivingEntityMixin' as rule 'mixin.entity.collisions.unpushable_cramming' (added by mods [sable]) disables it and children
[24Apr2026 17:42:56.096] [main/INFO] [Lithium/]: Force-disabling mixin 'world.chunk_access.ChunkHolderMixin' as rule 'mixin.world.chunk_access' (added by mods [sable]) disables it and children
[24Apr2026 17:42:56.096] [main/INFO] [Lithium/]: Force-disabling mixin 'world.chunk_access.GenerationChunkHolderAccessor' as rule 'mixin.world.chunk_access' (added by mods [sable]) disables it and children
[24Apr2026 17:42:56.097] [main/INFO] [Lithium/]: Force-disabling mixin 'world.chunk_access.LevelMixin' as rule 'mixin.world.chunk_access' (added by mods [sable]) disables it and children
[24Apr2026 17:42:56.097] [main/INFO] [Lithium/]: Force-disabling mixin 'world.chunk_access.ServerChunkCacheMixin' as rule 'mixin.world.chunk_access' (added by mods [sable]) disables it and children
[24Apr2026 17:42:56.097] [main/INFO] [Lithium/]: Force-disabling mixin 'world.chunk_ticking.spread_ice.BiomeMixin' as rule 'mixin.world.chunk_ticking' (added by mods [sable]) disables it and children
[24Apr2026 17:42:56.098] [main/INFO] [Lithium/]: Force-disabling mixin 'world.tick_scheduler.LevelChunkTicksMixin' as rule 'mixin.world.tick_scheduler' (added by mods [sable]) disables it and children
[24Apr2026 17:42:56.177] [main/WARN] [Sodium/]: Force-disabling mixin 'features.render.world.sky.FogRendererMixin' as rule 'mixin.features.render.world.sky' (added by mods [iris]) disables it and children
[24Apr2026 17:42:56.177] [main/WARN] [Sodium/]: Force-disabling mixin 'features.render.world.sky.ClientLevelMixin' as rule 'mixin.features.render.world.sky' (added by mods [iris]) disables it and children
[24Apr2026 17:42:56.177] [main/WARN] [Sodium/]: Force-disabling mixin 'features.render.world.sky.LevelRendererMixin' as rule 'mixin.features.render.world.sky' (added by mods [iris]) disables it and children
[24Apr2026 17:42:56.191] [main/INFO] [C2ME Config System/]: Disabling config vanillaWorldGenOptimizations.useEndBiomeCache: Incompatible with biolith@3.0.10 (*) (defined in c2me)
[24Apr2026 17:42:56.407] [main/WARN] [mixin/]: Error loading class: com/teamabnormals/blueprint/common/world/modification/ModdedBiomeSource (java.lang.ClassNotFoundException: com.teamabnormals.blueprint.common.world.modification.ModdedBiomeSource)
[24Apr2026 17:42:56.533] [main/WARN] [mixin/]: Error loading class: me/jellysquid/mods/sodium/client/gui/SodiumGameOptionPages (java.lang.ClassNotFoundException: me.jellysquid.mods.sodium.client.gui.SodiumGameOptionPages)
[24Apr2026 17:42:56.533] [main/WARN] [mixin/]: Error loading class: net/caffeinemc/sodium/config/user/UserConfigCategories (java.lang.ClassNotFoundException: net.caffeinemc.sodium.config.user.UserConfigCategories)
[24Apr2026 17:42:56.534] [main/WARN] [mixin/]: Error loading class: me/jellysquid/mods/sodium/client/gui/SodiumGameOptionPages (java.lang.ClassNotFoundException: me.jellysquid.mods.sodium.client.gui.SodiumGameOptionPages)
[24Apr2026 17:42:56.534] [main/WARN] [mixin/]: Error loading class: net/caffeinemc/sodium/config/user/UserConfigCategories (java.lang.ClassNotFoundException: net.caffeinemc.sodium.config.user.UserConfigCategories)
[24Apr2026 17:42:56.588] [main/WARN] [mixin/]: Error loading class: org/jetbrains/annotations/ApiStatus$ScheduledForRemoval (java.lang.ClassNotFoundException: org.jetbrains.annotations.ApiStatus$ScheduledForRemoval)
[24Apr2026 17:42:56.630] [main/INFO] [MixinExtras|Service/]: Initializing MixinExtras via com.llamalad7.mixinextras.service.MixinExtrasServiceImpl(version=0.5.3).
[24Apr2026 17:42:57.906] [pool-15-thread-1/INFO] [net.minecraft.server.Bootstrap/]: ModernFix reached bootstrap stage (7.741 s after launch)
[24Apr2026 17:42:57.967] [Datafixer Bootstrap/INFO] [com.mojang.datafixers.DataFixerBuilder/]: 229 Datafixer optimizations took 148 milliseconds
[24Apr2026 17:42:58.997] [pool-15-thread-1/WARN] [mixin/]: Static binding violation: PRIVATE @Overwrite method getTemperature in modernfix-modernfix.mixins.json:perf.remove_biome_temperature_cache.BiomeMixin from mod modernfix cannot reduce visibiliy of PUBLIC target method, visibility will be upgraded.
[24Apr2026 17:42:59.001] [pool-15-thread-1/WARN] [mixin/]: Method overwrite conflict for getTemperature in lithium.mixins.json:world.temperature_cache.BiomeMixin from mod lithium, previously written by org.embeddedt.modernfix.common.mixin.perf.remove_biome_temperature_cache.BiomeMixin. Skipping method.
[24Apr2026 17:42:59.942] [pool-15-thread-1/WARN] [mixin/]: Discarding @Unique public method onLoad in copycats-common.mixins.json:foundation.copycat.CopycatBlockEntityMixin from mod copycats because it already exists in com.simibubi.create.content.decoration.copycat.CopycatBlockEntity
[24Apr2026 17:43:00.716] [pool-15-thread-1/INFO] [net.minecraft.server.Bootstrap/]: Vanilla bootstrap took 2796 milliseconds
[24Apr2026 17:43:01.089] [Render thread/WARN] [net.minecraft.server.packs.VanillaPackResourcesBuilder/]: Assets URL 'union:/home/bigh/.var/app/org.prismlauncher.PrismLauncher/data/PrismLauncher/libraries/net/minecraft/client/1.21.1-20240808.144430/client-1.21.1-20240808.144430-srg.jar%23274!/assets/.mcassetsroot' uses unexpected schema
[24Apr2026 17:43:01.090] [Render thread/WARN] [net.minecraft.server.packs.VanillaPackResourcesBuilder/]: Assets URL 'union:/home/bigh/.var/app/org.prismlauncher.PrismLauncher/data/PrismLauncher/libraries/net/minecraft/client/1.21.1-20240808.144430/client-1.21.1-20240808.144430-srg.jar%23274!/data/.mcassetsroot' uses unexpected schema
[24Apr2026 17:43:01.102] [Render thread/INFO] [com.mojang.authlib.yggdrasil.YggdrasilAuthenticationService/]: Environment: Environment[sessionHost=https://sessionserver.mojang.com, servicesHost=https://api.minecraftservices.com, name=PROD]
[24Apr2026 17:43:01.108] [Render thread/INFO] [NoChatRestrictions/]: Successfully supplanted UserApiService with a wrapped version.
[24Apr2026 17:43:01.108] [Render thread/INFO] [net.minecraft.client.Minecraft/]: Setting user: Bigh2011x
[24Apr2026 17:43:01.168] [Render thread/INFO] [net.minecraft.client.Minecraft/]: Backend library: LWJGL version 3.3.3+5
[24Apr2026 17:43:01.214] [Render thread/INFO] [com.mojang.blaze3d.platform.Window/]: OpenGL Vendor: NVIDIA Corporation
[24Apr2026 17:43:01.214] [Render thread/INFO] [com.mojang.blaze3d.platform.Window/]: OpenGL Renderer: NVIDIA GeForce RTX 3060/PCIe/SSE2
[24Apr2026 17:43:01.214] [Render thread/INFO] [com.mojang.blaze3d.platform.Window/]: OpenGL Version: 4.6.0 NVIDIA 580.126.09
[24Apr2026 17:43:01.215] [Render thread/INFO] [Sodium-NvidiaWorkarounds/]: Modifying OpenGL context to apply workarounds for the NVIDIA graphics driver...
[24Apr2026 17:43:01.358] [Render thread/INFO] [Iris/]: Debug functionality is disabled.
[24Apr2026 17:43:01.360] [Render thread/INFO] [Iris/]: OpenGL 4.5 detected, enabling DSA.
[24Apr2026 17:43:01.441] [ForkJoinPool.commonPool-worker-3/WARN] [Iris/]: [Iris Update Check] This version doesn't have an update index, skipping.
[24Apr2026 17:43:01.518] [Render thread/WARN] [Iris/]: Invalid pack option: GTAO
[24Apr2026 17:43:01.518] [Render thread/WARN] [Iris/]: Invalid pack option: GTAO
[24Apr2026 17:43:01.521] [Render thread/WARN] [Iris/]: Unable to resolve shader pack option menu element "WATER_REFRACTION" defined in shaders.properties
[24Apr2026 17:43:01.521] [Render thread/WARN] [Iris/]: Unable to resolve shader pack option menu element "WATER_REFRACTION_INTENSITY" defined in shaders.properties
[24Apr2026 17:43:01.522] [Render thread/WARN] [Iris/]: Unable to resolve shader pack option menu element "CLOUDS_DAILY_WEATHER" defined in shaders.properties
[24Apr2026 17:43:01.522] [Render thread/WARN] [Iris/]: Unable to resolve shader pack option menu element "CLOUDS_CUMULUS_CONGESTUS_PRIMARY_STEPS_H" defined in shaders.properties
[24Apr2026 17:43:01.522] [Render thread/WARN] [Iris/]: Unable to resolve shader pack option menu element "CLOUDS_CUMULUS_CONGESTUS_PRIMARY_STEPS_Z" defined in shaders.properties
[24Apr2026 17:43:01.523] [Render thread/INFO] [Iris/]: Profile: high (+0 options changed by user)
[24Apr2026 17:43:01.526] [Render thread/INFO] [mixin/]: irisflw.mixins.iris.json:ProgramSetMixin from mod irisflw->@Invoker[METHOD_PROXY]::callReadProgramSource(Lnet/irisshaders/iris/shaderpack/include/AbsolutePackPath;Ljava/util/function/Function;Ljava/lang/String;Lnet/irisshaders/iris/shaderpack/programs/ProgramSet;Lnet/irisshaders/iris/shaderpack/properties/ShaderProperties;Z)Lnet/irisshaders/iris/shaderpack/programs/ProgramSource; should be static as its target is
[24Apr2026 17:43:01.526] [Render thread/INFO] [mixin/]: irisflw.mixins.iris.json:ProgramSetMixin from mod irisflw->@Invoker[METHOD_PROXY]::callReadProgramSource(Lnet/irisshaders/iris/shaderpack/include/AbsolutePackPath;Ljava/util/function/Function;Ljava/lang/String;Lnet/irisshaders/iris/shaderpack/programs/ProgramSet;Lnet/irisshaders/iris/shaderpack/properties/ShaderProperties;Lnet/irisshaders/iris/gl/blending/BlendModeOverride;Z)Lnet/irisshaders/iris/shaderpack/programs/ProgramSource; should be static as its target is
[24Apr2026 17:43:02.277] [Render thread/WARN] [Iris/]: Failed to parse an ResourceLocation in item.properties for the key item.10056: state properties are currently not supported: calibrated_sculk_sensor:sculk_sensor_phase=inactive
[24Apr2026 17:43:02.277] [Render thread/WARN] [Iris/]: Failed to parse an ResourceLocation in item.properties for the key item.10056: state properties are currently not supported: calibrated_sculk_sensor:sculk_sensor_phase=cooldown
[24Apr2026 17:43:02.277] [Render thread/WARN] [Iris/]: Failed to parse an ResourceLocation in item.properties for the key item.10057: state properties are currently not supported: calibrated_sculk_sensor:sculk_sensor_phase=active
[24Apr2026 17:43:02.277] [Render thread/WARN] [Iris/]: Failed to parse an ResourceLocation in item.properties for the key item.10057: state properties are currently not supported: sculk_sensor:sculk_sensor_phase=active
[24Apr2026 17:43:02.277] [Render thread/WARN] [Iris/]: Failed to parse an ResourceLocation in item.properties for the key item.10061: state properties are currently not supported: weathered_copper_bulb:lit=true
[24Apr2026 17:43:02.277] [Render thread/WARN] [Iris/]: Failed to parse an ResourceLocation in item.properties for the key item.10061: state properties are currently not supported: oxidized_copper_bulb:lit=true
[24Apr2026 17:43:02.277] [Render thread/WARN] [Iris/]: Failed to parse an ResourceLocation in item.properties for the key item.10061: state properties are currently not supported: waxed_weathered_copper_bulb:lit=true
[24Apr2026 17:43:02.277] [Render thread/WARN] [Iris/]: Failed to parse an ResourceLocation in item.properties for the key item.10061: state properties are currently not supported: waxed_oxidized_copper_bulb:lit=true
[24Apr2026 17:43:02.277] [Render thread/WARN] [Iris/]: Failed to parse an ResourceLocation in item.properties for the key item.10061: state properties are currently not supported: copper_bulb:lit=true
[24Apr2026 17:43:02.277] [Render thread/WARN] [Iris/]: Failed to parse an ResourceLocation in item.properties for the key item.10061: state properties are currently not supported: exposed_copper_bulb:lit=true
[24Apr2026 17:43:02.277] [Render thread/WARN] [Iris/]: Failed to parse an ResourceLocation in item.properties for the key item.10061: state properties are currently not supported: waxed_copper_bulb:lit=true
[24Apr2026 17:43:02.277] [Render thread/WARN] [Iris/]: Failed to parse an ResourceLocation in item.properties for the key item.10061: state properties are currently not supported: waxed_exposed_copper_bulb:lit=true
[24Apr2026 17:43:02.301] [Render thread/INFO] [Iris/]: Using shaderpack: photon_v1.3b.zip
[24Apr2026 17:43:02.392] [modloading-worker-0/INFO] [Advanced Peripherals/]: AdvancedPeripherals says hello!
[24Apr2026 17:43:02.407] [modloading-worker-0/INFO] [Create Deco/]: Registering items for Create Deco
[24Apr2026 17:43:02.410] [modloading-worker-0/INFO] [Veil/]: Veil is initializing.
[24Apr2026 17:43:02.409] [modloading-worker-0/INFO] [net.neoforged.neoforge.common.NeoForgeMod/NEOFORGE-MOD]: NeoForge mod loading, version 21.1.228, for MC 1.21.1
[24Apr2026 17:43:02.451] [modloading-worker-0/INFO] [biolith/]: Biolith for NeoForge is initializing...
[24Apr2026 17:43:02.511] [modloading-worker-0/INFO] [xaero.map.WorldMap/]: Registering common data for channel xaeroworldmap:main!
[24Apr2026 17:43:02.516] [modloading-worker-0/INFO] [Create Deco/]: Registering blocks for Create Deco
[24Apr2026 17:43:02.525] [modloading-worker-0/INFO] [Advanced Peripherals/]: mekanism not loaded, skip integration loading
[24Apr2026 17:43:02.525] [modloading-worker-0/WARN] [Advanced Peripherals/]: Failed to load integration for mekanism
[24Apr2026 17:43:02.525] [modloading-worker-0/INFO] [Advanced Peripherals/]: powah not loaded, skip integration loading
[24Apr2026 17:43:02.525] [modloading-worker-0/WARN] [Advanced Peripherals/]: Failed to load integration for powah
[24Apr2026 17:43:02.537] [modloading-worker-0/INFO] [xaero.map.WorldMap/]: Registering client data for channel xaeroworldmap:main!
[24Apr2026 17:43:02.544] [modloading-worker-0/INFO] [Create Deco/]: Populating connected texture maps...
[24Apr2026 17:43:02.569] [modloading-worker-0/INFO] [org.antarcticgardens.cna.CreateNewAge/]: Hello 1.21.1 Create!
[24Apr2026 17:43:02.571] [modloading-worker-0/INFO] [xaero.map.WorldMap/]: Loading primary common config for channel xaeroworldmap:main!
[24Apr2026 17:43:02.576] [modloading-worker-0/INFO] [snownee.snow.SnowRealMagic/]: SereneSeasons detected. Overriding weather behavior.
[24Apr2026 17:43:02.577] [modloading-worker-0/INFO] [xaero.map.WorldMap/]: Loading server config profiles for channel xaeroworldmap:main!
[24Apr2026 17:43:02.579] [modloading-worker-0/INFO] [xaero.map.WorldMap/]: Loading primary client config for channel xaeroworldmap:main!
[24Apr2026 17:43:02.579] [modloading-worker-0/INFO] [xaero.map.WorldMap/]: Loading client config profiles for channel xaeroworldmap:main!
[24Apr2026 17:43:02.674] [modloading-worker-0/INFO] [betternether/]: =^..^=    BetterNether Neoforged for 1.21    =^..^=
[24Apr2026 17:43:02.745] [modloading-worker-0/INFO] [de.keksuccino.konkrete.Konkrete/]: [KONKRETE] Loading v1.9.9 in client-side mode on NEOFORGE!
[24Apr2026 17:43:02.745] [modloading-worker-0/INFO] [de.keksuccino.konkrete.Konkrete/]: ---------------------------
[24Apr2026 17:43:02.745] [modloading-worker-0/INFO] [de.keksuccino.konkrete.Konkrete/]: KONKRETE SHIPS AND USES THE FOLLOWING LIBRARIES:
[24Apr2026 17:43:02.745] [modloading-worker-0/INFO] [de.keksuccino.konkrete.Konkrete/]:  
[24Apr2026 17:43:02.745] [modloading-worker-0/INFO] [de.keksuccino.konkrete.Konkrete/]: Open Imaging Copyright © 2014 Dhyan Blum.
[24Apr2026 17:43:02.745] [modloading-worker-0/INFO] [de.keksuccino.konkrete.Konkrete/]: Open Imaging is licensed under Apache-2.0.
[24Apr2026 17:43:02.745] [modloading-worker-0/INFO] [de.keksuccino.konkrete.Konkrete/]:  
[24Apr2026 17:43:02.745] [modloading-worker-0/INFO] [de.keksuccino.konkrete.Konkrete/]: JsonPath Copyright © 2017 Jayway.
[24Apr2026 17:43:02.745] [modloading-worker-0/INFO] [de.keksuccino.konkrete.Konkrete/]: JsonPath is licensed under Apache-2.0.
[24Apr2026 17:43:02.745] [modloading-worker-0/INFO] [de.keksuccino.konkrete.Konkrete/]:  
[24Apr2026 17:43:02.745] [modloading-worker-0/INFO] [de.keksuccino.konkrete.Konkrete/]: Json-smart Copyright © netplex.
[24Apr2026 17:43:02.745] [modloading-worker-0/INFO] [de.keksuccino.konkrete.Konkrete/]: Json-smart is licensed under Apache-2.0.
[24Apr2026 17:43:02.746] [modloading-worker-0/INFO] [de.keksuccino.konkrete.Konkrete/]:  
[24Apr2026 17:43:02.746] [modloading-worker-0/INFO] [de.keksuccino.konkrete.Konkrete/]: Exp4j Copyright © Frank Asseg.
[24Apr2026 17:43:02.746] [modloading-worker-0/INFO] [de.keksuccino.konkrete.Konkrete/]: Exp4j is licensed under Apache-2.0. https://github.com/fasseg/exp4j
[24Apr2026 17:43:02.746] [modloading-worker-0/INFO] [de.keksuccino.konkrete.Konkrete/]: ---------------------------
[24Apr2026 17:43:02.746] [modloading-worker-0/INFO] [de.keksuccino.konkrete.Konkrete/]: [KONKRETE] Server-side modules initialized and ready to use!
[24Apr2026 17:43:02.930] [modloading-worker-0/WARN] [mixin/]: Static binding violation: PRIVATE @Overwrite method elementOrTag in modernfix-modernfix.mixins.json:perf.tag_id_caching.TagEntryMixin from mod modernfix cannot reduce visibiliy of PUBLIC target method, visibility will be upgraded.
[24Apr2026 17:43:02.950] [modloading-worker-0/INFO] [Create: Trading Floor/]: Registering all Create: Trading Floor entries
[24Apr2026 17:43:02.955] [modloading-worker-0/INFO] [Create: Trading Floor/]: Registering Particle Emitters for: Create: Trading Floor
[24Apr2026 17:43:02.956] [modloading-worker-0/INFO] [Create: Trading Floor/]: Registering Particle Emitters for: Create: Trading Floor
[24Apr2026 17:43:02.961] [modloading-worker-0/INFO] [Create: Trading Floor/]: Finished Initialisation For Mod: trading_floor
[24Apr2026 17:43:02.970] [modloading-worker-0/INFO] [betterstrongholds/]: Creating directory for additional Better Strongholds configuration at /home/bigh/.var/app/org.prismlauncher.PrismLauncher/data/PrismLauncher/instances/season 5 1/minecraft/config/betterstrongholds/neoforge-1_21
[24Apr2026 17:43:03.069] [modloading-worker-0/WARN] [mixin/]: Discarding @Unique public method rotate in copycats-neoforge.mixins.json:foundation.copycat.multistate.MultiStateCopycatBlockMixin from mod copycats because it already exists in com.copycatsplus.copycats.foundation.copycat.multistate.MultiStateCopycatBlock
[24Apr2026 17:43:03.069] [modloading-worker-0/WARN] [mixin/]: Discarding @Unique public method mirror in copycats-neoforge.mixins.json:foundation.copycat.multistate.MultiStateCopycatBlockMixin from mod copycats because it already exists in com.copycatsplus.copycats.foundation.copycat.multistate.MultiStateCopycatBlock
[24Apr2026 17:43:03.069] [modloading-worker-0/WARN] [mixin/]: Discarding @Unique public method useItemOn in copycats-neoforge.mixins.json:foundation.copycat.multistate.MultiStateCopycatBlockMixin from mod copycats because it already exists in com.copycatsplus.copycats.foundation.copycat.multistate.MultiStateCopycatBlock
[24Apr2026 17:43:03.069] [modloading-worker-0/WARN] [mixin/]: Discarding @Unique public method useWithoutItem in copycats-neoforge.mixins.json:foundation.copycat.multistate.MultiStateCopycatBlockMixin from mod copycats because it already exists in com.copycatsplus.copycats.foundation.copycat.multistate.MultiStateCopycatBlock
[24Apr2026 17:43:03.073] [modloading-worker-0/INFO] [irisflw/]: IrisFLW backends initialized: dev.engine_room.flywheel.lib.backend.SimpleBackend@4351a416
[24Apr2026 17:43:03.083] [modloading-worker-0/WARN] [mixin/]: Discarding @Unique public method rotate in copycats-neoforge.mixins.json:foundation.copycat.CopycatBlockMixin from mod copycats because it already exists in com.copycatsplus.copycats.content.copycat.sliding_door.CopycatSlidingDoorBlock
[24Apr2026 17:43:03.083] [modloading-worker-0/WARN] [mixin/]: Discarding @Unique public method mirror in copycats-neoforge.mixins.json:foundation.copycat.CopycatBlockMixin from mod copycats because it already exists in com.copycatsplus.copycats.content.copycat.sliding_door.CopycatSlidingDoorBlock
[24Apr2026 17:43:03.083] [modloading-worker-0/WARN] [mixin/]: Discarding @Unique public method useItemOn in copycats-neoforge.mixins.json:foundation.copycat.CopycatBlockMixin from mod copycats because it already exists in com.copycatsplus.copycats.content.copycat.sliding_door.CopycatSlidingDoorBlock
[24Apr2026 17:43:03.083] [modloading-worker-0/WARN] [mixin/]: Discarding @Unique public method useWithoutItem in copycats-neoforge.mixins.json:foundation.copycat.CopycatBlockMixin from mod copycats because it already exists in com.copycatsplus.copycats.content.copycat.sliding_door.CopycatSlidingDoorBlock
[24Apr2026 17:43:03.088] [modloading-worker-0/WARN] [mixin/]: Discarding @Unique public method rotate in copycats-neoforge.mixins.json:foundation.copycat.CopycatBlockMixin from mod copycats because it already exists in com.copycatsplus.copycats.content.copycat.door.CopycatDoorBlock
[24Apr2026 17:43:03.088] [modloading-worker-0/WARN] [mixin/]: Discarding @Unique public method mirror in copycats-neoforge.mixins.json:foundation.copycat.CopycatBlockMixin from mod copycats because it already exists in com.copycatsplus.copycats.content.copycat.door.CopycatDoorBlock
[24Apr2026 17:43:03.088] [modloading-worker-0/WARN] [mixin/]: Discarding @Unique public method useItemOn in copycats-neoforge.mixins.json:foundation.copycat.CopycatBlockMixin from mod copycats because it already exists in com.copycatsplus.copycats.content.copycat.door.CopycatDoorBlock
[24Apr2026 17:43:03.088] [modloading-worker-0/WARN] [mixin/]: Discarding @Unique public method useWithoutItem in copycats-neoforge.mixins.json:foundation.copycat.CopycatBlockMixin from mod copycats because it already exists in com.copycatsplus.copycats.content.copycat.door.CopycatDoorBlock
[24Apr2026 17:43:03.094] [modloading-worker-0/WARN] [mixin/]: Discarding @Unique public method rotate in copycats-neoforge.mixins.json:foundation.copycat.CopycatBlockMixin from mod copycats because it already exists in com.copycatsplus.copycats.content.copycat.fluid_pipe.CopycatGlassFluidPipeBlock
[24Apr2026 17:43:03.094] [modloading-worker-0/WARN] [mixin/]: Discarding @Unique public method mirror in copycats-neoforge.mixins.json:foundation.copycat.CopycatBlockMixin from mod copycats because it already exists in com.copycatsplus.copycats.content.copycat.fluid_pipe.CopycatGlassFluidPipeBlock
[24Apr2026 17:43:03.094] [modloading-worker-0/WARN] [mixin/]: Discarding @Unique public method useItemOn in copycats-neoforge.mixins.json:foundation.copycat.CopycatBlockMixin from mod copycats because it already exists in com.copycatsplus.copycats.content.copycat.fluid_pipe.CopycatGlassFluidPipeBlock
[24Apr2026 17:43:03.094] [modloading-worker-0/WARN] [mixin/]: Discarding @Unique public method useWithoutItem in copycats-neoforge.mixins.json:foundation.copycat.CopycatBlockMixin from mod copycats because it already exists in com.copycatsplus.copycats.content.copycat.fluid_pipe.CopycatGlassFluidPipeBlock
[24Apr2026 17:43:03.116] [modloading-worker-0/WARN] [mixin/]: Discarding @Unique public method rotate in copycats-neoforge.mixins.json:foundation.copycat.CopycatBlockMixin from mod copycats because it already exists in com.copycatsplus.copycats.foundation.copycat.CCCopycatBlock
[24Apr2026 17:43:03.116] [modloading-worker-0/WARN] [mixin/]: Discarding @Unique public method mirror in copycats-neoforge.mixins.json:foundation.copycat.CopycatBlockMixin from mod copycats because it already exists in com.copycatsplus.copycats.foundation.copycat.CCCopycatBlock
[24Apr2026 17:43:03.116] [modloading-worker-0/WARN] [mixin/]: Discarding @Unique public method useItemOn in copycats-neoforge.mixins.json:foundation.copycat.CopycatBlockMixin from mod copycats because it already exists in com.copycatsplus.copycats.foundation.copycat.CCCopycatBlock
[24Apr2026 17:43:03.116] [modloading-worker-0/WARN] [mixin/]: Discarding @Unique public method useWithoutItem in copycats-neoforge.mixins.json:foundation.copycat.CopycatBlockMixin from mod copycats because it already exists in com.copycatsplus.copycats.foundation.copycat.CCCopycatBlock
[24Apr2026 17:43:03.131] [modloading-worker-0/INFO] [zeta/]: Doing super early config setup for zeta
[24Apr2026 17:43:03.138] [modloading-worker-0/INFO] [DragonLib Networking System/]: Registering C2S network packet of type SEND_AND_RECEIVE with id 'get_station_tag' in 'createrailwaysnavigator:network'.
[24Apr2026 17:43:03.142] [modloading-worker-0/INFO] [DragonLib Networking System/]: Registering C2S network packet of type SEND_AND_RECEIVE with id 'get_station_tag_by_tag' in 'createrailwaysnavigator:network'.
[24Apr2026 17:43:03.145] [modloading-worker-0/INFO] [DragonLib Networking System/]: Registering C2S network packet of type SEND_AND_RECEIVE with id 'create_station_tag' in 'createrailwaysnavigator:network'.
[24Apr2026 17:43:03.160] [modloading-worker-0/INFO] [DragonLib Networking System/]: Registering C2S network packet of type SEND_AND_RECEIVE with id 'update_station_tag_permissions' in 'createrailwaysnavigator:network'.
[24Apr2026 17:43:03.165] [modloading-worker-0/INFO] [DragonLib Networking System/]: Registering C2S network packet of type SEND_AND_RECEIVE with id 'add_station_tag_entry' in 'createrailwaysnavigator:network'.
[24Apr2026 17:43:03.168] [modloading-worker-0/INFO] [DragonLib Networking System/]: Registering C2S network packet of type SEND_AND_RECEIVE with id 'update_station_tag_entry' in 'createrailwaysnavigator:network'.
[24Apr2026 17:43:03.175] [modloading-worker-0/INFO] [DragonLib Networking System/]: Registering C2S network packet of type SEND_AND_RECEIVE with id 'remove_station_tag_entry' in 'createrailwaysnavigator:network'.
[24Apr2026 17:43:03.180] [modloading-worker-0/WARN] [mixin/]: Discarding @Unique public method rotate in copycats-neoforge.mixins.json:foundation.copycat.CopycatBlockMixin from mod copycats because it already exists in com.copycatsplus.copycats.content.copycat.button.CopycatButtonBlock
[24Apr2026 17:43:03.181] [modloading-worker-0/INFO] [DragonLib Networking System/]: Registering C2S network packet of type SEND_AND_RECEIVE with id 'get_all_stations_as_station_tags' in 'createrailwaysnavigator:network'.
[24Apr2026 17:43:03.181] [modloading-worker-0/WARN] [mixin/]: Discarding @Unique public method mirror in copycats-neoforge.mixins.json:foundation.copycat.CopycatBlockMixin from mod copycats because it already exists in com.copycatsplus.copycats.content.copycat.button.CopycatButtonBlock
[24Apr2026 17:43:03.181] [modloading-worker-0/WARN] [mixin/]: Discarding @Unique public method useItemOn in copycats-neoforge.mixins.json:foundation.copycat.CopycatBlockMixin from mod copycats because it already exists in com.copycatsplus.copycats.content.copycat.button.CopycatButtonBlock
[24Apr2026 17:43:03.181] [modloading-worker-0/WARN] [mixin/]: Discarding @Unique public method useWithoutItem in copycats-neoforge.mixins.json:foundation.copycat.CopycatBlockMixin from mod copycats because it already exists in com.copycatsplus.copycats.content.copycat.button.CopycatButtonBlock
[24Apr2026 17:43:03.186] [modloading-worker-0/INFO] [DragonLib Networking System/]: Registering C2S network packet of type SEND_AND_RECEIVE with id 'get_train_category' in 'createrailwaysnavigator:network'.
[24Apr2026 17:43:03.190] [modloading-worker-0/INFO] [DragonLib Networking System/]: Registering C2S network packet of type SEND_AND_RECEIVE with id 'update_train_category_name' in 'createrailwaysnavigator:network'.
[24Apr2026 17:43:03.191] [modloading-worker-0/INFO] [DragonLib Networking System/]: Registering C2S network packet of type SEND_AND_RECEIVE with id 'create_train_category' in 'createrailwaysnavigator:network'.
[24Apr2026 17:43:03.194] [modloading-worker-0/INFO] [DragonLib Networking System/]: Registering C2S network packet of type SEND_AND_RECEIVE with id 'update_train_category_permissions' in 'createrailwaysnavigator:network'.
[24Apr2026 17:43:03.198] [modloading-worker-0/WARN] [mixin/]: Discarding @Unique public method rotate in copycats-neoforge.mixins.json:foundation.copycat.CopycatBlockMixin from mod copycats because it already exists in com.copycatsplus.copycats.content.copycat.fence.CopycatFenceBlock
[24Apr2026 17:43:03.198] [modloading-worker-0/WARN] [mixin/]: Discarding @Unique public method mirror in copycats-neoforge.mixins.json:foundation.copycat.CopycatBlockMixin from mod copycats because it already exists in com.copycatsplus.copycats.content.copycat.fence.CopycatFenceBlock
[24Apr2026 17:43:03.198] [modloading-worker-0/WARN] [mixin/]: Discarding @Unique public method useItemOn in copycats-neoforge.mixins.json:foundation.copycat.CopycatBlockMixin from mod copycats because it already exists in com.copycatsplus.copycats.content.copycat.fence.CopycatFenceBlock
[24Apr2026 17:43:03.198] [modloading-worker-0/WARN] [mixin/]: Discarding @Unique public method useWithoutItem in copycats-neoforge.mixins.json:foundation.copycat.CopycatBlockMixin from mod copycats because it already exists in com.copycatsplus.copycats.content.copycat.fence.CopycatFenceBlock
[24Apr2026 17:43:03.206] [modloading-worker-0/INFO] [DragonLib Networking System/]: Registering C2S network packet of type SEND_AND_RECEIVE with id 'add_station_to_blacklist' in 'createrailwaysnavigator:network'.
[24Apr2026 17:43:03.206] [modloading-worker-0/WARN] [mixin/]: Discarding @Unique public method rotate in copycats-neoforge.mixins.json:foundation.copycat.CopycatBlockMixin from mod copycats because it already exists in com.copycatsplus.copycats.content.copycat.fence_gate.CopycatFenceGateBlock
[24Apr2026 17:43:03.206] [modloading-worker-0/WARN] [mixin/]: Discarding @Unique public method mirror in copycats-neoforge.mixins.json:foundation.copycat.CopycatBlockMixin from mod copycats because it already exists in com.copycatsplus.copycats.content.copycat.fence_gate.CopycatFenceGateBlock
[24Apr2026 17:43:03.206] [modloading-worker-0/WARN] [mixin/]: Discarding @Unique public method useItemOn in copycats-neoforge.mixins.json:foundation.copycat.CopycatBlockMixin from mod copycats because it already exists in com.copycatsplus.copycats.content.copycat.fence_gate.CopycatFenceGateBlock
[24Apr2026 17:43:03.206] [modloading-worker-0/WARN] [mixin/]: Discarding @Unique public method useWithoutItem in copycats-neoforge.mixins.json:foundation.copycat.CopycatBlockMixin from mod copycats because it already exists in com.copycatsplus.copycats.content.copycat.fence_gate.CopycatFenceGateBlock
[24Apr2026 17:43:03.212] [modloading-worker-0/INFO] [DragonLib Networking System/]: Registering C2S network packet of type SEND_AND_RECEIVE with id 'remove_station_from_blacklist' in 'createrailwaysnavigator:network'.
[24Apr2026 17:43:03.214] [modloading-worker-0/INFO] [DragonLib Networking System/]: Registering C2S network packet of type SEND_AND_RECEIVE with id 'add_train_to_blacklist' in 'createrailwaysnavigator:network'.
[24Apr2026 17:43:03.216] [modloading-worker-0/INFO] [DragonLib Networking System/]: Registering C2S network packet of type SEND_AND_RECEIVE with id 'remove_train_from_blacklist' in 'createrailwaysnavigator:network'.
[24Apr2026 17:43:03.217] [modloading-worker-0/INFO] [DragonLib Networking System/]: Registering C2S network packet of type SEND_AND_RECEIVE with id 'update_realtime' in 'createrailwaysnavigator:network'.
[24Apr2026 17:43:03.219] [modloading-worker-0/INFO] [DragonLib Networking System/]: Registering C2S network packet of type SEND_AND_RECEIVE with id 'get_user_settings' in 'createrailwaysnavigator:network'.
[24Apr2026 17:43:03.225] [modloading-worker-0/INFO] [DragonLib Networking System/]: Registering C2S network packet of type SEND_AND_RECEIVE with id 'get_nearest_station' in 'createrailwaysnavigator:network'.
[24Apr2026 17:43:03.226] [modloading-worker-0/INFO] [DragonLib Networking System/]: Registering C2S network packet of type SEND_AND_RECEIVE with id 'get_train_display_data' in 'createrailwaysnavigator:network'.
[24Apr2026 17:43:03.227] [modloading-worker-0/INFO] [DragonLib Networking System/]: Registering C2S network packet of type SEND_AND_RECEIVE with id 'get_next_connections_display_data' in 'createrailwaysnavigator:network'.
[24Apr2026 17:43:03.231] [modloading-worker-0/WARN] [mixin/]: @Inject(@At("INVOKE")) Shift.BY=2 on create_connected.mixins.json:sequencedgearshift.SequencedGearshiftScreenMixin from mod create_connected::handler$cjk000$create_connected$updateParamsOfRow exceeds the maximum allowed value: 0. Increase the value of maxShiftBy to suppress this warning.
[24Apr2026 17:43:03.235] [modloading-worker-0/INFO] [DragonLib Networking System/]: Registering C2S network packet of type SEND_AND_RECEIVE with id 'get_train_line' in 'createrailwaysnavigator:network'.
[24Apr2026 17:43:03.237] [modloading-worker-0/WARN] [mixin/]: Discarding @Unique public method rotate in copycats-neoforge.mixins.json:foundation.copycat.CopycatBlockMixin from mod copycats because it already exists in com.copycatsplus.copycats.content.copycat.ladder.CopycatLadderBlock
[24Apr2026 17:43:03.237] [modloading-worker-0/WARN] [mixin/]: Discarding @Unique public method mirror in copycats-neoforge.mixins.json:foundation.copycat.CopycatBlockMixin from mod copycats because it already exists in com.copycatsplus.copycats.content.copycat.ladder.CopycatLadderBlock
[24Apr2026 17:43:03.237] [modloading-worker-0/WARN] [mixin/]: Discarding @Unique public method useItemOn in copycats-neoforge.mixins.json:foundation.copycat.CopycatBlockMixin from mod copycats because it already exists in com.copycatsplus.copycats.content.copycat.ladder.CopycatLadderBlock
[24Apr2026 17:43:03.237] [modloading-worker-0/WARN] [mixin/]: Discarding @Unique public method useWithoutItem in copycats-neoforge.mixins.json:foundation.copycat.CopycatBlockMixin from mod copycats because it already exists in com.copycatsplus.copycats.content.copycat.ladder.CopycatLadderBlock
[24Apr2026 17:43:03.241] [modloading-worker-0/INFO] [DragonLib Networking System/]: Registering C2S network packet of type SEND_AND_RECEIVE with id 'update_train_line_name' in 'createrailwaysnavigator:network'.
[24Apr2026 17:43:03.244] [modloading-worker-0/INFO] [DragonLib Networking System/]: Registering C2S network packet of type SEND_AND_RECEIVE with id 'create_train_line' in 'createrailwaysnavigator:network'.
[24Apr2026 17:43:03.249] [modloading-worker-0/INFO] [DragonLib Networking System/]: Registering C2S network packet of type SEND_AND_RECEIVE with id 'update_train_line_permissions' in 'createrailwaysnavigator:network'.
[24Apr2026 17:43:03.254] [modloading-worker-0/WARN] [mixin/]: Discarding @Unique public method rotate in copycats-neoforge.mixins.json:foundation.copycat.CopycatBlockMixin from mod copycats because it already exists in com.copycatsplus.copycats.content.copycat.pressure_plate.CopycatPressurePlateBlock
[24Apr2026 17:43:03.254] [modloading-worker-0/WARN] [mixin/]: Discarding @Unique public method mirror in copycats-neoforge.mixins.json:foundation.copycat.CopycatBlockMixin from mod copycats because it already exists in com.copycatsplus.copycats.content.copycat.pressure_plate.CopycatPressurePlateBlock
[24Apr2026 17:43:03.254] [modloading-worker-0/WARN] [mixin/]: Discarding @Unique public method useItemOn in copycats-neoforge.mixins.json:foundation.copycat.CopycatBlockMixin from mod copycats because it already exists in com.copycatsplus.copycats.content.copycat.pressure_plate.CopycatPressurePlateBlock
[24Apr2026 17:43:03.254] [modloading-worker-0/WARN] [mixin/]: Discarding @Unique public method useWithoutItem in copycats-neoforge.mixins.json:foundation.copycat.CopycatBlockMixin from mod copycats because it already exists in com.copycatsplus.copycats.content.copycat.pressure_plate.CopycatPressurePlateBlock
[24Apr2026 17:43:03.259] [modloading-worker-0/INFO] [DragonLib Networking System/]: Registering C2S network packet of type SEND_AND_RECEIVE with id 'navigate' in 'createrailwaysnavigator:network'.
[24Apr2026 17:43:03.263] [modloading-worker-0/INFO] [xaero.lib.XaeroLib/]: Registering common data for channel xaerolib:main!
[24Apr2026 17:43:03.263] [modloading-worker-0/WARN] [mixin/]: Discarding @Unique public method rotate in copycats-neoforge.mixins.json:foundation.copycat.CopycatBlockMixin from mod copycats because it already exists in com.copycatsplus.copycats.content.copycat.pressure_plate.CopycatWeightedPressurePlate
[24Apr2026 17:43:03.263] [modloading-worker-0/WARN] [mixin/]: Discarding @Unique public method mirror in copycats-neoforge.mixins.json:foundation.copycat.CopycatBlockMixin from mod copycats because it already exists in com.copycatsplus.copycats.content.copycat.pressure_plate.CopycatWeightedPressurePlate
[24Apr2026 17:43:03.263] [modloading-worker-0/WARN] [mixin/]: Discarding @Unique public method useItemOn in copycats-neoforge.mixins.json:foundation.copycat.CopycatBlockMixin from mod copycats because it already exists in com.copycatsplus.copycats.content.copycat.pressure_plate.CopycatWeightedPressurePlate
[24Apr2026 17:43:03.263] [modloading-worker-0/WARN] [mixin/]: Discarding @Unique public method useWithoutItem in copycats-neoforge.mixins.json:foundation.copycat.CopycatBlockMixin from mod copycats because it already exists in com.copycatsplus.copycats.content.copycat.pressure_plate.CopycatWeightedPressurePlate
[24Apr2026 17:43:03.268] [modloading-worker-0/INFO] [xaero.lib.XaeroLib/]: Registering client data for channel xaerolib:main!
[24Apr2026 17:43:03.269] [modloading-worker-0/INFO] [xaero.lib.XaeroLib/]: Loading primary common config for channel xaerolib:main!
[24Apr2026 17:43:03.271] [modloading-worker-0/INFO] [DragonLib Networking System/]: Registering C2S network packet of type SEND_AND_RECEIVE with id 'get_departure_and_arrival_routes_at' in 'createrailwaysnavigator:network'.
[24Apr2026 17:43:03.271] [modloading-worker-0/INFO] [xaero.lib.XaeroLib/]: Loading server config profiles for channel xaerolib:main!
[24Apr2026 17:43:03.273] [modloading-worker-0/INFO] [xaero.lib.XaeroLib/]: Loading primary client config for channel xaerolib:main!
[24Apr2026 17:43:03.273] [modloading-worker-0/INFO] [xaero.lib.XaeroLib/]: Loading client config profiles for channel xaerolib:main!
[24Apr2026 17:43:03.274] [modloading-worker-0/INFO] [DragonLib Networking System/]: Registering C2S network packet of type SEND_AND_RECEIVE with id 'get_departures_at' in 'createrailwaysnavigator:network'.
[24Apr2026 17:43:03.275] [modloading-worker-0/INFO] [DragonLib Networking System/]: Registering C2S network packet of type SEND_AND_RECEIVE with id 'get_station_departure_history' in 'createrailwaysnavigator:network'.
[24Apr2026 17:43:03.277] [modloading-worker-0/INFO] [DragonLib Networking System/]: Registering C2S network packet of type SEND_AND_RECEIVE with id 'register_station_tag' in 'createrailwaysnavigator:network'.
[24Apr2026 17:43:03.278] [modloading-worker-0/WARN] [mixin/]: Discarding @Unique public method rotate in copycats-neoforge.mixins.json:foundation.copycat.CopycatBlockMixin from mod copycats because it already exists in com.copycatsplus.copycats.content.copycat.stairs.CopycatStairsBlock
[24Apr2026 17:43:03.278] [modloading-worker-0/WARN] [mixin/]: Discarding @Unique public method mirror in copycats-neoforge.mixins.json:foundation.copycat.CopycatBlockMixin from mod copycats because it already exists in com.copycatsplus.copycats.content.copycat.stairs.CopycatStairsBlock
[24Apr2026 17:43:03.278] [modloading-worker-0/WARN] [mixin/]: Discarding @Unique public method useItemOn in copycats-neoforge.mixins.json:foundation.copycat.CopycatBlockMixin from mod copycats because it already exists in com.copycatsplus.copycats.content.copycat.stairs.CopycatStairsBlock
[24Apr2026 17:43:03.278] [modloading-worker-0/WARN] [mixin/]: Discarding @Unique public method useWithoutItem in copycats-neoforge.mixins.json:foundation.copycat.CopycatBlockMixin from mod copycats because it already exists in com.copycatsplus.copycats.content.copycat.stairs.CopycatStairsBlock
[24Apr2026 17:43:03.284] [modloading-worker-0/INFO] [DragonLib Networking System/]: Registering C2S network packet of type SEND_AND_RECEIVE with id 'delete_station_tag' in 'createrailwaysnavigator:network'.
[24Apr2026 17:43:03.287] [modloading-worker-0/INFO] [DragonLib Networking System/]: Registering C2S network packet of type SEND_AND_RECEIVE with id 'update_station_tag_name' in 'createrailwaysnavigator:network'.
[24Apr2026 17:43:03.291] [modloading-worker-0/INFO] [DragonLib Networking System/]: Registering C2S network packet of type SEND_AND_RECEIVE with id 'delete_train_category' in 'createrailwaysnavigator:network'.
[24Apr2026 17:43:03.292] [modloading-worker-0/INFO] [DragonLib Networking System/]: Registering C2S network packet of type SEND_AND_RECEIVE with id 'update_train_category_color' in 'createrailwaysnavigator:network'.
[24Apr2026 17:43:03.296] [modloading-worker-0/INFO] [DragonLib Networking System/]: Registering C2S network packet of type SEND_AND_RECEIVE with id 'delete_train_line' in 'createrailwaysnavigator:network'.
[24Apr2026 17:43:03.300] [modloading-worker-0/INFO] [DragonLib Networking System/]: Registering C2S network packet of type SEND_AND_RECEIVE with id 'update_train_line_color' in 'createrailwaysnavigator:network'.
[24Apr2026 17:43:03.301] [modloading-worker-0/INFO] [DragonLib Networking System/]: Registering C2S network packet of type SEND_AND_RECEIVE with id 'save_user_settings' in 'createrailwaysnavigator:network'.
[24Apr2026 17:43:03.306] [modloading-worker-0/INFO] [NoChatRestrictions/]: NoChatRestrictions NeoForge mod initialized!
[24Apr2026 17:43:03.306] [modloading-worker-0/WARN] [mixin/]: Discarding @Unique public method rotate in copycats-neoforge.mixins.json:foundation.copycat.CopycatBlockMixin from mod copycats because it already exists in com.copycatsplus.copycats.content.copycat.trapdoor.CopycatTrapdoorBlock
[24Apr2026 17:43:03.307] [modloading-worker-0/WARN] [mixin/]: Discarding @Unique public method mirror in copycats-neoforge.mixins.json:foundation.copycat.CopycatBlockMixin from mod copycats because it already exists in com.copycatsplus.copycats.content.copycat.trapdoor.CopycatTrapdoorBlock
[24Apr2026 17:43:03.307] [modloading-worker-0/WARN] [mixin/]: Discarding @Unique public method useItemOn in copycats-neoforge.mixins.json:foundation.copycat.CopycatBlockMixin from mod copycats because it already exists in com.copycatsplus.copycats.content.copycat.trapdoor.CopycatTrapdoorBlock
[24Apr2026 17:43:03.307] [modloading-worker-0/WARN] [mixin/]: Discarding @Unique public method useWithoutItem in copycats-neoforge.mixins.json:foundation.copycat.CopycatBlockMixin from mod copycats because it already exists in com.copycatsplus.copycats.content.copycat.trapdoor.CopycatTrapdoorBlock
[24Apr2026 17:43:03.310] [modloading-worker-0/INFO] [DragonLib Networking System/]: Registering C2S network packet of type SEND with id 'train_soft_reset' in 'createrailwaysnavigator:network'.
[24Apr2026 17:43:03.345] [modloading-worker-0/INFO] [DragonLib Networking System/]: Registering C2S network packet of type SEND with id 'train_hard_reset' in 'createrailwaysnavigator:network'.
[24Apr2026 17:43:03.352] [modloading-worker-0/INFO] [DragonLib Networking System/]: Registering C2S network packet of type SEND with id 'advanced_display_update_packet' in 'createrailwaysnavigator:network'.
[24Apr2026 17:43:03.353] [modloading-worker-0/INFO] [DragonLib Networking System/]: Registering C2S network packet of type SEND with id 'teleport_player' in 'createrailwaysnavigator:network'.
[24Apr2026 17:43:03.362] [modloading-worker-0/INFO] [DragonLib Networking System/]: Registering C2S network packet of type RECEIVE with id 'get_all_station_tags' in 'createrailwaysnavigator:network'.
[24Apr2026 17:43:03.363] [modloading-worker-0/INFO] [net.fabricmc.fabric.impl.client.indigo.Indigo/]: [Indigo] Different rendering plugin detected; not applying Indigo.
[24Apr2026 17:43:03.365] [modloading-worker-0/INFO] [DragonLib Networking System/]: Registering C2S network packet of type RECEIVE with id 'get_all_train_categories' in 'createrailwaysnavigator:network'.
[24Apr2026 17:43:03.365] [modloading-worker-0/WARN] [mixin/]: Discarding @Unique public method rotate in copycats-neoforge.mixins.json:foundation.copycat.CopycatBlockMixin from mod copycats because it already exists in com.copycatsplus.copycats.content.copycat.wall.CopycatWallBlock
[24Apr2026 17:43:03.365] [modloading-worker-0/WARN] [mixin/]: Discarding @Unique public method mirror in copycats-neoforge.mixins.json:foundation.copycat.CopycatBlockMixin from mod copycats because it already exists in com.copycatsplus.copycats.content.copycat.wall.CopycatWallBlock
[24Apr2026 17:43:03.365] [modloading-worker-0/WARN] [mixin/]: Discarding @Unique public method useItemOn in copycats-neoforge.mixins.json:foundation.copycat.CopycatBlockMixin from mod copycats because it already exists in com.copycatsplus.copycats.content.copycat.wall.CopycatWallBlock
[24Apr2026 17:43:03.365] [modloading-worker-0/WARN] [mixin/]: Discarding @Unique public method useWithoutItem in copycats-neoforge.mixins.json:foundation.copycat.CopycatBlockMixin from mod copycats because it already exists in com.copycatsplus.copycats.content.copycat.wall.CopycatWallBlock
[24Apr2026 17:43:03.373] [modloading-worker-0/INFO] [DragonLib Networking System/]: Registering C2S network packet of type RECEIVE with id 'get_all_train_lines' in 'createrailwaysnavigator:network'.
[24Apr2026 17:43:03.374] [modloading-worker-0/INFO] [DragonLib Networking System/]: Registering C2S network packet of type RECEIVE with id 'get_all_blacklisted_stations' in 'createrailwaysnavigator:network'.
[24Apr2026 17:43:03.378] [modloading-worker-0/INFO] [DragonLib Networking System/]: Registering C2S network packet of type RECEIVE with id 'get_all_blacklisted_trains' in 'createrailwaysnavigator:network'.
[24Apr2026 17:43:03.379] [modloading-worker-0/INFO] [DragonLib Networking System/]: Registering C2S network packet of type RECEIVE with id 'get_all_train_names' in 'createrailwaysnavigator:network'.
[24Apr2026 17:43:03.379] [modloading-worker-0/INFO] [DragonLib Networking System/]: Registering C2S network packet of type RECEIVE with id 'get_all_station_names' in 'createrailwaysnavigator:network'.
[24Apr2026 17:43:03.380] [modloading-worker-0/INFO] [DragonLib Networking System/]: Registering C2S network packet of type RECEIVE with id 'all_trains_initialized' in 'createrailwaysnavigator:network'.
[24Apr2026 17:43:03.381] [modloading-worker-0/INFO] [DragonLib Networking System/]: Registering C2S network packet of type RECEIVE with id 'get_all_trains_debug_data' in 'createrailwaysnavigator:network'.
[24Apr2026 17:43:03.381] [modloading-worker-0/INFO] [DragonLib Networking System/]: Registering C2S network packet of type RECEIVE with id 'get_online_players' in 'createrailwaysnavigator:network'.
[24Apr2026 17:43:03.382] [modloading-worker-0/INFO] [DragonLib Networking System/]: Registering S2C network packet of type SEND with id 'show_train_debug_screen' in 'createrailwaysnavigator:network'.
[24Apr2026 17:43:03.382] [modloading-worker-0/INFO] [snownee.kiwi.Kiwi/INIT]: Processing 9 KiwiModule annotations
[24Apr2026 17:43:03.384] [modloading-worker-0/INFO] [DragonLib Networking System/]: Registering S2C network packet of type SEND with id 'server_error' in 'createrailwaysnavigator:network'.
[24Apr2026 17:43:03.389] [modloading-worker-0/WARN] [mixin/]: Discarding @Unique public method rotate in copycats-neoforge.mixins.json:foundation.copycat.CopycatBlockMixin from mod copycats because it already exists in com.copycatsplus.copycats.content.copycat.shaft.CopycatShaftBlock
[24Apr2026 17:43:03.389] [modloading-worker-0/WARN] [mixin/]: Discarding @Unique public method mirror in copycats-neoforge.mixins.json:foundation.copycat.CopycatBlockMixin from mod copycats because it already exists in com.copycatsplus.copycats.content.copycat.shaft.CopycatShaftBlock
[24Apr2026 17:43:03.389] [modloading-worker-0/WARN] [mixin/]: Discarding @Unique public method useItemOn in copycats-neoforge.mixins.json:foundation.copycat.CopycatBlockMixin from mod copycats because it already exists in com.copycatsplus.copycats.content.copycat.shaft.CopycatShaftBlock
[24Apr2026 17:43:03.389] [modloading-worker-0/WARN] [mixin/]: Discarding @Unique public method useWithoutItem in copycats-neoforge.mixins.json:foundation.copycat.CopycatBlockMixin from mod copycats because it already exists in com.copycatsplus.copycats.content.copycat.shaft.CopycatShaftBlock
[24Apr2026 17:43:03.403] [modloading-worker-0/WARN] [mixin/]: Discarding @Unique public method rotate in copycats-neoforge.mixins.json:foundation.copycat.multistate.MultiStateCopycatBlockMixin from mod copycats because it already exists in com.copycatsplus.copycats.content.copycat.cogwheel.CopycatCogWheelBlock
[24Apr2026 17:43:03.404] [modloading-worker-0/WARN] [mixin/]: Discarding @Unique public method mirror in copycats-neoforge.mixins.json:foundation.copycat.multistate.MultiStateCopycatBlockMixin from mod copycats because it already exists in com.copycatsplus.copycats.content.copycat.cogwheel.CopycatCogWheelBlock
[24Apr2026 17:43:03.404] [modloading-worker-0/WARN] [mixin/]: Discarding @Unique public method useItemOn in copycats-neoforge.mixins.json:foundation.copycat.multistate.MultiStateCopycatBlockMixin from mod copycats because it already exists in com.copycatsplus.copycats.content.copycat.cogwheel.CopycatCogWheelBlock
[24Apr2026 17:43:03.404] [modloading-worker-0/WARN] [mixin/]: Discarding @Unique public method useWithoutItem in copycats-neoforge.mixins.json:foundation.copycat.multistate.MultiStateCopycatBlockMixin from mod copycats because it already exists in com.copycatsplus.copycats.content.copycat.cogwheel.CopycatCogWheelBlock
[24Apr2026 17:43:03.425] [modloading-worker-0/WARN] [mixin/]: Discarding @Unique public method rotate in copycats-neoforge.mixins.json:foundation.copycat.CopycatBlockMixin from mod copycats because it already exists in com.copycatsplus.copycats.content.copycat.fluid_pipe.CopycatFluidPipeBlock
[24Apr2026 17:43:03.425] [modloading-worker-0/WARN] [mixin/]: Discarding @Unique public method mirror in copycats-neoforge.mixins.json:foundation.copycat.CopycatBlockMixin from mod copycats because it already exists in com.copycatsplus.copycats.content.copycat.fluid_pipe.CopycatFluidPipeBlock
[24Apr2026 17:43:03.425] [modloading-worker-0/WARN] [mixin/]: Discarding @Unique public method useItemOn in copycats-neoforge.mixins.json:foundation.copycat.CopycatBlockMixin from mod copycats because it already exists in com.copycatsplus.copycats.content.copycat.fluid_pipe.CopycatFluidPipeBlock
[24Apr2026 17:43:03.425] [modloading-worker-0/WARN] [mixin/]: Discarding @Unique public method useWithoutItem in copycats-neoforge.mixins.json:foundation.copycat.CopycatBlockMixin from mod copycats because it already exists in com.copycatsplus.copycats.content.copycat.fluid_pipe.CopycatFluidPipeBlock
[24Apr2026 17:43:03.439] [modloading-worker-0/WARN] [mixin/]: Discarding @Unique public method rotate in copycats-neoforge.mixins.json:foundation.copycat.CopycatBlockMixin from mod copycats because it already exists in com.copycatsplus.copycats.content.copycat.pane.CopycatPaneBlock
[24Apr2026 17:43:03.439] [modloading-worker-0/WARN] [mixin/]: Discarding @Unique public method mirror in copycats-neoforge.mixins.json:foundation.copycat.CopycatBlockMixin from mod copycats because it already exists in com.copycatsplus.copycats.content.copycat.pane.CopycatPaneBlock
[24Apr2026 17:43:03.439] [modloading-worker-0/WARN] [mixin/]: Discarding @Unique public method useItemOn in copycats-neoforge.mixins.json:foundation.copycat.CopycatBlockMixin from mod copycats because it already exists in com.copycatsplus.copycats.content.copycat.pane.CopycatPaneBlock
[24Apr2026 17:43:03.439] [modloading-worker-0/WARN] [mixin/]: Discarding @Unique public method useWithoutItem in copycats-neoforge.mixins.json:foundation.copycat.CopycatBlockMixin from mod copycats because it already exists in com.copycatsplus.copycats.content.copycat.pane.CopycatPaneBlock
[24Apr2026 17:43:03.516] [modloading-worker-0/WARN] [mixin/]: Discarding @Unique public method onLoad in copycats-neoforge.mixins.json:foundation.copycat.CopycatBlockEntityMixin from mod copycats because it already exists in com.copycatsplus.copycats.foundation.copycat.CCCopycatBlockEntity
[24Apr2026 17:43:03.520] [modloading-worker-0/WARN] [mixin/]: Discarding @Unique public method onLoad in copycats-neoforge.mixins.json:foundation.copycat.multistate.MultiStateCopycatBlockEntityMixin from mod copycats because it already exists in com.copycatsplus.copycats.foundation.copycat.multistate.MultiStateCopycatBlockEntity
[24Apr2026 17:43:03.524] [modloading-worker-0/INFO] [glitchcore/]: Registered synced config with path sereneseasons/fertility.toml
[24Apr2026 17:43:03.525] [modloading-worker-0/INFO] [glitchcore/]: Registered synced config with path sereneseasons/seasons.toml
[24Apr2026 17:43:03.525] [modloading-worker-0/INFO] [mezz.jei.library.load.PluginCaller/]: Sending ConfigManager...
[24Apr2026 17:43:03.530] [modloading-worker-0/WARN] [mixin/]: Discarding @Unique public method onLoad in copycats-neoforge.mixins.json:foundation.copycat.CopycatBlockEntityMixin from mod copycats because it already exists in com.copycatsplus.copycats.content.copycat.shaft.CopycatShaftBlockEntity
[24Apr2026 17:43:03.532] [modloading-worker-0/WARN] [mixin/]: Discarding @Unique public method onLoad in copycats-neoforge.mixins.json:foundation.copycat.multistate.MultiStateCopycatBlockEntityMixin from mod copycats because it already exists in com.copycatsplus.copycats.content.copycat.cogwheel.CopycatCogWheelBlockEntity
[24Apr2026 17:43:03.534] [modloading-worker-0/INFO] [mezz.jei.library.load.PluginCaller/]: Sending ConfigManager took 8.615 milliseconds
[24Apr2026 17:43:03.534] [modloading-worker-0/WARN] [mixin/]: Discarding @Unique public method onLoad in copycats-neoforge.mixins.json:foundation.copycat.CopycatBlockEntityMixin from mod copycats because it already exists in com.copycatsplus.copycats.content.copycat.fluid_pipe.CopycatFluidPipeBlockEntity
[24Apr2026 17:43:03.537] [modloading-worker-0/WARN] [mixin/]: Discarding @Unique public method onLoad in copycats-neoforge.mixins.json:foundation.copycat.CopycatBlockEntityMixin from mod copycats because it already exists in com.copycatsplus.copycats.content.copycat.fluid_pipe.CopycatStraightPipeBlockEntity
[24Apr2026 17:43:03.539] [modloading-worker-0/WARN] [mixin/]: Discarding @Unique public method onLoad in copycats-neoforge.mixins.json:foundation.copycat.CopycatBlockEntityMixin from mod copycats because it already exists in com.copycatsplus.copycats.content.copycat.sliding_door.CopycatSlidingDoorBlockEntity
[24Apr2026 17:43:03.563] [modloading-worker-0/INFO] [betterdeserttemples/]: Creating directory for additional Better Desert Temples configuration at /home/bigh/.var/app/org.prismlauncher.PrismLauncher/data/PrismLauncher/instances/season 5 1/minecraft/config/betterdeserttemples/neoforge-1_21
[24Apr2026 17:43:03.595] [modloading-worker-0/INFO] [glitchcore/]: Registered synced config with path toughasnails/thirst.toml
[24Apr2026 17:43:03.595] [modloading-worker-0/INFO] [glitchcore/]: Registered synced config with path toughasnails/temperature.toml
[24Apr2026 17:43:03.611] [modloading-worker-0/INFO] [DragonLib Networking System/]: Registering C2S network packet of type SEND with id 'update_writable_sign' in 'dragonlib:network'.
[24Apr2026 17:43:03.616] [modloading-worker-0/INFO] [DragonLib Networking System/]: Registering C2S network packet of type SEND with id 'string_message' in 'dragonlib:network_test'.
[24Apr2026 17:43:03.617] [modloading-worker-0/INFO] [DragonLib Networking System/]: Registering C2S network packet of type SEND_AND_RECEIVE with id 'test_msg' in 'dragonlib:network_test'.
[24Apr2026 17:43:03.624] [modloading-worker-0/INFO] [DragonLib/]: Starting the setup of DragonLib...
[24Apr2026 17:43:03.632] [Poison Dragon/INFO] [DragonLib/]:                              +++ 🐉 +++                             
[24Apr2026 17:43:03.632] [Poison Dragon/INFO] [DragonLib/]: ---------------------------------------------------------------------
[24Apr2026 17:43:03.632] [Poison Dragon/INFO] [DragonLib/]:           Loaded DragonLib v1.21.1-beta-3.0.24 by MrJulsen!          
[24Apr2026 17:43:03.632] [Poison Dragon/INFO] [DragonLib/]:                   Minecraft NeoForge Client 1.21.1                  
[24Apr2026 17:43:03.632] [Poison Dragon/INFO] [DragonLib/]: 
[24Apr2026 17:43:03.632] [Poison Dragon/INFO] [DragonLib/]:                 Discord: https://discord.mrjulsen.net                
[24Apr2026 17:43:03.632] [Poison Dragon/INFO] [DragonLib/]:                        Documentation: unknown                       
[24Apr2026 17:43:03.632] [Poison Dragon/INFO] [DragonLib/]:   Bug Reports: https://github.com/MisterJulsen/MC-DragonLib2/issues  
[24Apr2026 17:43:03.632] [Poison Dragon/INFO] [DragonLib/]: ---------------------------------------------------------------------
[24Apr2026 17:43:03.632] [Poison Dragon/INFO] [DragonLib/]:                              +++ 🐉 +++                             
[24Apr2026 17:43:03.634] [modloading-worker-0/INFO] [toughasnails/]: Serene Seasons detected. Enabling season modifier.
[24Apr2026 17:43:03.635] [modloading-worker-0/WARN] [mixin/]: Discarding @Unique public method useItemOn in copycats-common.mixins.json:copycat.step.CopycatStepBlockMixin from mod copycats because it already exists in com.simibubi.create.content.decoration.copycat.CopycatStepBlock
[24Apr2026 17:43:03.641] [modloading-worker-0/WARN] [mixin/]: Discarding @Unique public method useItemOn in copycats-common.mixins.json:copycat.panel.CopycatPanelBlockMixin from mod copycats because it already exists in com.simibubi.create.content.decoration.copycat.CopycatPanelBlock
[24Apr2026 17:43:03.642] [modloading-worker-0/WARN] [mixin/]: Discarding @Unique public method mirror in copycats-common.mixins.json:copycat.panel.CopycatPanelBlockMixin from mod copycats because it already exists in com.simibubi.create.content.decoration.copycat.CopycatPanelBlock
[24Apr2026 17:43:03.642] [modloading-worker-0/WARN] [mixin/]: Discarding @Unique public method rotate in copycats-common.mixins.json:copycat.panel.CopycatPanelBlockMixin from mod copycats because it already exists in com.simibubi.create.content.decoration.copycat.CopycatPanelBlock
[24Apr2026 17:43:03.671] [modloading-worker-0/INFO] [CraterLoader/]: Discovering Plugins
[24Apr2026 17:43:03.675] [modloading-worker-0/INFO] [CraterLoader/]: Discovered 1 plugins
[24Apr2026 17:43:03.676] [modloading-worker-0/INFO] [CraterLoader/]: Loading Client Plugins
[24Apr2026 17:43:03.685] [modloading-worker-0/INFO] [CraterLoader/]: Loaded Client Plugins
[24Apr2026 17:43:03.704] [modloading-worker-0/INFO] [com.simibubi.create.Create/]: Create 6.0.10 initializing! Commit hash: ac0c444d9828da3453ae8cc65338e8de063286fb
[24Apr2026 17:43:03.713] [modloading-worker-0/INFO] [thedarkcolour.kotlinforforge.neoforge.test.KotlinForForge/]: Kotlin For Forge Enabled!
[24Apr2026 17:43:03.719] [modloading-worker-0/INFO] [xaero.common.HudMod/]: Registering common data for channel xaerominimap:main!
[24Apr2026 17:43:03.742] [modloading-worker-0/INFO] [de.keksuccino.justzoom.JustZoom/]: [JUST ZOOM] Starting version 2.1.0 on NeoForge..
[24Apr2026 17:43:03.754] [modloading-worker-0/INFO] [xaero.common.HudMod/]: Registering client data for channel xaerominimap:main!
[24Apr2026 17:43:03.775] [modloading-worker-0/INFO] [xaero.common.HudMod/]: Loading primary common config for channel xaerominimap:main!
[24Apr2026 17:43:03.777] [modloading-worker-0/INFO] [xaero.common.HudMod/]: Loading server config profiles for channel xaerominimap:main!
[24Apr2026 17:43:03.778] [modloading-worker-0/INFO] [xaero.common.HudMod/]: Loading primary client config for channel xaerominimap:main!
[24Apr2026 17:43:03.779] [modloading-worker-0/INFO] [xaero.common.HudMod/]: Loading client config profiles for channel xaerominimap:main!
[24Apr2026 17:43:03.983] [modloading-worker-0/INFO] [quark-zeta/]: Discovered 162 modules to load.
[24Apr2026 17:43:03.983] [modloading-worker-0/INFO] [quark-zeta/]: Constructing module Abacus...
[24Apr2026 17:43:03.986] [modloading-worker-0/INFO] [quark-zeta/]: Constructing module Adjustable Chat...
[24Apr2026 17:43:03.986] [modloading-worker-0/INFO] [quark-zeta/]: Constructing module Ambient Discs...
[24Apr2026 17:43:03.986] [modloading-worker-0/INFO] [quark-zeta/]: Constructing module Ancient Tomes...
[24Apr2026 17:43:03.990] [modloading-worker-0/INFO] [quark-zeta/]: Constructing module Ancient Wood...
[24Apr2026 17:43:03.993] [modloading-worker-0/INFO] [quark-zeta/]: Constructing module Armed Armor Stands...
[24Apr2026 17:43:03.993] [modloading-worker-0/INFO] [quark-zeta/]: Constructing module Auto Walk Keybind...
[24Apr2026 17:43:03.993] [modloading-worker-0/INFO] [quark-zeta/]: Constructing module Automatic Recipe Unlock...
[24Apr2026 17:43:03.993] [modloading-worker-0/INFO] [quark-zeta/]: Constructing module Automatic Tool Restock...
[24Apr2026 17:43:03.994] [modloading-worker-0/INFO] [quark-zeta/]: Constructing module Azalea Wood...
[24Apr2026 17:43:03.994] [modloading-worker-0/INFO] [quark-zeta/]: Constructing module Back Button Keybind...
[24Apr2026 17:43:03.995] [modloading-worker-0/INFO] [quark-zeta/]: Constructing module Backpack...
[24Apr2026 17:43:03.996] [modloading-worker-0/INFO] [quark-zeta/]: Constructing module Beacon Redirection...
[24Apr2026 17:43:03.996] [modloading-worker-0/INFO] [quark-zeta/]: Constructing module Better Elytra Rocket...
[24Apr2026 17:43:03.996] [modloading-worker-0/INFO] [quark-zeta/]: Constructing module Big Stone Clusters...
[24Apr2026 17:43:03.998] [modloading-worker-0/INFO] [quark-zeta/]: Constructing module Blossom Trees...
[24Apr2026 17:43:03.998] [modloading-worker-0/INFO] [quark-zeta/]: Constructing module Bottled Cloud...
[24Apr2026 17:43:03.999] [modloading-worker-0/INFO] [quark-zeta/]: Constructing module Buckets Show Inhabitants...
[24Apr2026 17:43:03.999] [modloading-worker-0/INFO] [quark-zeta/]: Constructing module Camera...
[24Apr2026 17:43:04.000] [modloading-worker-0/INFO] [quark-zeta/]: Constructing module Campfires Boost Elytra...
[24Apr2026 17:43:04.000] [modloading-worker-0/INFO] [quark-zeta/]: Constructing module Celebratory Lamps...
[24Apr2026 17:43:04.001] [modloading-worker-0/INFO] [quark-zeta/]: Constructing module Chains Connect Blocks...
[24Apr2026 17:43:04.001] [modloading-worker-0/INFO] [quark-zeta/]: Constructing module Cherry Grove Water Petals...
[24Apr2026 17:43:04.001] [modloading-worker-0/INFO] [quark-zeta/]: Constructing module Chest Searching...
[24Apr2026 17:43:04.002] [modloading-worker-0/INFO] [quark-zeta/]: Constructing module Chorus Vegetation...
[24Apr2026 17:43:04.004] [modloading-worker-0/INFO] [quark-zeta/]: Constructing module Chute...
[24Apr2026 17:43:04.007] [modloading-worker-0/INFO] [quark-zeta/]: Constructing module Climate Control Remover...
[24Apr2026 17:43:04.007] [modloading-worker-0/INFO] [quark-zeta/]: Constructing module Color Runes...
[24Apr2026 17:43:04.008] [modloading-worker-0/INFO] [quark-zeta/]: Constructing module Compasses Work Everywhere...
[24Apr2026 17:43:04.009] [modloading-worker-0/INFO] [quark-zeta/]: Constructing module Compressed Blocks...
[24Apr2026 17:43:04.009] [modloading-worker-0/INFO] [quark-zeta/]: Constructing module Coral On Cactus...
[24Apr2026 17:43:04.009] [modloading-worker-0/INFO] [quark-zeta/]: Constructing module Corundum...
[24Apr2026 17:43:04.024] [modloading-worker-0/INFO] [quark-zeta/]: Constructing module Crabs...
[24Apr2026 17:43:04.024] [modloading-worker-0/INFO] [quark-zeta/]: Constructing module Crate...
[24Apr2026 17:43:04.025] [modloading-worker-0/INFO] [quark-zeta/]: Constructing module Diamond Repair...
[24Apr2026 17:43:04.025] [modloading-worker-0/INFO] [quark-zeta/]: Constructing module Dispensers Place Blocks...
[24Apr2026 17:43:04.026] [modloading-worker-0/INFO] [quark-zeta/]: Constructing module Double Door Opening...
[24Apr2026 17:43:04.026] [modloading-worker-0/INFO] [quark-zeta/]: Constructing module Dragon Scales...
[24Apr2026 17:43:04.026] [modloading-worker-0/INFO] [quark-zeta/]: Constructing module Duskbound Blocks...
[24Apr2026 17:43:04.026] [modloading-worker-0/INFO] [quark-zeta/]: Constructing module Dyeable Item Frames...
[24Apr2026 17:43:04.027] [modloading-worker-0/INFO] [quark-zeta/]: Constructing module Easy Transferring...
[24Apr2026 17:43:04.027] [modloading-worker-0/INFO] [quark-zeta/]: Constructing module Elytra Indicator...
[24Apr2026 17:43:04.028] [modloading-worker-0/INFO] [quark-zeta/]: Constructing module Emotes...
[24Apr2026 17:43:04.029] [modloading-worker-0/INFO] [quark-zeta/]: Constructing module Ender Watcher...
[24Apr2026 17:43:04.030] [modloading-worker-0/INFO] [quark-zeta/]: Constructing module Endermosh Music Disc...
[24Apr2026 17:43:04.035] [modloading-worker-0/INFO] [quark-zeta/]: Constructing module Enhanced Ladders...
[24Apr2026 17:43:04.036] [modloading-worker-0/INFO] [quark-zeta/]: Constructing module Expanded Item Interactions...
[24Apr2026 17:43:04.037] [modloading-worker-0/INFO] [quark-zeta/]: Constructing module Fairy Rings...
[24Apr2026 17:43:04.037] [modloading-worker-0/INFO] [quark-zeta/]: Constructing module Fallen Logs...
[24Apr2026 17:43:04.039] [modloading-worker-0/INFO] [quark-zeta/]: Constructing module Feeding Trough...
[24Apr2026 17:43:04.040] [modloading-worker-0/INFO] [quark-zeta/]: Constructing module Forgotten...
[24Apr2026 17:43:04.042] [modloading-worker-0/INFO] [quark-zeta/]: Constructing module Foxhound...
[24Apr2026 17:43:04.043] [modloading-worker-0/INFO] [quark-zeta/]: Constructing module Framed Glass...
[24Apr2026 17:43:04.044] [modloading-worker-0/INFO] [quark-zeta/]: Constructing module Game Nerfs...
[24Apr2026 17:43:04.045] [modloading-worker-0/INFO] [quark-zeta/]: Constructing module Glass Item Frame...
[24Apr2026 17:43:04.046] [modloading-worker-0/INFO] [quark-zeta/]: Constructing module Glass Shard...
[24Apr2026 17:43:04.047] [modloading-worker-0/INFO] [quark-zeta/]: Constructing module Glimmering Weald...
[24Apr2026 17:43:04.051] [modloading-worker-0/INFO] [quark-zeta/]: Constructing module Gold Bars...
[24Apr2026 17:43:04.051] [modloading-worker-0/INFO] [quark-zeta/]: Constructing module Gold Tools Have Fortune...
[24Apr2026 17:43:04.052] [modloading-worker-0/INFO] [quark-zeta/]: Constructing module Grab Chickens...
[24Apr2026 17:43:04.052] [modloading-worker-0/INFO] [quark-zeta/]: Constructing module Grate...
[24Apr2026 17:43:04.053] [modloading-worker-0/INFO] [quark-zeta/]: Constructing module Gravisand...
[24Apr2026 17:43:04.054] [modloading-worker-0/INFO] [quark-zeta/]: Constructing module Greener Grass...
[24Apr2026 17:43:04.055] [modloading-worker-0/INFO] [quark-zeta/]: Constructing module Hedges...
[24Apr2026 17:43:04.057] [modloading-worker-0/INFO] [quark-zeta/]: Constructing module Hoe Harvesting...
[24Apr2026 17:43:04.058] [modloading-worker-0/INFO] [quark-zeta/]: Constructing module Hollow Logs...
[24Apr2026 17:43:04.058] [modloading-worker-0/INFO] [quark-zeta/]: Constructing module Horses Swim...
[24Apr2026 17:43:04.058] [modloading-worker-0/INFO] [quark-zeta/]: Constructing module Hotbar Changer...
[24Apr2026 17:43:04.058] [modloading-worker-0/INFO] [quark-zeta/]: Constructing module Improved Sponges...
[24Apr2026 17:43:04.059] [modloading-worker-0/INFO] [quark-zeta/]: Constructing module Improved Tooltips...
[24Apr2026 17:43:04.059] [modloading-worker-0/INFO] [quark-zeta/]: Constructing module Industrial Palette...
[24Apr2026 17:43:04.059] [modloading-worker-0/INFO] [quark-zeta/]: Constructing module Inventory Sorting...
[24Apr2026 17:43:04.059] [modloading-worker-0/INFO] [quark-zeta/]: Constructing module Iron Rod...
[24Apr2026 17:43:04.060] [modloading-worker-0/INFO] [quark-zeta/]: Constructing module Item Sharing...
[24Apr2026 17:43:04.061] [modloading-worker-0/INFO] [quark-zeta/]: Constructing module Japanese Palette...
[24Apr2026 17:43:04.061] [modloading-worker-0/INFO] [quark-zeta/]: Constructing module Leaf Carpet...
[24Apr2026 17:43:04.062] [modloading-worker-0/INFO] [quark-zeta/]: Constructing module Lock Rotation...
[24Apr2026 17:43:04.062] [modloading-worker-0/INFO] [quark-zeta/]: Constructing module Long Range Pick Block...
[24Apr2026 17:43:04.062] [modloading-worker-0/INFO] [quark-zeta/]: Constructing module Magma Keeps Concrete Powder...
[24Apr2026 17:43:04.063] [modloading-worker-0/INFO] [quark-zeta/]: Constructing module Magnets...
[24Apr2026 17:43:04.064] [modloading-worker-0/INFO] [quark-zeta/]: Constructing module Map Washing...
[24Apr2026 17:43:04.065] [modloading-worker-0/INFO] [quark-zeta/]: Constructing module Matrix Enchanting...
[24Apr2026 17:43:04.066] [modloading-worker-0/INFO] [quark-zeta/]: Constructing module Metal Buttons...
[24Apr2026 17:43:04.067] [modloading-worker-0/INFO] [quark-zeta/]: Constructing module Microcrafting Helper...
[24Apr2026 17:43:04.070] [modloading-worker-0/INFO] [quark-zeta/]: Constructing module Midori...
[24Apr2026 17:43:04.070] [modloading-worker-0/INFO] [quark-zeta/]: Constructing module Monster Box...
[24Apr2026 17:43:04.070] [modloading-worker-0/INFO] [quark-zeta/]: Constructing module More Banner Layers...
[24Apr2026 17:43:04.070] [modloading-worker-0/INFO] [quark-zeta/]: Constructing module More Brick Types...
[24Apr2026 17:43:04.071] [modloading-worker-0/INFO] [quark-zeta/]: Constructing module More Mud Blocks...
[24Apr2026 17:43:04.071] [modloading-worker-0/INFO] [quark-zeta/]: Constructing module More Note Block Sounds...
[24Apr2026 17:43:04.071] [modloading-worker-0/INFO] [quark-zeta/]: Constructing module More Potted Plants...
[24Apr2026 17:43:04.071] [modloading-worker-0/INFO] [quark-zeta/]: Constructing module More Villagers...
[24Apr2026 17:43:04.072] [modloading-worker-0/INFO] [quark-zeta/]: Constructing module Narrator Readout...
[24Apr2026 17:43:04.072] [modloading-worker-0/INFO] [quark-zeta/]: Constructing module Nether Brick Fence Gate...
[24Apr2026 17:43:04.072] [modloading-worker-0/INFO] [quark-zeta/]: Constructing module Nether Obsidian Spikes...
[24Apr2026 17:43:04.073] [modloading-worker-0/INFO] [quark-zeta/]: Constructing module New Stone Types...
[24Apr2026 17:43:04.074] [modloading-worker-0/INFO] [quark-zeta/]: Constructing module No Durability On Cosmetics...
[24Apr2026 17:43:04.074] [modloading-worker-0/INFO] [quark-zeta/]: Constructing module No More Lava Pockets...
[24Apr2026 17:43:04.074] [modloading-worker-0/INFO] [quark-zeta/]: Constructing module Obsidian Plate...
[24Apr2026 17:43:04.075] [modloading-worker-0/INFO] [quark-zeta/]: Constructing module Overlay Shader...
[24Apr2026 17:43:04.076] [modloading-worker-0/INFO] [quark-zeta/]: Constructing module Parrot Eggs...
[24Apr2026 17:43:04.076] [modloading-worker-0/INFO] [quark-zeta/]: Constructing module Pat The Dogs...
[24Apr2026 17:43:04.077] [modloading-worker-0/INFO] [quark-zeta/]: Constructing module Pathfinder Maps...
[24Apr2026 17:43:04.079] [modloading-worker-0/INFO] [quark-zeta/]: Constructing module Permafrost...
[24Apr2026 17:43:04.080] [modloading-worker-0/INFO] [quark-zeta/]: Constructing module Petals On Water...
[24Apr2026 17:43:04.082] [modloading-worker-0/INFO] [quark-zeta/]: Constructing module Pickarang...
[24Apr2026 17:43:04.084] [modloading-worker-0/INFO] [quark-zeta/]: Constructing module Pig Litters...
[24Apr2026 17:43:04.084] [modloading-worker-0/INFO] [quark-zeta/]: Constructing module Pipes...
[24Apr2026 17:43:04.087] [modloading-worker-0/INFO] [quark-zeta/]: Constructing module Pistons Move Tile Entities...
[24Apr2026 17:43:04.088] [modloading-worker-0/INFO] [quark-zeta/]: Constructing module Poison Potato Usage...
[24Apr2026 17:43:04.088] [modloading-worker-0/INFO] [quark-zeta/]: Constructing module Quick Armor Swapping...
[24Apr2026 17:43:04.089] [modloading-worker-0/INFO] [quark-zeta/]: Constructing module Rainbow Lamps...
[24Apr2026 17:43:04.089] [modloading-worker-0/INFO] [quark-zeta/]: Constructing module Raw Metal Bricks...
[24Apr2026 17:43:04.089] [modloading-worker-0/INFO] [quark-zeta/]: Constructing module Reacharound Placing...
[24Apr2026 17:43:04.090] [modloading-worker-0/INFO] [quark-zeta/]: Constructing module Redstone Randomizer...
[24Apr2026 17:43:04.091] [modloading-worker-0/INFO] [quark-zeta/]: Constructing module Renewable Spore Blossoms...
[24Apr2026 17:43:04.091] [modloading-worker-0/INFO] [quark-zeta/]: Constructing module Replace Scaffolding...
[24Apr2026 17:43:04.091] [modloading-worker-0/INFO] [quark-zeta/]: Constructing module Rope...
[24Apr2026 17:43:04.093] [modloading-worker-0/INFO] [quark-zeta/]: Constructing module Safer Creatures...
[24Apr2026 17:43:04.093] [modloading-worker-0/INFO] [quark-zeta/]: Constructing module Seed Pouch...
[24Apr2026 17:43:04.095] [modloading-worker-0/INFO] [quark-zeta/]: Constructing module Shear Vines...
[24Apr2026 17:43:04.099] [modloading-worker-0/INFO] [quark-zeta/]: Constructing module Shiba...
[24Apr2026 17:43:04.100] [modloading-worker-0/INFO] [quark-zeta/]: Constructing module Shingles...
[24Apr2026 17:43:04.100] [modloading-worker-0/INFO] [quark-zeta/]: Constructing module Shulker Packing...
[24Apr2026 17:43:04.100] [modloading-worker-0/INFO] [quark-zeta/]: Constructing module Simple Harvest...
[24Apr2026 17:43:04.101] [modloading-worker-0/INFO] [quark-zeta/]: Constructing module Skull Pikes...
[24Apr2026 17:43:04.102] [modloading-worker-0/INFO] [quark-zeta/]: Constructing module Slabs To Blocks...
[24Apr2026 17:43:04.102] [modloading-worker-0/INFO] [quark-zeta/]: Constructing module Slime In A Bucket...
[24Apr2026 17:43:04.104] [modloading-worker-0/INFO] [quark-zeta/]: Constructing module Slimes To Magma Cubes...
[24Apr2026 17:43:04.104] [modloading-worker-0/INFO] [quark-zeta/]: Constructing module Snow Golem Player Heads...
[24Apr2026 17:43:04.104] [modloading-worker-0/INFO] [quark-zeta/]: Constructing module Soul Candles...
[24Apr2026 17:43:04.104] [modloading-worker-0/INFO] [quark-zeta/]: Constructing module Soul Sandstone...
[24Apr2026 17:43:04.105] [modloading-worker-0/INFO] [quark-zeta/]: Constructing module Spawner Replacer...
[24Apr2026 17:43:04.105] [modloading-worker-0/INFO] [quark-zeta/]: Constructing module Spiral Spires...
[24Apr2026 17:43:04.108] [modloading-worker-0/INFO] [quark-zeta/]: Constructing module Stonelings...
[24Apr2026 17:43:04.109] [modloading-worker-0/INFO] [quark-zeta/]: Constructing module Stools...
[24Apr2026 17:43:04.109] [modloading-worker-0/INFO] [quark-zeta/]: Constructing module Sturdy Stone...
[24Apr2026 17:43:04.110] [modloading-worker-0/INFO] [quark-zeta/]: Constructing module Thatch...
[24Apr2026 17:43:04.111] [modloading-worker-0/INFO] [quark-zeta/]: Constructing module Tiny Potato...
[24Apr2026 17:43:04.111] [modloading-worker-0/INFO] [quark-zeta/]: Constructing module Torch Arrow...
[24Apr2026 17:43:04.112] [modloading-worker-0/INFO] [quark-zeta/]: Constructing module Toretoise...
[24Apr2026 17:43:04.113] [modloading-worker-0/INFO] [quark-zeta/]: Constructing module Totem Of Holding...
[24Apr2026 17:43:04.114] [modloading-worker-0/INFO] [quark-zeta/]: Constructing module Trowel...
[24Apr2026 17:43:04.115] [modloading-worker-0/INFO] [quark-zeta/]: Constructing module Usage Ticker...
[24Apr2026 17:43:04.115] [modloading-worker-0/INFO] [quark-zeta/]: Constructing module Uses For Curses...
[24Apr2026 17:43:04.116] [modloading-worker-0/INFO] [quark-zeta/]: Constructing module Utility Recipes...
[24Apr2026 17:43:04.116] [modloading-worker-0/INFO] [quark-zeta/]: Constructing module Variant Animal Textures...
[24Apr2026 17:43:04.117] [modloading-worker-0/INFO] [quark-zeta/]: Constructing module Variant Bookshelves...
[24Apr2026 17:43:04.117] [modloading-worker-0/INFO] [quark-zeta/]: Constructing module Variant Chests...
[24Apr2026 17:43:04.118] [modloading-worker-0/INFO] [quark-zeta/]: Constructing module Variant Furnaces...
[24Apr2026 17:43:04.151] [modloading-worker-0/INFO] [quark-zeta/]: Constructing module Variant Ladders...
[24Apr2026 17:43:04.151] [modloading-worker-0/INFO] [quark-zeta/]: Constructing module Variant Selector...
[24Apr2026 17:43:04.155] [modloading-worker-0/INFO] [quark-zeta/]: Constructing module Vertical Planks...
[24Apr2026 17:43:04.155] [modloading-worker-0/INFO] [quark-zeta/]: Constructing module Vertical Slabs...
[24Apr2026 17:43:04.157] [modloading-worker-0/INFO] [quark-zeta/]: Constructing module Vexes Die With Their Masters...
[24Apr2026 17:43:04.158] [modloading-worker-0/INFO] [quark-zeta/]: Constructing module Villager Rerolling Rework...
[24Apr2026 17:43:04.159] [modloading-worker-0/INFO] [quark-zeta/]: Constructing module Villagers Follow Emeralds...
[24Apr2026 17:43:04.160] [modloading-worker-0/INFO] [quark-zeta/]: Constructing module Wooden Posts...
[24Apr2026 17:43:04.161] [modloading-worker-0/INFO] [quark-zeta/]: Constructing module Wool Shuts Up Minecarts...
[24Apr2026 17:43:04.161] [modloading-worker-0/INFO] [quark-zeta/]: Constructing module Wraith...
[24Apr2026 17:43:04.162] [modloading-worker-0/INFO] [quark-zeta/]: Constructing module Zombie Villagers On Normal...
[24Apr2026 17:43:04.162] [modloading-worker-0/INFO] [quark-zeta/]: Constructing module More Stone Variants...
[24Apr2026 17:43:04.163] [modloading-worker-0/INFO] [quark-zeta/]: Constructed 162 modules.
[24Apr2026 17:43:04.205] [modloading-worker-0/INFO] [quark-zeta/]: Doing super early config setup for quark
[24Apr2026 17:43:04.356] [modloading-worker-0/INFO] [STDOUT/]: [dev.lopyluna.dndesires.content.utils.DnDesiresRegistry:register:45]: Registering DnDesires Data Components...
[24Apr2026 17:43:04.357] [modloading-worker-0/INFO] [STDOUT/]: [dev.lopyluna.dndesires.content.utils.DnDesiresRegistry:register:47]: Registering DnDesires Creative Tabs...
[24Apr2026 17:43:04.357] [modloading-worker-0/INFO] [STDOUT/]: [dev.lopyluna.dndesires.content.utils.DnDesiresRegistry:register:49]: Registering DnDesires Damage Types...
[24Apr2026 17:43:04.357] [modloading-worker-0/INFO] [STDOUT/]: [dev.lopyluna.dndesires.content.utils.DnDesiresRegistry:register:51]: Registering DnDesires Mob Effects...
[24Apr2026 17:43:04.357] [modloading-worker-0/INFO] [STDOUT/]: [dev.lopyluna.dndesires.content.utils.DnDesiresRegistry:register:53]: Registering DnDesires Particles...
[24Apr2026 17:43:04.357] [modloading-worker-0/INFO] [STDOUT/]: [dev.lopyluna.dndesires.content.utils.DnDesiresRegistry:register:55]: Registering DnDesires Recipes Serializers...
[24Apr2026 17:43:04.357] [modloading-worker-0/INFO] [STDOUT/]: [dev.lopyluna.dndesires.content.utils.DnDesiresRegistry:register:57]: Registering DnDesires Recipes...
[24Apr2026 17:43:04.357] [modloading-worker-0/INFO] [STDOUT/]: [dev.lopyluna.dndesires.content.utils.DnDesiresRegistry:register:59]: Registering DnDesires Menus...
[24Apr2026 17:43:04.357] [modloading-worker-0/INFO] [STDOUT/]: [dev.lopyluna.dndesires.content.utils.DnDesiresRegistry:register:61]: Registering DnDesires Sounds...
[24Apr2026 17:43:04.357] [modloading-worker-0/INFO] [STDOUT/]: [dev.lopyluna.dndesires.content.utils.DnDesiresRegistry:register:63]: Registering DnDesires Dimensions...
[24Apr2026 17:43:04.357] [modloading-worker-0/INFO] [STDOUT/]: [dev.lopyluna.dndesires.content.utils.DnDesiresRegistry:register:65]: Registering DnDesires Done
[24Apr2026 17:43:04.357] [modloading-worker-0/INFO] [Create: Interiors/]: Create: Interiors v0.6.1 initializing! Create version: 6.0.10 on platform: NeoForge
[24Apr2026 17:43:04.370] [modloading-worker-0/INFO] [dev.ryanhcode.sable.Sable/]: Sable loaded!
[24Apr2026 17:43:04.379] [modloading-worker-0/WARN] [dev.ryanhcode.sable.Sable/]: NOTE: Sable is loaded with Flywheel. Sable contains extensive shader overrides and a full light-storage replacement. Expect this to cause compatibility issues. If issues arise, please report them to the Sable issue tracker (https://github.com/ryanhcode/sable/issues) instead of the Flywheel issue tracker.
[24Apr2026 17:43:04.419] [modloading-sync-worker/INFO] [wover-core/]: Processing wover.datapack.registry Entrypoints
[24Apr2026 17:43:04.420] [modloading-sync-worker/INFO] [wover-core/]:     - Processing Entrypoint: org.betterx.wover.entrypoint.BiomeDatapackRegistryEntrypoint
[24Apr2026 17:43:04.420] [modloading-sync-worker/INFO] [wover-core/]:     - Processing Entrypoint: org.betterx.wover.entrypoint.FeatureDatapackRegistryEntrypoint
[24Apr2026 17:43:04.421] [modloading-sync-worker/INFO] [wover-core/]:     - Processing Entrypoint: org.betterx.wover.entrypoint.ItemDatapackRegistryEntrypoint
[24Apr2026 17:43:04.422] [modloading-sync-worker/INFO] [wover-core/]:     - Processing Entrypoint: org.betterx.wover.entrypoint.StructureDatapackRegistryEntrypoint
[24Apr2026 17:43:04.423] [modloading-sync-worker/INFO] [wover-core/]:     - Processing Entrypoint: org.betterx.wover.entrypoint.SurfaceDatapackRegistryEntrypoint
[24Apr2026 17:43:04.475] [modloading-sync-worker/INFO] [snownee.kiwi.Kiwi/INIT]: Module [snowrealmagic:core] initialized
[24Apr2026 17:43:04.475] [modloading-sync-worker/INFO] [snownee.kiwi.Kiwi/INIT]: 		block: 11, block_entity_type: 2, loot_pool_entry_type: 1
[24Apr2026 17:43:04.475] [modloading-sync-worker/INFO] [snownee.kiwi.Kiwi/INIT]: Module [kiwi:data] initialized
[24Apr2026 17:43:04.475] [modloading-sync-worker/INFO] [snownee.kiwi.Kiwi/INIT]: 		recipe_serializer: 2, neoforge:condition_codecs: 2
[24Apr2026 17:43:05.825] [modloading-sync-worker/INFO] [Moonlight/]: Initialized block sets in 17ms
[24Apr2026 17:43:05.969] [modloading-sync-worker/WARN] [betternether/]: Skip pig_statue POI registration: Block{betternether:pig_statue_respawner}[facing=north,top=true] is defined in more than one PoI type
[24Apr2026 17:43:05.970] [modloading-sync-worker/WARN] [betterend/]: Skip eternal_portal POI registration: Block{betterend:end_portal_block}[axis=x,portal=0] is defined in more than one PoI type
[24Apr2026 17:43:05.970] [modloading-sync-worker/WARN] [betterend/]: Skip eternal_portal_frame POI registration: Block{betterend:flavolite_runed_eternal}[active=false] is defined in more than one PoI type
[24Apr2026 17:43:06.086] [modloading-sync-worker/INFO] [Create: Trading Floor/]: Registering Advancements for: Create: Trading Floor
[24Apr2026 17:43:06.604] [Render thread/INFO] [Moonlight/]: Merging 2 images using mode MIN_AREA_NO_UPSCALE
[24Apr2026 17:43:06.759] [Render thread/INFO] [Veil/]: GL Debug supported
[24Apr2026 17:43:06.785] [Render thread/INFO] [Sodium/]: Block minecraft:birch_leaves had its color provider replaced with sereneseasons.init.ModClient$$Lambda/0x0000000802866698@7b19bc9c and will not use per-vertex coloring
[24Apr2026 17:43:07.004] [Render thread/INFO] [Iris/]: Hardware information:
[24Apr2026 17:43:07.004] [Render thread/INFO] [Iris/]: CPU: 12x 12th Gen Intel(R) Core(TM) i5-12400F
[24Apr2026 17:43:07.005] [Render thread/INFO] [Iris/]: GPU: NVIDIA GeForce RTX 3060/PCIe/SSE2 (Supports OpenGL 4.6.0 NVIDIA 580.126.09)
[24Apr2026 17:43:07.005] [Render thread/INFO] [Iris/]: OS: Linux (6.14.0-37-generic)
[24Apr2026 17:43:07.300] [Render thread/INFO] [quark/]: Registering model layer quark:foxhound_armor#main
[24Apr2026 17:43:07.300] [Render thread/INFO] [quark/]: Registering model layer quark:crab#main
[24Apr2026 17:43:07.300] [Render thread/INFO] [quark/]: Registering model layer quark:shiba#main
[24Apr2026 17:43:07.300] [Render thread/INFO] [quark/]: Registering model layer quark:quark_boat_chest#main
[24Apr2026 17:43:07.300] [Render thread/INFO] [quark/]: Registering model layer quark:wraith#main
[24Apr2026 17:43:07.300] [Render thread/INFO] [quark/]: Registering model layer quark:forgotten_hat#main
[24Apr2026 17:43:07.300] [Render thread/INFO] [quark/]: Registering model layer quark:stoneling#main
[24Apr2026 17:43:07.300] [Render thread/INFO] [quark/]: Registering model layer quark:toretoise#main
[24Apr2026 17:43:07.300] [Render thread/INFO] [quark/]: Registering model layer quark:quark_boat#main
[24Apr2026 17:43:07.300] [Render thread/INFO] [quark/]: Registering model layer quark:foxhound#main
[24Apr2026 17:43:07.300] [Render thread/INFO] [quark/]: Registering model layer quark:shiba_armor#main
[24Apr2026 17:43:07.300] [Render thread/INFO] [quark/]: Registering model layer quark:backpack#main
[24Apr2026 17:43:07.601] [Render thread/INFO] [net.minecraft.server.packs.resources.ReloadableResourceManager/]: Reloading ResourceManager: vanilla, mod_resources, mod/sodium, mod/c2me_fixes_worldgen_threading_issues, mod/betterdungeons, mod/notenoughcrashes, mod/fabric_renderer_api_v1, mod/mr_tan_compatpack, mod/supermartijn642configlib, mod/betterwitchhuts, mod/advancedperipherals, mod/wover, mod/createdeco, mod/c2me_rewrites_chunk_serializer, mod/aeronautics_bundled, mod/betteroceanmonuments, mod/c2me_opts_natives_math, mod/betternether, mod/sophisticatedcore, mod/c2me_fixes_general_threading_issues, mod/xaeroworldmap, mod/neoforge, mod/modernfix, mod/fabric_block_view_api_v2, mod/yungsapi, mod/iris, mod/createcasing, mod/veil, mod/sophisticatedbackpacks, mod/biolith, mod/simulated, mod/c2me_opts_math, mod/createdieselgenerators, mod/c2me, mod/wunderlib, mod/create_new_age, mod/snowrealmagic, mod/c2me_base, mod/crash_assistant, mod/bclib, mod/c2me_fixes_worldgen_vanilla_bugs, mod/supplementaries, mod/emojiful, mod/konkrete, mod/geophilic, mod/create_connected, mod/farmersdelight, mod/fabric_game_rule_api_v1, mod/c2me_fixes_chunkio_threading_issues, mod/c2me_client_uncapvd, mod/chunky, mod/supermartijn642corelib, mod/spark, mod/c2me_opts_dfc, mod/curios, mod/mr_chunky_offline, mod/trading_floor, mod/betterstrongholds, mod/createliquidfuel, mod/createrailwaysnavigator, mod/computercraft, mod/createcclogistics, mod/fabric_rendering_data_attachment_v1, mod/c2me_rewrites_chunkio, mod/bettermineshafts, mod/yeetusexperimentus, mod/c2me_opts_allocs, mod/betterjungletemples, mod/esl, mod/kiwi, mod/c2me_threading_lighting, mod/rechiseled, mod/irisflw, mod/copycats, mod/fabric_model_loading_api_v1, mod/jei, mod/lithostitched, mod/lithium, mod/aeronautics, mod/xaerolib, mod/nochatrestrictions, mod/fabric_renderer_indigo, mod/glitchcore, mod/sereneseasons, mod/rechiseledcreate, mod/craterlib, mod/sdlink, mod/escalated, mod/c2me_rewrites_chunk_system, mod/betterdeserttemples, mod/terralith, mod/fusion, mod/c2me_opts_worldgen_vanilla, mod/c2me_opts_scheduling, mod/offroad, mod/tectonic, mod/dragonlib, mod/architectury, mod/grieflogger, mod/moonlight, mod/fabric_api_base, mod/jademoddedentities, mod/jade, mod/justenoughbreeding, mod/c2me_server_utils, mod/forgeconfigapiport, mod/kotlinforforge, mod/jei_integration_reborn, mod/sablecompanion, mod/flywheel, mod/ponder, mod/create, mod/interiors, mod/sliceanddice, mod/dndesires, mod/ccbr, mod/sable, mod/cc_sable, mod/xaerominimap, mod/expandeddelight, mod/polymorph, mod/justenoughprofessions, mod/c2me_notickvd, mod/almostunified, mod/zeta, mod/toughasnails, mod/c2me_opts_worldgen_general, mod/c2me_opts_chunkio, mod/lios_overhauled_villages, mod/appleskin, mod/solstick, mod/lootr, mod/quark, mod/ferritecore, mod/create_power_loader, mod/justzoom, mod/betterend, moonlight:merged_pack, quark-emote-pack
[24Apr2026 17:43:07.623] [Worker-ResourceReload-0/INFO] [Moonlight/]: Resource cache state for CLIENT_RESOURCES: needs regeneration
[24Apr2026 17:43:07.624] [Worker-ResourceReload-0/INFO] [Moonlight/]: Deleting directory: /home/bigh/.var/app/org.prismlauncher.PrismLauncher/data/PrismLauncher/instances/season 5 1/minecraft/dynamic-resource-pack-cache/supplementaries-generated_pack
[24Apr2026 17:43:07.626] [Worker-ResourceReload-0/INFO] [Moonlight/]: Cleared cache pack resources at /home/bigh/.var/app/org.prismlauncher.PrismLauncher/data/PrismLauncher/instances/season 5 1/minecraft/dynamic-resource-pack-cache/supplementaries-generated_pack in 2.421 ms
[24Apr2026 17:43:07.626] [Worker-ResourceReload-0/INFO] [Moonlight/]: Starting runtime resource generation for pack type CLIENT_RESOURCES with generators [moonlight:dynamic_resources, supplementaries:generated_pack]
[24Apr2026 17:43:07.631] [Worker-ResourceReload-0/INFO] [Moonlight/]: Regenerating Dynamic CLIENT_RESOURCES Resources Provider [moonlight:dynamic_resources], requested by strategy REGEN_ON_EVERY_RELOAD
[24Apr2026 17:43:07.632] [Render thread/INFO] [de.keksuccino.konkrete.Konkrete/]: [KONKRETE] Client-side modules initialized and ready to use!
[24Apr2026 17:43:07.634] [Worker-ResourceReload-0/INFO] [Moonlight/]: Generated runtime CLIENT_RESOURCES for pack moonlight:dynamic_resources in 3.156 ms
[24Apr2026 17:43:07.635] [Worker-ResourceReload-0/INFO] [Moonlight/]: Regenerating Dynamic CLIENT_RESOURCES Resources Provider [supplementaries:generated_pack], requested by strategy CACHED_FOLDER
[24Apr2026 17:43:07.697] [pool-20-thread-3/ERROR] [Moonlight/]: Failed to generate texture supplementaries:entity/cannon_boat/betternether/nether_reed: java.lang.RuntimeException: java.lang.IndexOutOfBoundsException: Index 0 out of bounds for length 0
[24Apr2026 17:43:07.708] [pool-20-thread-3/ERROR] [Moonlight/]: Failed to generate texture supplementaries:item/cannon_boat/betternether/cannon_boat_mushroom_fir: java.lang.RuntimeException: java.lang.IndexOutOfBoundsException: Index 0 out of bounds for length 0
[24Apr2026 17:43:07.708] [pool-20-thread-3/ERROR] [Moonlight/]: Failed to generate texture supplementaries:item/cannon_boat/betternether/cannon_boat_nether_mushroom: java.lang.RuntimeException: java.lang.IndexOutOfBoundsException: Index 0 out of bounds for length 0
[24Apr2026 17:43:07.715] [pool-20-thread-2/ERROR] [Moonlight/]: Failed to generate texture supplementaries:block/way_signs/betternether/way_sign_nether_reed: java.lang.RuntimeException: java.lang.IndexOutOfBoundsException: Index 0 out of bounds for length 0
[24Apr2026 17:43:07.722] [Worker-ResourceReload-0/INFO] [Moonlight/]: Generated runtime CLIENT_RESOURCES for pack supplementaries:generated_pack in 86.77 ms
[24Apr2026 17:43:07.727] [Worker-ResourceReload-0/INFO] [Moonlight/]: Populated search tree for pack at /home/bigh/.var/app/org.prismlauncher.PrismLauncher/data/PrismLauncher/instances/season 5 1/minecraft/dynamic-resource-pack-cache/supplementaries-generated_pack in 3.513 ms
[24Apr2026 17:43:07.734] [Worker-ResourceReload-0/INFO] [Moonlight/]: Finished runtime resources generation for 2 packs in a total of 107.9 ms 
[24Apr2026 17:43:07.751] [Worker-ResourceReload-5/INFO] [de.mrjulsen.crn.CreateRailwaysNavigator/]: Welcome to the CREATE RAILWAYS NAVIGATOR mod by MRJULSEN.
[24Apr2026 17:43:07.751] [Worker-ResourceReload-8/INFO] [xaero.lib.XaeroLib/]: Loading XaeroLib common 1/2!
[24Apr2026 17:43:07.791] [NeoForge Version Check/INFO] [net.neoforged.fml.VersionChecker/]: [mr_tan_compatpack] Starting version check at https://api.modrinth.com/updates/U1b0lF34/forge_updates.json?neoforge=only
[24Apr2026 17:43:07.831] [Worker-ResourceReload-3/INFO] [net.minecraft.client.gui.font.providers.UnihexProvider/]: Found unifont_all_no_pua-15.1.05.hex, loading
[24Apr2026 17:43:07.886] [Render thread/INFO] [Supplementaries/]: Finished mod setup in: [2, 0, 2, 0, 0, 0] ms
[24Apr2026 17:43:07.900] [Render thread/INFO] [Create: Trading Floor/]: Registering Advancements for: Create: Trading Floor
[24Apr2026 17:43:07.900] [Render thread/INFO] [zeta/]: Common setup: Performing initial refresh of zeta's config on thread 'Render thread'
[24Apr2026 17:43:07.901] [Render thread/INFO] [zeta/]: 'zeta' is enabling Zeta's piston structure resolver.
[24Apr2026 17:43:07.907] [Render thread/INFO] [zeta/]: zeta's config is now ready to accept filewatcher changes
[24Apr2026 17:43:08.002] [Render thread/INFO] [Moonlight/]: Initialized color sets in 89ms
[24Apr2026 17:43:08.030] [Thread-15/INFO] [Emojiful/]: Loaded 1970 emojis
[24Apr2026 17:43:08.031] [Render thread/INFO] [quark-zeta/]: Common setup: Performing initial refresh of quark's config on thread 'Render thread'
[24Apr2026 17:43:08.066] [Worker-ResourceReload-3/INFO] [net.minecraft.client.gui.font.providers.UnihexProvider/]: Found unifont_jp_patch-15.1.05.hex, loading
[24Apr2026 17:43:08.129] [Render thread/INFO] [quark-zeta/]: quark's config is now ready to accept filewatcher changes
[24Apr2026 17:43:08.130] [NeoForge Version Check/INFO] [net.neoforged.fml.VersionChecker/]: [mr_tan_compatpack] Found status: OUTDATED Current: 1.0.0 Target: 1.0.0+mod
[24Apr2026 17:43:08.130] [NeoForge Version Check/INFO] [net.neoforged.fml.VersionChecker/]: [create_connected] Starting version check at https://raw.githubusercontent.com/hlysine/create_connected/main/update.json
[24Apr2026 17:43:08.166] [NeoForge Version Check/INFO] [net.neoforged.fml.VersionChecker/]: [create_connected] Found status: UP_TO_DATE Current: 1.1.13-mc1.21.1 Target: null
[24Apr2026 17:43:08.166] [NeoForge Version Check/INFO] [net.neoforged.fml.VersionChecker/]: [mr_chunky_offline] Starting version check at https://api.modrinth.com/updates/VfHc5JEX/forge_updates.json?neoforge=only
[24Apr2026 17:43:08.312] [NeoForge Version Check/INFO] [net.neoforged.fml.VersionChecker/]: [mr_chunky_offline] Found status: AHEAD Current: 1-v1.1.0 Target: null
[24Apr2026 17:43:08.312] [NeoForge Version Check/INFO] [net.neoforged.fml.VersionChecker/]: [computercraft] Starting version check at https://api.modrinth.com/updates/cc-tweaked/forge_updates.json
[24Apr2026 17:43:08.350] [Worker-ResourceReload-5/INFO] [xaero.map.WorldMap/]: Loading Xaero's World Map - Stage 1/2
[24Apr2026 17:43:08.517] [Worker-ResourceReload-2/INFO] [DragonLib Networking System/]: Creating network thread pool with 11 threads.
[24Apr2026 17:43:08.540] [NeoForge Version Check/INFO] [net.neoforged.fml.VersionChecker/]: [computercraft] Found status: BETA Current: 1.117.1 Target: null
[24Apr2026 17:43:08.540] [NeoForge Version Check/INFO] [net.neoforged.fml.VersionChecker/]: [copycats] Starting version check at https://raw.githubusercontent.com/copycats-plus/copycats/multiloader/update.json
[24Apr2026 17:43:08.542] [Worker-ResourceReload-2/INFO] [xaero.lib.XaeroLib/]: Loading XaeroLib client 1/2!
[24Apr2026 17:43:08.552] [NeoForge Version Check/INFO] [net.neoforged.fml.VersionChecker/]: [copycats] Found status: AHEAD Current: 3.0.4+mc.1.21.1-neoforge Target: null
[24Apr2026 17:43:08.552] [NeoForge Version Check/INFO] [net.neoforged.fml.VersionChecker/]: [moonlight] Starting version check at https://api.modrinth.com/updates/moonlight/neoforge_updates.json
[24Apr2026 17:43:08.563] [Worker-ResourceReload-9/INFO] [CraterLoader/]: Loading Early Init Plugins
[24Apr2026 17:43:08.568] [Worker-ResourceReload-6/WARN] [net.minecraft.client.renderer.texture.SpriteLoader/]: Texture createdieselgenerators:block/canister with size 24x24 limits mip level from 4 to 3
[24Apr2026 17:43:08.589] [Worker-ResourceReload-8/INFO] [xaero.minimap.XaeroMinimap/]: Loading Xaero's Minimap - Stage 1/2
[24Apr2026 17:43:08.659] [NeoForge Version Check/WARN] [net.neoforged.fml.VersionChecker/]: Failed to process update information
java.lang.NullPointerException: Cannot invoke "java.util.Map.get(Object)" because "promos" is null
	at MC-BOOTSTRAP/fml_loader@4.0.42/net.neoforged.fml.VersionChecker$1.process(VersionChecker.java:173) ~[loader-4.0.42.jar%23149!/:4.0]
	at java.base/java.lang.Iterable.forEach(Iterable.java:75) [?:?]
	at MC-BOOTSTRAP/fml_loader@4.0.42/net.neoforged.fml.VersionChecker$1.run(VersionChecker.java:105) [loader-4.0.42.jar%23149!/:4.0]
[24Apr2026 17:43:08.661] [NeoForge Version Check/INFO] [net.neoforged.fml.VersionChecker/]: [forgeconfigapiport] Starting version check at https://raw.githubusercontent.com/Fuzss/modresources/main/update/forgeconfigapiport.json
[24Apr2026 17:43:08.681] [NeoForge Version Check/INFO] [net.neoforged.fml.VersionChecker/]: [forgeconfigapiport] Found status: OUTDATED Current: 21.1.1 Target: 21.1.6
[24Apr2026 17:43:08.681] [NeoForge Version Check/INFO] [net.neoforged.fml.VersionChecker/]: [create] Starting version check at https://api.modrinth.com/updates/create/forge_updates.json?neoforge=only
[24Apr2026 17:43:08.846] [NeoForge Version Check/INFO] [net.neoforged.fml.VersionChecker/]: [create] Found status: OUTDATED Current: 6.0.10 Target: 6.0.10+mc1.21.1
[24Apr2026 17:43:08.846] [NeoForge Version Check/INFO] [net.neoforged.fml.VersionChecker/]: [sliceanddice] Starting version check at https://api.modrinth.com/updates/slice-and-dice/forge_updates.json?neoforge=only
[24Apr2026 17:43:08.995] [NeoForge Version Check/INFO] [net.neoforged.fml.VersionChecker/]: [sliceanddice] Found status: UP_TO_DATE Current: 4.2.4 Target: null
[24Apr2026 17:43:08.995] [NeoForge Version Check/INFO] [net.neoforged.fml.VersionChecker/]: [create_power_loader] Starting version check at https://raw.githubusercontent.com/hlysine/create_power_loader/main/update.json
[24Apr2026 17:43:09.007] [NeoForge Version Check/INFO] [net.neoforged.fml.VersionChecker/]: [create_power_loader] Found status: UP_TO_DATE Current: 2.0.3-mc1.21.1 Target: null
[24Apr2026 17:43:09.904] [Render thread/INFO] [xaero.map.WorldMap/]: Loading Xaero's World Map - Stage 2/2
[24Apr2026 17:43:09.907] [Render thread/INFO] [xaero.map.WorldMap/]: New world map region cache hash code: -158189484
[24Apr2026 17:43:10.327] [Worker-ResourceReload-10/WARN] [net.minecraft.client.resources.model.ModelBakery/]: Unable to load model: 'minecraft:block' referenced from: simulated:block/rope_connector/block_horizontal: java.io.FileNotFoundException: minecraft:models/block.json
[24Apr2026 17:43:10.693] [Render thread/INFO] [xaero.map.WorldMap/]: Registered player tracker system: map_synced
[24Apr2026 17:43:10.696] [Render thread/INFO] [xaero.map.WorldMap/]: Xaero's WorldMap Mod: Xaero's minimap found!
[24Apr2026 17:43:10.700] [Render thread/INFO] [xaero.map.WorldMap/]: Registered player tracker system: minimap_synced
[24Apr2026 17:43:10.700] [Render thread/INFO] [xaero.map.WorldMap/]: No Optifine!
[24Apr2026 17:43:10.700] [Render thread/INFO] [xaero.map.WorldMap/]: Xaero's World Map: No Vivecraft!
[24Apr2026 17:43:10.700] [Render thread/INFO] [xaero.map.WorldMap/]: Xaero's World Map: Iris found!
[24Apr2026 17:43:10.765] [Render thread/INFO] [xaero.minimap.XaeroMinimap/]: Loading Xaero's Minimap - Stage 2/2
[24Apr2026 17:43:11.374] [Render thread/INFO] [xaero.hud.minimap.MinimapLogs/]: Registered player tracker system: minimap_synced
[24Apr2026 17:43:11.375] [Render thread/INFO] [xaero.hud.minimap.MinimapLogs/]: Xaero's Minimap: World Map found!
[24Apr2026 17:43:11.375] [Render thread/INFO] [xaero.hud.minimap.MinimapLogs/]: No Optifine!
[24Apr2026 17:43:11.375] [Render thread/INFO] [xaero.hud.minimap.MinimapLogs/]: Xaero's Minimap: No Vivecraft!
[24Apr2026 17:43:11.375] [Render thread/INFO] [xaero.hud.minimap.MinimapLogs/]: Xaero's Minimap: Iris found!
[24Apr2026 17:43:11.375] [Render thread/INFO] [xaero.lib.XaeroLib/]: Loading XaeroLib common 2/2!
[24Apr2026 17:43:11.375] [Render thread/INFO] [xaero.lib.XaeroLib/]: Loading XaeroLib client 2/2!
[24Apr2026 17:43:12.132] [Worker-ResourceReload-10/WARN] [net.minecraft.client.resources.model.ModelBakery/]: Unable to load model: 'dndesires:block/gray_propeller' referenced from: dndesires:block/gray_propeller: java.io.FileNotFoundException: dndesires:models/block/gray_propeller.json
[24Apr2026 17:43:12.133] [Worker-ResourceReload-10/WARN] [net.minecraft.client.resources.model.ModelBakery/]: Unable to load model: 'dndesires:block/white_propeller' referenced from: dndesires:block/white_propeller: java.io.FileNotFoundException: dndesires:models/block/white_propeller.json
[24Apr2026 17:43:12.133] [Worker-ResourceReload-10/WARN] [net.minecraft.client.resources.model.ModelBakery/]: Unable to load model: 'dndesires:block/light_blue_propeller' referenced from: dndesires:block/light_blue_propeller: java.io.FileNotFoundException: dndesires:models/block/light_blue_propeller.json
[24Apr2026 17:43:12.133] [Worker-ResourceReload-10/WARN] [net.minecraft.client.resources.model.ModelBakery/]: Unable to load model: 'dndesires:block/yellow_propeller' referenced from: dndesires:block/yellow_propeller: java.io.FileNotFoundException: dndesires:models/block/yellow_propeller.json
[24Apr2026 17:43:12.133] [Worker-ResourceReload-10/WARN] [net.minecraft.client.resources.model.ModelBakery/]: Unable to load model: 'dndesires:block/purple_propeller' referenced from: dndesires:block/purple_propeller: java.io.FileNotFoundException: dndesires:models/block/purple_propeller.json
[24Apr2026 17:43:12.133] [Worker-ResourceReload-10/WARN] [net.minecraft.client.resources.model.ModelBakery/]: Unable to load model: 'dndesires:block/orange_propeller' referenced from: dndesires:block/orange_propeller: java.io.FileNotFoundException: dndesires:models/block/orange_propeller.json
[24Apr2026 17:43:12.134] [Worker-ResourceReload-10/WARN] [net.minecraft.client.resources.model.ModelBakery/]: Unable to load model: 'dndesires:block/lime_propeller' referenced from: dndesires:block/lime_propeller: java.io.FileNotFoundException: dndesires:models/block/lime_propeller.json
[24Apr2026 17:43:12.135] [Worker-ResourceReload-10/WARN] [net.minecraft.client.resources.model.ModelBakery/]: Unable to load model: 'dndesires:block/black_propeller' referenced from: dndesires:block/black_propeller: java.io.FileNotFoundException: dndesires:models/block/black_propeller.json
[24Apr2026 17:43:12.135] [Worker-ResourceReload-10/WARN] [net.minecraft.client.resources.model.ModelBakery/]: Unable to load model: 'dndesires:block/brown_propeller' referenced from: dndesires:block/brown_propeller: java.io.FileNotFoundException: dndesires:models/block/brown_propeller.json
[24Apr2026 17:43:12.135] [Worker-ResourceReload-10/WARN] [net.minecraft.client.resources.model.ModelBakery/]: Unable to load model: 'dndesires:block/green_propeller' referenced from: dndesires:block/green_propeller: java.io.FileNotFoundException: dndesires:models/block/green_propeller.json
[24Apr2026 17:43:12.136] [Worker-ResourceReload-10/WARN] [net.minecraft.client.resources.model.ModelBakery/]: Unable to load model: 'dndesires:block/red_propeller' referenced from: dndesires:block/red_propeller: java.io.FileNotFoundException: dndesires:models/block/red_propeller.json
[24Apr2026 17:43:12.136] [Worker-ResourceReload-10/WARN] [net.minecraft.client.resources.model.ModelBakery/]: Unable to load model: 'dndesires:block/cyan_propeller' referenced from: dndesires:block/cyan_propeller: java.io.FileNotFoundException: dndesires:models/block/cyan_propeller.json
[24Apr2026 17:43:12.136] [Worker-ResourceReload-10/WARN] [net.minecraft.client.resources.model.ModelBakery/]: Unable to load model: 'dndesires:block/pink_propeller' referenced from: dndesires:block/pink_propeller: java.io.FileNotFoundException: dndesires:models/block/pink_propeller.json
[24Apr2026 17:43:12.136] [Worker-ResourceReload-10/WARN] [net.minecraft.client.resources.model.ModelBakery/]: Unable to load model: 'dndesires:block/blue_propeller' referenced from: dndesires:block/blue_propeller: java.io.FileNotFoundException: dndesires:models/block/blue_propeller.json
[24Apr2026 17:43:12.136] [Worker-ResourceReload-10/WARN] [net.minecraft.client.resources.model.ModelBakery/]: Unable to load model: 'dndesires:block/light_gray_propeller' referenced from: dndesires:block/light_gray_propeller: java.io.FileNotFoundException: dndesires:models/block/light_gray_propeller.json
[24Apr2026 17:43:12.137] [Worker-ResourceReload-10/WARN] [net.minecraft.client.resources.model.ModelBakery/]: Unable to load model: 'dndesires:block/magenta_propeller' referenced from: dndesires:block/magenta_propeller: java.io.FileNotFoundException: dndesires:models/block/magenta_propeller.json
[24Apr2026 17:43:15.494] [Worker-ResourceReload-10/WARN] [net.minecraft.client.resources.model.ModelManager/]: Missing textures in model supplementaries:special_models/plants/root#standalone:
    minecraft:textures/atlas/blocks.png:quark:block/root
[24Apr2026 17:43:15.495] [Worker-ResourceReload-10/WARN] [net.minecraft.client.resources.model.ModelManager/]: Missing textures in model supplementaries:tater_in_a_jar#inventory:
    minecraft:textures/atlas/blocks.png:quark:model/tiny_potato/default
[24Apr2026 17:43:15.495] [Worker-ResourceReload-10/WARN] [net.minecraft.client.resources.model.ModelManager/]: Missing textures in model create_connected:fan_ending_catalyst_dragons_breath#:
    minecraft:textures/atlas/blocks.png:create_dragons_plus:fluid/dragon_breath_flow
[24Apr2026 17:43:15.495] [Worker-ResourceReload-10/WARN] [net.minecraft.client.resources.model.ModelManager/]: Missing textures in model create_connected:fan_enriched_catalyst#:
    minecraft:textures/atlas/blocks.png:createnuclear:block/enriched_soul_soil
    minecraft:textures/atlas/blocks.png:createnuclear:block/enriching/campfire/enriching_flame
[24Apr2026 17:43:15.495] [Worker-ResourceReload-10/WARN] [net.minecraft.client.resources.model.ModelManager/]: Missing textures in model create_power_loader:brass_chunk_loader#inventory:
    minecraft:textures/atlas/blocks.png:minecraft:axis
    minecraft:textures/atlas/blocks.png:minecraft:axis_top
[24Apr2026 17:43:15.495] [Worker-ResourceReload-10/WARN] [net.minecraft.client.resources.model.ModelManager/]: Missing textures in model create_connected:fan_ending_catalyst_dragons_breath#inventory:
    minecraft:textures/atlas/blocks.png:create_dragons_plus:fluid/dragon_breath_flow
[24Apr2026 17:43:15.495] [Worker-ResourceReload-10/WARN] [net.minecraft.client.resources.model.ModelManager/]: Missing textures in model create_connected:fan_enriched_catalyst#inventory:
    minecraft:textures/atlas/blocks.png:createnuclear:block/enriched_soul_soil
    minecraft:textures/atlas/blocks.png:createnuclear:block/enriching/campfire/enriching_flame
[24Apr2026 17:43:15.495] [Worker-ResourceReload-10/WARN] [net.minecraft.client.resources.model.ModelManager/]: Missing textures in model supplementaries:betternether/cannon_boat_nether_mushroom#inventory:
    minecraft:textures/atlas/blocks.png:supplementaries:item/cannon_boat/betternether/cannon_boat_nether_mushroom
[24Apr2026 17:43:15.495] [Worker-ResourceReload-10/WARN] [net.minecraft.client.resources.model.ModelManager/]: Missing textures in model create_power_loader:andesite_chunk_loader#inventory:
    minecraft:textures/atlas/blocks.png:minecraft:axis
    minecraft:textures/atlas/blocks.png:minecraft:axis_top
[24Apr2026 17:43:15.495] [Worker-ResourceReload-10/WARN] [net.minecraft.client.resources.model.ModelManager/]: Missing textures in model supplementaries:block/way_signs/betternether/way_sign_nether_reed#standalone:
    minecraft:textures/atlas/blocks.png:supplementaries:block/way_signs/betternether/way_sign_nether_reed
[24Apr2026 17:43:15.495] [Worker-ResourceReload-10/WARN] [net.minecraft.client.resources.model.ModelManager/]: Missing textures in model supplementaries:betternether/cannon_boat_mushroom_fir#inventory:
    minecraft:textures/atlas/blocks.png:supplementaries:item/cannon_boat/betternether/cannon_boat_mushroom_fir
[24Apr2026 17:43:16.050] [Render thread/INFO] [Veil/]: Loaded 0 shader modifications
[24Apr2026 17:43:16.160] [Render thread/INFO] [Veil/]: Loaded 29 shaders from: pinwheel/shaders/program
[24Apr2026 17:43:16.214] [Worker-ResourceReload-8/INFO] [snownee.jade.Jade/]: Start loading plugin from org.betterx.betternether.integrations.jade.JadePlugin
[24Apr2026 17:43:16.222] [Worker-ResourceReload-8/INFO] [betternether/]: Registering Jade Integration for BetterNether.
[24Apr2026 17:43:16.224] [Worker-ResourceReload-8/INFO] [snownee.jade.Jade/]: Start loading plugin from snownee.snow.compat.jade.JadeCompat
[24Apr2026 17:43:16.226] [Worker-ResourceReload-8/INFO] [snownee.jade.Jade/]: Start loading plugin from net.mehvahdjukaar.supplementaries.integration.JadeCompat
[24Apr2026 17:43:16.227] [Worker-ResourceReload-8/INFO] [snownee.jade.Jade/]: Start loading plugin from snownee.kiwi.customization.compat.jade.JadeCompat
[24Apr2026 17:43:16.228] [Worker-ResourceReload-8/INFO] [snownee.jade.Jade/]: Start loading plugin from dk.magnusjensen.jademoddedentities.JadeModdedEntitiesPlugin
[24Apr2026 17:43:16.229] [Worker-ResourceReload-8/INFO] [snownee.jade.Jade/]: Start loading plugin from snownee.jade.addon.vanilla.VanillaPlugin
[24Apr2026 17:43:16.244] [Worker-ResourceReload-8/INFO] [snownee.jade.Jade/]: Start loading plugin from snownee.jade.addon.universal.UniversalPlugin
[24Apr2026 17:43:16.246] [Worker-ResourceReload-8/INFO] [snownee.jade.Jade/]: Start loading plugin from snownee.jade.addon.debug.DebugPlugin
[24Apr2026 17:43:16.248] [Worker-ResourceReload-8/INFO] [snownee.jade.Jade/]: Start loading plugin from snownee.jade.addon.core.CorePlugin
[24Apr2026 17:43:16.250] [Worker-ResourceReload-8/INFO] [snownee.jade.Jade/]: Start loading plugin from snownee.jade.addon.access.AccessibilityPlugin
[24Apr2026 17:43:16.251] [Worker-ResourceReload-8/INFO] [snownee.jade.Jade/]: Start loading plugin from noobanidus.mods.lootr.common.integration.jade.LootrWailaPlugin
[24Apr2026 17:43:16.251] [Worker-ResourceReload-8/INFO] [snownee.jade.Jade/]: Start loading plugin from org.betterx.betterend.integration.jade.JadePlugin
[24Apr2026 17:43:16.252] [Worker-ResourceReload-8/INFO] [betterend/]: Registering Jade Integration for BetterEnd.
[24Apr2026 17:43:16.268] [Worker-ResourceReload-1/INFO] [PonderIndex/]: Registering Ponder Scenes took 88.50 ms
[24Apr2026 17:43:16.273] [Worker-ResourceReload-1/INFO] [PonderIndex/]: Registering Ponder Tags took 4.048 ms
[24Apr2026 17:43:16.442] [Render thread/WARN] [net.minecraft.client.sounds.SoundEngine/]: Missing sound for event: minecraft:item.goat_horn.play
[24Apr2026 17:43:16.442] [Render thread/WARN] [net.minecraft.client.sounds.SoundEngine/]: Missing sound for event: minecraft:entity.goat.screaming.horn_break
[24Apr2026 17:43:16.443] [Render thread/WARN] [net.minecraft.client.sounds.SoundEngine/]: Missing sound for event: supplementaries:entity.plunderer.cannon_use
[24Apr2026 17:43:16.470] [Render thread/INFO] [com.mojang.blaze3d.audio.Library/]: OpenAL initialized on device Rubix22 Digital Stereo (IEC958)
[24Apr2026 17:43:16.471] [Render thread/INFO] [net.minecraft.client.sounds.SoundEngine/SOUNDS]: Sound engine started
[24Apr2026 17:43:16.571] [Render thread/INFO] [net.minecraft.client.renderer.texture.TextureAtlas/]: Created: 4096x2048x4 minecraft:textures/atlas/blocks.png-atlas
[24Apr2026 17:43:16.604] [Render thread/INFO] [net.minecraft.client.renderer.texture.TextureAtlas/]: Created: 1024x512x4 minecraft:textures/atlas/signs.png-atlas
[24Apr2026 17:43:16.605] [Render thread/INFO] [net.minecraft.client.renderer.texture.TextureAtlas/]: Created: 512x512x4 minecraft:textures/atlas/shield_patterns.png-atlas
[24Apr2026 17:43:16.606] [Render thread/INFO] [net.minecraft.client.renderer.texture.TextureAtlas/]: Created: 512x512x4 minecraft:textures/atlas/banner_patterns.png-atlas
[24Apr2026 17:43:16.607] [Render thread/INFO] [net.minecraft.client.renderer.texture.TextureAtlas/]: Created: 2048x2048x4 minecraft:textures/atlas/armor_trims.png-atlas
[24Apr2026 17:43:16.610] [Render thread/INFO] [net.minecraft.client.renderer.texture.TextureAtlas/]: Created: 2048x1024x4 minecraft:textures/atlas/chest.png-atlas
[24Apr2026 17:43:16.613] [Render thread/INFO] [net.minecraft.client.renderer.texture.TextureAtlas/]: Created: 128x128x4 minecraft:textures/atlas/decorated_pot.png-atlas
[24Apr2026 17:43:16.614] [Render thread/INFO] [net.minecraft.client.renderer.texture.TextureAtlas/]: Created: 512x256x4 minecraft:textures/atlas/beds.png-atlas
[24Apr2026 17:43:16.615] [Render thread/INFO] [net.minecraft.client.renderer.texture.TextureAtlas/]: Created: 512x256x4 minecraft:textures/atlas/shulker_boxes.png-atlas
[24Apr2026 17:43:16.723] [Render thread/INFO] [net.minecraft.client.renderer.texture.TextureAtlas/]: Created: 1024x512x0 minecraft:textures/atlas/particles.png-atlas
[24Apr2026 17:43:16.725] [Render thread/INFO] [net.minecraft.client.renderer.texture.TextureAtlas/]: Created: 512x256x0 minecraft:textures/atlas/paintings.png-atlas
[24Apr2026 17:43:16.726] [Render thread/INFO] [net.minecraft.client.renderer.texture.TextureAtlas/]: Created: 256x128x0 minecraft:textures/atlas/mob_effects.png-atlas
[24Apr2026 17:43:16.727] [Render thread/INFO] [net.minecraft.client.renderer.texture.TextureAtlas/]: Created: 256x256x0 minecraft:textures/atlas/map_decorations.png-atlas
[24Apr2026 17:43:16.728] [Render thread/INFO] [net.minecraft.client.renderer.texture.TextureAtlas/]: Created: 1024x512x0 minecraft:textures/atlas/gui.png-atlas
[24Apr2026 17:43:16.775] [Render thread/WARN] [net.minecraft.client.renderer.ShaderInstance/]: Shader rendertype_entity_translucent_emissive could not find sampler named Sampler2 in the specified shader program.
[24Apr2026 17:43:16.882] [Render thread/WARN] [Veil/]: Shader computercraft/monitor_tbo could not find uniform named CursorColour in the specified shader program.
[24Apr2026 17:43:16.882] [Render thread/WARN] [Veil/]: Shader computercraft/monitor_tbo could not find uniform named CursorPos in the specified shader program.
[24Apr2026 17:43:16.882] [Render thread/WARN] [Veil/]: Shader computercraft/monitor_tbo could not find uniform named Height in the specified shader program.
[24Apr2026 17:43:16.882] [Render thread/WARN] [Veil/]: Shader computercraft/monitor_tbo could not find uniform named Width in the specified shader program.
[24Apr2026 17:43:16.908] [Render thread/INFO] [net.neoforged.neoforge.client.entity.animation.json.AnimationLoader/]: Loaded 0 entity animations
[24Apr2026 17:43:16.909] [Render thread/INFO] [Veil/]: Loaded 2 ImGui fonts
[24Apr2026 17:43:16.909] [Render thread/INFO] [Veil/]: Loaded 3 framebuffers
[24Apr2026 17:43:16.918] [Render thread/INFO] [Veil/]: Loaded 6 post pipelines
[24Apr2026 17:43:16.922] [Render thread/INFO] [Veil/]: Loaded 4 render types
[24Apr2026 17:43:16.922] [Render thread/INFO] [Veil/]: Enabled bloom pipeline
[24Apr2026 17:43:16.922] [Render thread/INFO] [Veil/]: Loaded 0 quasar particles
[24Apr2026 17:43:16.923] [Render thread/INFO] [Veil/]: Loaded 0 templates
[24Apr2026 17:43:16.923] [Render thread/INFO] [Veil/]: Loaded 0 modules
[24Apr2026 17:43:17.463] [Render thread/INFO] [Veil/]: Compiled 65 vanilla shaders in 569.4 ms
[24Apr2026 17:43:17.469] [Render thread/INFO] [net.minecraft.client.renderer.texture.TextureAtlas/]: Created: 256x256x0 jei:textures/atlas/gui.png-atlas
[24Apr2026 17:43:17.494] [Render thread/INFO] [xaero.lib.XaeroLib/]: Successfully reloaded the XaeroLib shaders!
[24Apr2026 17:43:17.515] [Render thread/INFO] [flywheel/backend/shaders/]: Loaded 84 shader sources in 14.698 ms
[24Apr2026 17:43:17.623] [Render thread/INFO] [com.simibubi.create.Create/]: Loaded 58 train hat configurations.
[24Apr2026 17:43:17.625] [Render thread/INFO] [Veil/]: Built veil:jetbrains_mono
[24Apr2026 17:43:17.627] [Render thread/INFO] [Veil/]: Built veil:remixicon
[24Apr2026 17:43:17.674] [Render thread/WARN] [flywheel/]: Flywheel backend fell back from 'irisflw:iris_instancing' to 'flywheel:indirect'
[24Apr2026 17:43:17.694] [Render thread/INFO] [rechiseled/]: 1 chiseling plugins were registered: [rechiseled:datapacks]
[24Apr2026 17:43:17.699] [Render thread/INFO] [snownee.kiwi.Kiwi/]: Canceling Microsoft telemetry
[24Apr2026 17:43:17.784] [Render thread/INFO] [Sodium/]: Block minecraft:large_fern had its color provider replaced with org.violetmoon.quark.content.client.module.GreenerGrassModule$Client$$Lambda/0x0000000802f1d228@394cb4c and will not use per-vertex coloring
[24Apr2026 17:43:17.784] [Render thread/INFO] [Sodium/]: Block minecraft:tall_grass had its color provider replaced with org.violetmoon.quark.content.client.module.GreenerGrassModule$Client$$Lambda/0x0000000802f1d228@3c83b2b4 and will not use per-vertex coloring
[24Apr2026 17:43:17.784] [Render thread/INFO] [Sodium/]: Block minecraft:grass_block had its color provider replaced with org.violetmoon.quark.content.client.module.GreenerGrassModule$Client$$Lambda/0x0000000802f1d228@6bc66d39 and will not use per-vertex coloring
[24Apr2026 17:43:17.784] [Render thread/INFO] [Sodium/]: Block minecraft:fern had its color provider replaced with org.violetmoon.quark.content.client.module.GreenerGrassModule$Client$$Lambda/0x0000000802f1d228@54793fdd and will not use per-vertex coloring
[24Apr2026 17:43:17.784] [Render thread/INFO] [Sodium/]: Block minecraft:short_grass had its color provider replaced with org.violetmoon.quark.content.client.module.GreenerGrassModule$Client$$Lambda/0x0000000802f1d228@719240b5 and will not use per-vertex coloring
[24Apr2026 17:43:17.784] [Render thread/INFO] [Sodium/]: Block minecraft:potted_fern had its color provider replaced with org.violetmoon.quark.content.client.module.GreenerGrassModule$Client$$Lambda/0x0000000802f1d228@50255a21 and will not use per-vertex coloring
[24Apr2026 17:43:17.784] [Render thread/INFO] [Sodium/]: Block minecraft:sugar_cane had its color provider replaced with org.violetmoon.quark.content.client.module.GreenerGrassModule$Client$$Lambda/0x0000000802f1d228@8d25ab9 and will not use per-vertex coloring
[24Apr2026 17:43:17.785] [Render thread/INFO] [Sodium/]: Block minecraft:spruce_leaves had its color provider replaced with org.violetmoon.quark.content.client.module.GreenerGrassModule$Client$$Lambda/0x0000000802f1d228@76bc765d and will not use per-vertex coloring
[24Apr2026 17:43:17.785] [Render thread/INFO] [Sodium/]: Block minecraft:birch_leaves had its color provider replaced with org.violetmoon.quark.content.client.module.GreenerGrassModule$Client$$Lambda/0x0000000802f1d228@c32def9 and will not use per-vertex coloring
[24Apr2026 17:43:17.785] [Render thread/INFO] [Sodium/]: Block minecraft:oak_leaves had its color provider replaced with org.violetmoon.quark.content.client.module.GreenerGrassModule$Client$$Lambda/0x0000000802f1d228@16af4a54 and will not use per-vertex coloring
[24Apr2026 17:43:17.785] [Render thread/INFO] [Sodium/]: Block minecraft:jungle_leaves had its color provider replaced with org.violetmoon.quark.content.client.module.GreenerGrassModule$Client$$Lambda/0x0000000802f1d228@43ef0e6b and will not use per-vertex coloring
[24Apr2026 17:43:17.785] [Render thread/INFO] [Sodium/]: Block minecraft:acacia_leaves had its color provider replaced with org.violetmoon.quark.content.client.module.GreenerGrassModule$Client$$Lambda/0x0000000802f1d228@567486d5 and will not use per-vertex coloring
[24Apr2026 17:43:17.785] [Render thread/INFO] [Sodium/]: Block minecraft:dark_oak_leaves had its color provider replaced with org.violetmoon.quark.content.client.module.GreenerGrassModule$Client$$Lambda/0x0000000802f1d228@4c2b5ff4 and will not use per-vertex coloring
[24Apr2026 17:43:17.785] [Render thread/INFO] [Sodium/]: Block minecraft:vine had its color provider replaced with org.violetmoon.quark.content.client.module.GreenerGrassModule$Client$$Lambda/0x0000000802f1d228@203a51cf and will not use per-vertex coloring
[24Apr2026 17:43:18.245] [Render thread/INFO] [de.mrjulsen.crn.CreateRailwaysNavigator/]: Updated custom language to: (Default)
[24Apr2026 17:43:18.514] [Render thread/WARN] [Veil/]: Shader computercraft/monitor_tbo could not find uniform named CursorColour in the specified shader program.
[24Apr2026 17:43:18.514] [Render thread/WARN] [Veil/]: Shader computercraft/monitor_tbo could not find uniform named CursorPos in the specified shader program.
[24Apr2026 17:43:18.514] [Render thread/WARN] [Veil/]: Shader computercraft/monitor_tbo could not find uniform named Height in the specified shader program.
[24Apr2026 17:43:18.514] [Render thread/WARN] [Veil/]: Shader computercraft/monitor_tbo could not find uniform named Width in the specified shader program.
[24Apr2026 17:43:18.851] [Render thread/INFO] [Veil/]: Finished uploading vanilla shaders
[24Apr2026 17:43:19.726] [Render thread/WARN] [ModernFix/]: Game took 29.561 seconds to start
[24Apr2026 17:43:51.952] [Thread-22/INFO] [wover-ui/]: Check Versions for minecraft=1_21_1
[24Apr2026 17:43:51.968] [Render thread/INFO] [Iris/]: Creating pipeline for dimension minecraft:overworld
[24Apr2026 17:43:52.066] [Thread-22/ERROR] [wover-ui/]: I/O Error during VersionCheck
java.io.FileNotFoundException: https://wunderreich.ambertation.de/api/v1/versions/mc_neoforge_1_21_1.json
	at java.base/sun.net.www.protocol.http.HttpURLConnection.getInputStream0(HttpURLConnection.java:2009) ~[?:?]
	at java.base/sun.net.www.protocol.http.HttpURLConnection.getInputStream(HttpURLConnection.java:1614) ~[?:?]
	at java.base/sun.net.www.protocol.https.HttpsURLConnectionImpl.getInputStream(HttpsURLConnectionImpl.java:223) ~[?:?]
	at java.base/java.net.URL.openStream(URL.java:1325) ~[?:?]
	at TRANSFORMER/wover@21.0.18/org.betterx.wover.ui.api.VersionChecker.run(VersionChecker.java:132) ~[worldweaver-21.0.18.jar%23358!/:?]
	at java.base/java.lang.Thread.run(Thread.java:1583) [?:?]
[24Apr2026 17:43:54.045] [Render thread/INFO] [dev.kostromdan.mods.crash_assistant.common_config.mod_list.ModListUtils/]: Parsed 98 mod(s) metadata in 18 ms
[24Apr2026 17:43:54.047] [Render thread/INFO] [dev.kostromdan.mods.crash_assistant.common_config.mod_list.ModListUtils/]: Modlist saved to config/crash_assistant/modlist.json
[24Apr2026 17:44:02.684] [Render thread/INFO] [de.mrjulsen.crn.CreateRailwaysNavigator/]: Removed all overlays.
[24Apr2026 17:44:02.691] [Render thread/INFO] [de.mrjulsen.crn.CreateRailwaysNavigator/]: All events have been closed.
[24Apr2026 17:44:02.705] [Render thread/INFO] [net.minecraft.client.gui.screens.ConnectScreen/]: Connecting to gws5.ggwp.cc, 25565
[24Apr2026 17:44:02.903] [Server Connector #1/INFO] [dev.ryanhcode.sable.Sable/]: Starting remote client UDP channel future
[24Apr2026 17:44:02.911] [Netty Epoll Client IO #1/INFO] [dev.ryanhcode.sable.Sable/]: Client UDP channel active
[24Apr2026 17:44:03.680] [Netty Epoll Client IO #0/INFO] [snownee.kiwi.Kiwi/]: Canceling Microsoft telemetry
[24Apr2026 17:44:04.036] [Render thread/WARN] [betternether/]: Skipping built-in datapack betternether:vanilla-hammers_extensions: pack.mcmeta not found.
[24Apr2026 17:44:04.036] [Render thread/WARN] [betternether/]: Skipping built-in datapack betternether:vanillaexcavators_extensions: pack.mcmeta not found.
[24Apr2026 17:44:04.246] [Render thread/INFO] [com.simibubi.create.Create/]: Created 355 recipes which will be injected into the game
[24Apr2026 17:44:04.249] [Render thread/INFO] [com.simibubi.create.Create/]: Created 22 tags which will be injected into the game
[24Apr2026 17:44:04.251] [Render thread/WARN] [betterend/]: Skipping built-in datapack betterend:byg_extensions: pack.mcmeta not found.
[24Apr2026 17:44:04.252] [Render thread/WARN] [betterend/]: Skipping built-in datapack betterend:nourish_extensions: pack.mcmeta not found.
[24Apr2026 17:44:04.252] [Render thread/WARN] [betterend/]: Skipping built-in datapack betterend:flamboyant_extensions: pack.mcmeta not found.
[24Apr2026 17:44:04.568] [Render thread/INFO] [wover-generator/]: Adding End highlands biome: betterend:amber_land
[24Apr2026 17:44:04.568] [Render thread/INFO] [wover-generator/]: Adding End midlands biome: betterend:amber_land
[24Apr2026 17:44:04.568] [Render thread/INFO] [wover-generator/]: Adding End highlands biome: betterend:blossoming_spires
[24Apr2026 17:44:04.568] [Render thread/INFO] [wover-generator/]: Adding End midlands biome: betterend:blossoming_spires
[24Apr2026 17:44:04.575] [Render thread/INFO] [wover-generator/]: Adding Nether biome to vanilla list: betternether:bone_reef (ParameterPoint[temperature=-100, humidity=-500, continentalness=0, erosion=0, depth=0, weirdness=0, offset=0])
[24Apr2026 17:44:04.576] [Render thread/INFO] [wover-generator/]: Adding End highlands biome: betterend:chorus_forest
[24Apr2026 17:44:04.576] [Render thread/INFO] [wover-generator/]: Adding Nether biome to vanilla list: betternether:crimson_glowing_woods (ParameterPoint[temperature=4000, humidity=-500, continentalness=0, erosion=0, depth=0, weirdness=0, offset=0])
[24Apr2026 17:44:04.576] [Render thread/INFO] [wover-generator/]: Adding Nether biome to vanilla list: betternether:crimson_pinewood (ParameterPoint[temperature=3500, humidity=1000, continentalness=0, erosion=0, depth=0, weirdness=0, offset=0])
[24Apr2026 17:44:04.576] [Render thread/INFO] [wover-generator/]: Adding End highlands biome: betterend:crystal_mountains
[24Apr2026 17:44:04.576] [Render thread/INFO] [wover-generator/]: Adding End midlands biome: betterend:crystal_mountains
[24Apr2026 17:44:04.576] [Render thread/INFO] [wover-generator/]: Adding End highlands biome: betterend:dragon_graveyards
[24Apr2026 17:44:04.576] [Render thread/INFO] [wover-generator/]: Adding End midlands biome: betterend:dragon_graveyards
[24Apr2026 17:44:04.576] [Render thread/INFO] [wover-generator/]: Adding End highlands biome: betterend:dry_shrubland
[24Apr2026 17:44:04.576] [Render thread/INFO] [wover-generator/]: Adding End midlands biome: betterend:dry_shrubland
[24Apr2026 17:44:04.576] [Render thread/INFO] [wover-generator/]: Adding End highlands biome: betterend:dust_wastelands
[24Apr2026 17:44:04.577] [Render thread/INFO] [wover-generator/]: Adding Nether biome to vanilla list: betternether:flooded_deltas (ParameterPoint[temperature=-3000, humidity=-100, continentalness=0, erosion=0, depth=0, weirdness=0, offset=1750])
[24Apr2026 17:44:04.577] [Render thread/INFO] [wover-generator/]: Adding End highlands biome: betterend:foggy_mushroomland
[24Apr2026 17:44:04.577] [Render thread/INFO] [wover-generator/]: Adding End midlands biome: betterend:foggy_mushroomland
[24Apr2026 17:44:04.577] [Render thread/INFO] [wover-generator/]: Adding End highlands biome: betterend:glowing_grasslands
[24Apr2026 17:44:04.577] [Render thread/INFO] [wover-generator/]: Adding End midlands biome: betterend:glowing_grasslands
[24Apr2026 17:44:04.577] [Render thread/INFO] [wover-generator/]: Adding Nether biome to vanilla list: betternether:gravel_desert (ParameterPoint[temperature=-1000, humidity=1000, continentalness=0, erosion=0, depth=0, weirdness=0, offset=2000])
[24Apr2026 17:44:04.577] [Render thread/INFO] [wover-generator/]: Adding small end island biome: betterend:ice_starfield
[24Apr2026 17:44:04.577] [Render thread/INFO] [wover-generator/]: Adding End highlands biome: betterend:lantern_woods
[24Apr2026 17:44:04.577] [Render thread/INFO] [wover-generator/]: Adding End midlands biome: betterend:lantern_woods
[24Apr2026 17:44:04.578] [Render thread/INFO] [wover-generator/]: Adding Nether biome to vanilla list: betternether:magma_land (ParameterPoint[temperature=8000, humidity=-7000, continentalness=0, erosion=0, depth=0, weirdness=0, offset=0])
[24Apr2026 17:44:04.578] [Render thread/INFO] [wover-generator/]: Adding End highlands biome: betterend:megalake
[24Apr2026 17:44:04.578] [Render thread/INFO] [wover-generator/]: Adding End midlands biome: betterend:megalake
[24Apr2026 17:44:04.578] [Render thread/INFO] [wover-generator/]: Adding End highlands biome: betterend:megalake_grove
[24Apr2026 17:44:04.578] [Render thread/INFO] [wover-generator/]: Adding End midlands biome: betterend:megalake_grove
[24Apr2026 17:44:04.578] [Render thread/INFO] [wover-generator/]: Adding End highlands biome: betterend:neon_oasis
[24Apr2026 17:44:04.578] [Render thread/INFO] [wover-generator/]: Adding End midlands biome: betterend:neon_oasis
[24Apr2026 17:44:04.578] [Render thread/INFO] [wover-generator/]: Adding Nether biome to vanilla list: betternether:nether_grasslands (ParameterPoint[temperature=0, humidity=7000, continentalness=0, erosion=0, depth=0, weirdness=0, offset=0])
[24Apr2026 17:44:04.578] [Render thread/INFO] [wover-generator/]: Adding Nether biome to vanilla list: betternether:nether_jungle (ParameterPoint[temperature=5000, humidity=8000, continentalness=0, erosion=0, depth=0, weirdness=0, offset=0])
[24Apr2026 17:44:04.578] [Render thread/INFO] [wover-generator/]: Adding Nether biome to vanilla list: betternether:nether_mushroom_forest (ParameterPoint[temperature=0, humidity=7000, continentalness=0, erosion=0, depth=0, weirdness=0, offset=0])
[24Apr2026 17:44:04.578] [Render thread/INFO] [wover-generator/]: Adding Nether biome to vanilla list: betternether:nether_mushroom_forest_edge (ParameterPoint[temperature=0, humidity=7000, continentalness=0, erosion=0, depth=0, weirdness=0, offset=1000])
[24Apr2026 17:44:04.579] [Render thread/INFO] [wover-generator/]: Adding Nether biome to vanilla list: betternether:nether_swampland (ParameterPoint[temperature=1000, humidity=8000, continentalness=0, erosion=0, depth=0, weirdness=0, offset=1000])
[24Apr2026 17:44:04.579] [Render thread/INFO] [wover-generator/]: Adding Nether biome to vanilla list: betternether:nether_swampland_terraces (ParameterPoint[temperature=800, humidity=8500, continentalness=0, erosion=0, depth=0, weirdness=0, offset=1000])
[24Apr2026 17:44:04.579] [Render thread/INFO] [wover-generator/]: Adding Nether biome to vanilla list: betternether:old_fungiwoods (ParameterPoint[temperature=0, humidity=6500, continentalness=0, erosion=0, depth=0, weirdness=0, offset=0])
[24Apr2026 17:44:04.579] [Render thread/INFO] [wover-generator/]: Adding Nether biome to vanilla list: betternether:old_swampland (ParameterPoint[temperature=1000, humidity=7500, continentalness=0, erosion=0, depth=0, weirdness=0, offset=1000])
[24Apr2026 17:44:04.579] [Render thread/INFO] [wover-generator/]: Adding Nether biome to vanilla list: betternether:old_warped_woods (ParameterPoint[temperature=0, humidity=5500, continentalness=0, erosion=0, depth=0, weirdness=0, offset=3750])
[24Apr2026 17:44:04.579] [Render thread/INFO] [wover-generator/]: Adding End highlands biome: betterend:painted_mountains
[24Apr2026 17:44:04.579] [Render thread/INFO] [wover-generator/]: Adding End midlands biome: betterend:painted_mountains
[24Apr2026 17:44:04.579] [Render thread/INFO] [wover-generator/]: Adding Nether biome to vanilla list: betternether:poor_nether_grasslands (ParameterPoint[temperature=0, humidity=3000, continentalness=0, erosion=0, depth=0, weirdness=0, offset=0])
[24Apr2026 17:44:04.579] [Render thread/INFO] [wover-generator/]: Adding End highlands biome: betterend:shadow_forest
[24Apr2026 17:44:04.579] [Render thread/INFO] [wover-generator/]: Adding End midlands biome: betterend:shadow_forest
[24Apr2026 17:44:04.579] [Render thread/INFO] [wover-generator/]: Adding Nether biome to vanilla list: betternether:soul_plain (ParameterPoint[temperature=100, humidity=-5000, continentalness=0, erosion=0, depth=0, weirdness=0, offset=0])
[24Apr2026 17:44:04.579] [Render thread/INFO] [wover-generator/]: Adding Nether biome to vanilla list: betternether:sulfuric_bone_reef (ParameterPoint[temperature=0, humidity=6000, continentalness=0, erosion=0, depth=0, weirdness=0, offset=3700])
[24Apr2026 17:44:04.579] [Render thread/INFO] [wover-generator/]: Adding End highlands biome: betterend:sulphur_springs
[24Apr2026 17:44:04.579] [Render thread/INFO] [wover-generator/]: Adding End midlands biome: betterend:sulphur_springs
[24Apr2026 17:44:04.580] [Render thread/INFO] [wover-generator/]: Adding End highlands biome: betterend:umbra_valley
[24Apr2026 17:44:04.580] [Render thread/INFO] [wover-generator/]: Adding End midlands biome: betterend:umbra_valley
[24Apr2026 17:44:04.580] [Render thread/INFO] [wover-generator/]: Adding End highlands biome: betterend:umbrella_jungle
[24Apr2026 17:44:04.580] [Render thread/INFO] [wover-generator/]: Adding End midlands biome: betterend:umbrella_jungle
[24Apr2026 17:44:04.580] [Render thread/INFO] [wover-generator/]: Adding Nether biome to vanilla list: betternether:upside_down_forest (ParameterPoint[temperature=4500, humidity=8000, continentalness=0, erosion=0, depth=0, weirdness=0, offset=1250])
[24Apr2026 17:44:04.580] [Render thread/INFO] [wover-generator/]: Adding Nether biome to vanilla list: betternether:upside_down_forest_cleared (ParameterPoint[temperature=4500, humidity=3000, continentalness=0, erosion=0, depth=0, weirdness=0, offset=1250])
[24Apr2026 17:44:04.580] [Render thread/INFO] [wover-generator/]: Adding Nether biome to vanilla list: betternether:wart_forest (ParameterPoint[temperature=-5000, humidity=5000, continentalness=0, erosion=0, depth=0, weirdness=0, offset=0])
[24Apr2026 17:44:04.580] [Render thread/INFO] [wover-generator/]: Adding Nether biome to vanilla list: betternether:wart_forest_edge (ParameterPoint[temperature=-5000, humidity=4500, continentalness=0, erosion=0, depth=0, weirdness=0, offset=0])
[24Apr2026 17:44:05.415] [Render thread/WARN] [mixin/]: Static binding violation: PRIVATE @Overwrite method readChunk in c2me-rewrites-chunk-system.mixins.json:async_serialization.MixinThreadedAnvilChunkStorage from mod c2me_rewrites_chunk_system cannot reduce visibiliy of PUBLIC target method, visibility will be upgraded.
[24Apr2026 17:44:05.448] [Render thread/INFO] [xaero.map.WorldMap/]: Fullscreen map required item set to nothing.
[24Apr2026 17:44:05.453] [Render thread/INFO] [xaero.map.WorldMap/]: New world map session initialized!
[24Apr2026 17:44:05.467] [Render thread/INFO] [xaero.hud.minimap.MinimapLogs/]: Minimap required item set to nothing.
[24Apr2026 17:44:05.467] [Render thread/INFO] [xaero.hud.minimap.MinimapLogs/]: New Xaero hud session initialized!
[24Apr2026 17:44:05.478] [Render thread/INFO] [CheckedThreadLocalRandom/]: Enforcing safe world random access
[24Apr2026 17:44:05.546] [Render thread/INFO] [Iris/]: Reloading pipeline on dimension change: minecraft:overworld => minecraft:overworld
[24Apr2026 17:44:05.546] [Render thread/INFO] [Iris/]: Destroying pipeline minecraft:overworld
[24Apr2026 17:44:05.549] [Render thread/INFO] [Iris/]: Creating pipeline for dimension minecraft:overworld
[24Apr2026 17:44:05.651] [Netty Epoll Client IO #0/WARN] [net.neoforged.neoforge.network.registration.NetworkRegistry/]: No registration for payload skinshuffle:handshake; refusing to decode.
[24Apr2026 17:44:05.950] [Render thread/INFO] [ChunkBuilder/]: Started 6 worker threads
[24Apr2026 17:44:06.015] [Render thread/INFO] [de.mrjulsen.crn.CreateRailwaysNavigator/]: Updated custom language to: (Default)
[24Apr2026 17:44:06.042] [Render thread/INFO] [flywheel/]: Started 6 worker threads
[24Apr2026 17:44:06.054] [Render thread/INFO] [dev.ryanhcode.sable.Sable/]: Received authentication request, sending response over UDP to dennis.dathost.net./213.196.27.180:17520
[24Apr2026 17:44:06.107] [Render thread/INFO] [Moonlight/]: Synced Custom World Data [supplementaries_globe_data]
[24Apr2026 17:44:06.111] [Render thread/INFO] [Supplementaries/]: Synced Captured Mobs settings
[24Apr2026 17:44:06.112] [Render thread/INFO] [Supplementaries/]: Synced Hourglass data
[24Apr2026 17:44:06.155] [Render thread/INFO] [mezz.jei.core.util.LoggedTimer/]: Starting JEI...
[24Apr2026 17:44:06.161] [Render thread/INFO] [mezz.jei.library.load.PluginCaller/]: Registering item subtypes...
[24Apr2026 17:44:06.167] [Render thread/INFO] [mezz.jei.library.load.PluginCaller/]: Registering item subtypes took 6.358 milliseconds
[24Apr2026 17:44:06.168] [Render thread/INFO] [mezz.jei.library.load.PluginCaller/]: Registering fluid subtypes...
[24Apr2026 17:44:06.169] [Render thread/INFO] [mezz.jei.library.load.PluginCaller/]: Registering fluid subtypes took 1.480 milliseconds
[24Apr2026 17:44:06.171] [Render thread/INFO] [mezz.jei.library.load.PluginCaller/]: Registering ingredients...
[24Apr2026 17:44:06.529] [Render thread/INFO] [mezz.jei.library.load.PluginCallerTimerRunnable/]: Registering ingredients: jei:minecraft took 357.6 milliseconds
[24Apr2026 17:44:06.530] [Render thread/INFO] [mezz.jei.library.load.PluginCaller/]: Registering ingredients took 358.4 milliseconds
[24Apr2026 17:44:06.530] [Render thread/INFO] [mezz.jei.library.load.PluginCaller/]: Registering extra ingredients...
[24Apr2026 17:44:06.533] [Render thread/INFO] [mezz.jei.library.load.PluginCaller/]: Registering extra ingredients took 3.429 milliseconds
[24Apr2026 17:44:06.534] [Render thread/INFO] [mezz.jei.library.load.PluginCaller/]: Registering search ingredient aliases...
[24Apr2026 17:44:06.535] [Render thread/INFO] [mezz.jei.library.load.PluginCaller/]: Registering search ingredient aliases took 1.227 milliseconds
[24Apr2026 17:44:06.547] [Render thread/INFO] [mezz.jei.library.load.PluginCaller/]: Registering Mod Info...
[24Apr2026 17:44:06.548] [Render thread/INFO] [mezz.jei.library.load.PluginCaller/]: Registering Mod Info took 573.2 microseconds
[24Apr2026 17:44:06.552] [Render thread/INFO] [mezz.jei.library.load.PluginCaller/]: Registering categories...
[24Apr2026 17:44:06.585] [Render thread/INFO] [mezz.jei.library.load.PluginCallerTimerRunnable/]: Registering categories: create:jei_plugin took 12.90 milliseconds
[24Apr2026 17:44:06.592] [Render thread/INFO] [mezz.jei.library.load.PluginCaller/]: Registering categories took 39.96 milliseconds
[24Apr2026 17:44:06.592] [Render thread/INFO] [mezz.jei.library.load.PluginCaller/]: Registering vanilla category extensions...
[24Apr2026 17:44:06.594] [Render thread/INFO] [mezz.jei.library.load.PluginCaller/]: Registering vanilla category extensions took 1.988 milliseconds
[24Apr2026 17:44:06.595] [Render thread/INFO] [mezz.jei.library.load.PluginCaller/]: Registering recipe catalysts...
[24Apr2026 17:44:06.598] [Render thread/INFO] [mezz.jei.library.load.PluginCaller/]: Registering recipe catalysts took 3.392 milliseconds
[24Apr2026 17:44:06.598] [Render thread/INFO] [mezz.jei.core.util.LoggedTimer/]: Building recipe registry...
[24Apr2026 17:44:06.605] [Render thread/INFO] [mezz.jei.core.util.LoggedTimer/]: Building recipe registry took 6.433 milliseconds
[24Apr2026 17:44:06.606] [Render thread/INFO] [mezz.jei.library.load.PluginCaller/]: Registering advanced plugins...
[24Apr2026 17:44:06.607] [Render thread/INFO] [mezz.jei.library.load.registration.AdvancedRegistration/]: Added recipe manager plugin: class dan200.computercraft.client.integration.jei.RecipeResolver
[24Apr2026 17:44:06.607] [Render thread/INFO] [mezz.jei.library.load.registration.AdvancedRegistration/]: Added recipe category decorator: class com.almostreliable.unified.compat.viewer.AlmostJEI$Decorator for recipe type: minecraft:crafting
[24Apr2026 17:44:06.607] [Render thread/INFO] [mezz.jei.library.load.registration.AdvancedRegistration/]: Added recipe category decorator: class com.almostreliable.unified.compat.viewer.AlmostJEI$Decorator for recipe type: minecraft:stonecutting
[24Apr2026 17:44:06.607] [Render thread/INFO] [mezz.jei.library.load.registration.AdvancedRegistration/]: Added recipe category decorator: class com.almostreliable.unified.compat.viewer.AlmostJEI$Decorator for recipe type: minecraft:smelting
[24Apr2026 17:44:06.608] [Render thread/INFO] [mezz.jei.library.load.registration.AdvancedRegistration/]: Added recipe category decorator: class com.almostreliable.unified.compat.viewer.AlmostJEI$Decorator for recipe type: minecraft:smoking
[24Apr2026 17:44:06.608] [Render thread/INFO] [mezz.jei.library.load.registration.AdvancedRegistration/]: Added recipe category decorator: class com.almostreliable.unified.compat.viewer.AlmostJEI$Decorator for recipe type: minecraft:blasting
[24Apr2026 17:44:06.608] [Render thread/INFO] [mezz.jei.library.load.registration.AdvancedRegistration/]: Added recipe category decorator: class com.almostreliable.unified.compat.viewer.AlmostJEI$Decorator for recipe type: minecraft:campfire_cooking
[24Apr2026 17:44:06.608] [Render thread/INFO] [mezz.jei.library.load.registration.AdvancedRegistration/]: Added recipe category decorator: class com.almostreliable.unified.compat.viewer.AlmostJEI$Decorator for recipe type: minecraft:smithing
[24Apr2026 17:44:06.608] [Render thread/INFO] [mezz.jei.library.load.registration.AdvancedRegistration/]: Added recipe category decorator: class com.almostreliable.unified.compat.viewer.AlmostJEI$Decorator for recipe type: minecraft:compostable
[24Apr2026 17:44:06.608] [Render thread/INFO] [mezz.jei.library.load.registration.AdvancedRegistration/]: Added recipe category decorator: class com.almostreliable.unified.compat.viewer.AlmostJEI$Decorator for recipe type: minecraft:fuel
[24Apr2026 17:44:06.608] [Render thread/INFO] [mezz.jei.library.load.registration.AdvancedRegistration/]: Added recipe category decorator: class com.almostreliable.unified.compat.viewer.AlmostJEI$Decorator for recipe type: minecraft:brewing
[24Apr2026 17:44:06.608] [Render thread/INFO] [mezz.jei.library.load.registration.AdvancedRegistration/]: Added recipe category decorator: class com.almostreliable.unified.compat.viewer.AlmostJEI$Decorator for recipe type: minecraft:anvil
[24Apr2026 17:44:06.608] [Render thread/INFO] [mezz.jei.library.load.registration.AdvancedRegistration/]: Added recipe category decorator: class com.almostreliable.unified.compat.viewer.AlmostJEI$Decorator for recipe type: minecraft:grindstone
[24Apr2026 17:44:06.608] [Render thread/INFO] [mezz.jei.library.load.registration.AdvancedRegistration/]: Added recipe category decorator: class com.almostreliable.unified.compat.viewer.AlmostJEI$Decorator for recipe type: betternether:forge
[24Apr2026 17:44:06.608] [Render thread/INFO] [mezz.jei.library.load.registration.AdvancedRegistration/]: Added recipe category decorator: class com.almostreliable.unified.compat.viewer.AlmostJEI$Decorator for recipe type: createdieselgenerators:basin_fermenting
[24Apr2026 17:44:06.608] [Render thread/INFO] [mezz.jei.library.load.registration.AdvancedRegistration/]: Added recipe category decorator: class com.almostreliable.unified.compat.viewer.AlmostJEI$Decorator for recipe type: createdieselgenerators:bulk_fermenting
[24Apr2026 17:44:06.608] [Render thread/INFO] [mezz.jei.library.load.registration.AdvancedRegistration/]: Added recipe category decorator: class com.almostreliable.unified.compat.viewer.AlmostJEI$Decorator for recipe type: createdieselgenerators:compression_molding
[24Apr2026 17:44:06.608] [Render thread/INFO] [mezz.jei.library.load.registration.AdvancedRegistration/]: Added recipe category decorator: class com.almostreliable.unified.compat.viewer.AlmostJEI$Decorator for recipe type: createdieselgenerators:casting
[24Apr2026 17:44:06.608] [Render thread/INFO] [mezz.jei.library.load.registration.AdvancedRegistration/]: Added recipe category decorator: class com.almostreliable.unified.compat.viewer.AlmostJEI$Decorator for recipe type: createdieselgenerators:distillation
[24Apr2026 17:44:06.608] [Render thread/INFO] [mezz.jei.library.load.registration.AdvancedRegistration/]: Added recipe category decorator: class com.almostreliable.unified.compat.viewer.AlmostJEI$Decorator for recipe type: createdieselgenerators:hammering
[24Apr2026 17:44:06.608] [Render thread/INFO] [mezz.jei.library.load.registration.AdvancedRegistration/]: Added recipe category decorator: class com.almostreliable.unified.compat.viewer.AlmostJEI$Decorator for recipe type: createdieselgenerators:wire_cutting
[24Apr2026 17:44:06.608] [Render thread/INFO] [mezz.jei.library.load.registration.AdvancedRegistration/]: Added recipe category decorator: class com.almostreliable.unified.compat.viewer.AlmostJEI$Decorator for recipe type: create_new_age:energising
[24Apr2026 17:44:06.608] [Render thread/INFO] [mezz.jei.library.load.registration.AdvancedRegistration/]: Added recipe category decorator: class com.almostreliable.unified.compat.viewer.AlmostJEI$Decorator for recipe type: farmersdelight:cooking
[24Apr2026 17:44:06.608] [Render thread/INFO] [mezz.jei.library.load.registration.AdvancedRegistration/]: Added recipe category decorator: class com.almostreliable.unified.compat.viewer.AlmostJEI$Decorator for recipe type: farmersdelight:cutting
[24Apr2026 17:44:06.608] [Render thread/INFO] [mezz.jei.library.load.registration.AdvancedRegistration/]: Added recipe category decorator: class com.almostreliable.unified.compat.viewer.AlmostJEI$Decorator for recipe type: farmersdelight:decomposition
[24Apr2026 17:44:06.608] [Render thread/INFO] [mezz.jei.library.load.registration.AdvancedRegistration/]: Added recipe category decorator: class com.almostreliable.unified.compat.viewer.AlmostJEI$Decorator for recipe type: trading_floor:potential_villager_trade
[24Apr2026 17:44:06.608] [Render thread/INFO] [mezz.jei.library.load.registration.AdvancedRegistration/]: Added recipe category decorator: class com.almostreliable.unified.compat.viewer.AlmostJEI$Decorator for recipe type: rechiseled:chiseling
[24Apr2026 17:44:06.608] [Render thread/INFO] [mezz.jei.library.load.registration.AdvancedRegistration/]: Added recipe category decorator: class com.almostreliable.unified.compat.viewer.AlmostJEI$Decorator for recipe type: justenoughbreeding:breeding
[24Apr2026 17:44:06.608] [Render thread/INFO] [mezz.jei.library.load.registration.AdvancedRegistration/]: Added recipe category decorator: class com.almostreliable.unified.compat.viewer.AlmostJEI$Decorator for recipe type: create:milling
[24Apr2026 17:44:06.608] [Render thread/INFO] [mezz.jei.library.load.registration.AdvancedRegistration/]: Added recipe category decorator: class com.almostreliable.unified.compat.viewer.AlmostJEI$Decorator for recipe type: create:crushing
[24Apr2026 17:44:06.608] [Render thread/INFO] [mezz.jei.library.load.registration.AdvancedRegistration/]: Added recipe category decorator: class com.almostreliable.unified.compat.viewer.AlmostJEI$Decorator for recipe type: create:pressing
[24Apr2026 17:44:06.608] [Render thread/INFO] [mezz.jei.library.load.registration.AdvancedRegistration/]: Added recipe category decorator: class com.almostreliable.unified.compat.viewer.AlmostJEI$Decorator for recipe type: create:fan_washing
[24Apr2026 17:44:06.608] [Render thread/INFO] [mezz.jei.library.load.registration.AdvancedRegistration/]: Added recipe category decorator: class com.almostreliable.unified.compat.viewer.AlmostJEI$Decorator for recipe type: create:fan_smoking
[24Apr2026 17:44:06.608] [Render thread/INFO] [mezz.jei.library.load.registration.AdvancedRegistration/]: Added recipe category decorator: class com.almostreliable.unified.compat.viewer.AlmostJEI$Decorator for recipe type: create:fan_blasting
[24Apr2026 17:44:06.608] [Render thread/INFO] [mezz.jei.library.load.registration.AdvancedRegistration/]: Added recipe category decorator: class com.almostreliable.unified.compat.viewer.AlmostJEI$Decorator for recipe type: create:fan_haunting
[24Apr2026 17:44:06.608] [Render thread/INFO] [mezz.jei.library.load.registration.AdvancedRegistration/]: Added recipe category decorator: class com.almostreliable.unified.compat.viewer.AlmostJEI$Decorator for recipe type: create:mixing
[24Apr2026 17:44:06.608] [Render thread/INFO] [mezz.jei.library.load.registration.AdvancedRegistration/]: Added recipe category decorator: class com.almostreliable.unified.compat.viewer.AlmostJEI$Decorator for recipe type: create:automatic_shapeless
[24Apr2026 17:44:06.608] [Render thread/INFO] [mezz.jei.library.load.registration.AdvancedRegistration/]: Added recipe category decorator: class com.almostreliable.unified.compat.viewer.AlmostJEI$Decorator for recipe type: create:automatic_brewing
[24Apr2026 17:44:06.608] [Render thread/INFO] [mezz.jei.library.load.registration.AdvancedRegistration/]: Added recipe category decorator: class com.almostreliable.unified.compat.viewer.AlmostJEI$Decorator for recipe type: create:packing
[24Apr2026 17:44:06.608] [Render thread/INFO] [mezz.jei.library.load.registration.AdvancedRegistration/]: Added recipe category decorator: class com.almostreliable.unified.compat.viewer.AlmostJEI$Decorator for recipe type: create:automatic_packing
[24Apr2026 17:44:06.608] [Render thread/INFO] [mezz.jei.library.load.registration.AdvancedRegistration/]: Added recipe category decorator: class com.almostreliable.unified.compat.viewer.AlmostJEI$Decorator for recipe type: create:sawing
[24Apr2026 17:44:06.608] [Render thread/INFO] [mezz.jei.library.load.registration.AdvancedRegistration/]: Added recipe category decorator: class com.almostreliable.unified.compat.viewer.AlmostJEI$Decorator for recipe type: create:block_cutting
[24Apr2026 17:44:06.608] [Render thread/INFO] [mezz.jei.library.load.registration.AdvancedRegistration/]: Added recipe category decorator: class com.almostreliable.unified.compat.viewer.AlmostJEI$Decorator for recipe type: create:sandpaper_polishing
[24Apr2026 17:44:06.608] [Render thread/INFO] [mezz.jei.library.load.registration.AdvancedRegistration/]: Added recipe category decorator: class com.almostreliable.unified.compat.viewer.AlmostJEI$Decorator for recipe type: create:item_application
[24Apr2026 17:44:06.608] [Render thread/INFO] [mezz.jei.library.load.registration.AdvancedRegistration/]: Added recipe category decorator: class com.almostreliable.unified.compat.viewer.AlmostJEI$Decorator for recipe type: create:deploying
[24Apr2026 17:44:06.608] [Render thread/INFO] [mezz.jei.library.load.registration.AdvancedRegistration/]: Added recipe category decorator: class com.almostreliable.unified.compat.viewer.AlmostJEI$Decorator for recipe type: create:spout_filling
[24Apr2026 17:44:06.608] [Render thread/INFO] [mezz.jei.library.load.registration.AdvancedRegistration/]: Added recipe category decorator: class com.almostreliable.unified.compat.viewer.AlmostJEI$Decorator for recipe type: create:draining
[24Apr2026 17:44:06.608] [Render thread/INFO] [mezz.jei.library.load.registration.AdvancedRegistration/]: Added recipe category decorator: class com.almostreliable.unified.compat.viewer.AlmostJEI$Decorator for recipe type: create:automatic_shaped
[24Apr2026 17:44:06.608] [Render thread/INFO] [mezz.jei.library.load.registration.AdvancedRegistration/]: Added recipe category decorator: class com.almostreliable.unified.compat.viewer.AlmostJEI$Decorator for recipe type: create:mechanical_crafting
[24Apr2026 17:44:06.608] [Render thread/INFO] [mezz.jei.library.load.registration.AdvancedRegistration/]: Added recipe category decorator: class com.almostreliable.unified.compat.viewer.AlmostJEI$Decorator for recipe type: create:sequenced_assembly
[24Apr2026 17:44:06.608] [Render thread/INFO] [mezz.jei.library.load.registration.AdvancedRegistration/]: Added recipe category decorator: class com.almostreliable.unified.compat.viewer.AlmostJEI$Decorator for recipe type: create:mystery_conversion
[24Apr2026 17:44:06.608] [Render thread/INFO] [mezz.jei.library.load.registration.AdvancedRegistration/]: Added recipe category decorator: class com.almostreliable.unified.compat.viewer.AlmostJEI$Decorator for recipe type: sliceanddice:slicer
[24Apr2026 17:44:06.608] [Render thread/INFO] [mezz.jei.library.load.registration.AdvancedRegistration/]: Added recipe category decorator: class com.almostreliable.unified.compat.viewer.AlmostJEI$Decorator for recipe type: create:fan_dragon_breathing
[24Apr2026 17:44:06.608] [Render thread/INFO] [mezz.jei.library.load.registration.AdvancedRegistration/]: Added recipe category decorator: class com.almostreliable.unified.compat.viewer.AlmostJEI$Decorator for recipe type: create:fan_freezing
[24Apr2026 17:44:06.608] [Render thread/INFO] [mezz.jei.library.load.registration.AdvancedRegistration/]: Added recipe category decorator: class com.almostreliable.unified.compat.viewer.AlmostJEI$Decorator for recipe type: create:fan_sanding
[24Apr2026 17:44:06.608] [Render thread/INFO] [mezz.jei.library.load.registration.AdvancedRegistration/]: Added recipe category decorator: class com.almostreliable.unified.compat.viewer.AlmostJEI$Decorator for recipe type: create:fan_seething
[24Apr2026 17:44:06.608] [Render thread/INFO] [mezz.jei.library.load.registration.AdvancedRegistration/]: Added recipe category decorator: class com.almostreliable.unified.compat.viewer.AlmostJEI$Decorator for recipe type: dndesires:hydraulic_compacting
[24Apr2026 17:44:06.608] [Render thread/INFO] [mezz.jei.library.load.registration.AdvancedRegistration/]: Added recipe category decorator: class com.almostreliable.unified.compat.viewer.AlmostJEI$Decorator for recipe type: expandeddelight:juicing
[24Apr2026 17:44:06.608] [Render thread/INFO] [mezz.jei.library.load.registration.AdvancedRegistration/]: Added recipe category decorator: class com.almostreliable.unified.compat.viewer.AlmostJEI$Decorator for recipe type: expandeddelight:cheese_fermenting
[24Apr2026 17:44:06.608] [Render thread/INFO] [mezz.jei.library.load.registration.AdvancedRegistration/]: Added recipe category decorator: class com.almostreliable.unified.compat.viewer.AlmostJEI$Decorator for recipe type: justenoughprofessions:professions
[24Apr2026 17:44:06.608] [Render thread/INFO] [mezz.jei.library.load.registration.AdvancedRegistration/]: Added recipe category decorator: class com.almostreliable.unified.compat.viewer.AlmostJEI$Decorator for recipe type: betterend:alloying
[24Apr2026 17:44:06.608] [Render thread/INFO] [mezz.jei.library.load.registration.AdvancedRegistration/]: Added recipe category decorator: class com.almostreliable.unified.compat.viewer.AlmostJEI$Decorator for recipe type: betterend:anvil
[24Apr2026 17:44:06.608] [Render thread/INFO] [mezz.jei.library.load.registration.AdvancedRegistration/]: Added recipe category decorator: class com.almostreliable.unified.compat.viewer.AlmostJEI$Decorator for recipe type: betterend:infusion
[24Apr2026 17:44:06.608] [Render thread/INFO] [mezz.jei.library.load.registration.AdvancedRegistration/]: Added recipe category decorator: class com.almostreliable.unified.compat.viewer.AlmostJEI$Decorator for recipe type: jei:information
[24Apr2026 17:44:06.609] [Render thread/INFO] [mezz.jei.library.load.PluginCaller/]: Registering advanced plugins took 2.838 milliseconds
[24Apr2026 17:44:06.609] [Render thread/INFO] [mezz.jei.library.load.PluginCaller/]: Registering recipes...
[24Apr2026 17:44:06.939] [Render thread/INFO] [mezz.jei.library.load.PluginCallerTimerRunnable/]: Registering recipes: jei:minecraft took 329.1 milliseconds
[24Apr2026 17:44:06.946] [Render thread/INFO] [mezz.jei.library.ingredients.IngredientManager/]: Ingredients are being removed at runtime: 319 net.minecraft.world.item.ItemStack
[24Apr2026 17:44:06.969] [Render thread/INFO] [mezz.jei.library.load.PluginCallerTimerRunnable/]: Registering recipes: supplementaries:jei_plugin took 11.06 milliseconds
[24Apr2026 17:44:07.101] [Render thread/INFO] [mezz.jei.library.load.PluginCallerTimerRunnable/]: Registering recipes: farmersdelight:jei_plugin took 132.5 milliseconds
[24Apr2026 17:44:07.273] [Render thread/INFO] [mezz.jei.library.load.PluginCallerTimerRunnable/]: Registering recipes: create:jei_plugin took 151.5 milliseconds
[24Apr2026 17:44:07.294] [Render thread/INFO] [mezz.jei.library.load.PluginCallerTimerRunnable/]: Registering recipes: zeta:zeta took 12.51 milliseconds
[24Apr2026 17:44:07.310] [Render thread/INFO] [mezz.jei.library.load.PluginCallerTimerRunnable/]: Registering recipes: betterend:jei_plugin took 15.25 milliseconds
[24Apr2026 17:44:07.310] [Render thread/INFO] [mezz.jei.library.load.PluginCaller/]: Registering recipes took 701.2 milliseconds
[24Apr2026 17:44:07.320] [Render thread/INFO] [mezz.jei.library.load.PluginCaller/]: Registering recipes transfer handlers...
[24Apr2026 17:44:07.324] [Render thread/INFO] [mezz.jei.library.load.PluginCaller/]: Registering recipes transfer handlers took 3.635 milliseconds
[24Apr2026 17:44:07.325] [Render thread/INFO] [mezz.jei.core.util.LoggedTimer/]: Building runtime...
[24Apr2026 17:44:07.326] [Render thread/INFO] [mezz.jei.library.load.PluginCaller/]: Registering gui handlers...
[24Apr2026 17:44:07.331] [Render thread/INFO] [mezz.jei.library.load.PluginCaller/]: Registering gui handlers took 5.002 milliseconds
[24Apr2026 17:44:07.332] [Render thread/INFO] [mezz.jei.library.load.PluginCaller/]: Registering Runtime...
[24Apr2026 17:44:07.333] [Render thread/INFO] [mezz.jei.gui.startup.JeiGuiStarter/]: Starting JEI GUI
[24Apr2026 17:44:07.333] [Render thread/INFO] [mezz.jei.core.util.LoggedTimer/]: Building ingredient list...
[24Apr2026 17:44:07.373] [Render thread/INFO] [mezz.jei.core.util.LoggedTimer/]: Building ingredient list took 39.74 milliseconds
[24Apr2026 17:44:07.373] [Render thread/INFO] [mezz.jei.core.util.LoggedTimer/]: Building ingredient filter...
[24Apr2026 17:44:07.395] [Render thread/INFO] [mezz.jei.gui.ingredients.IngredientFilter/]: Adding 10403 ingredients
[24Apr2026 17:44:08.355] [Render thread/INFO] [mezz.jei.gui.ingredients.IngredientFilter/]: Added 10403 ingredients
[24Apr2026 17:44:08.356] [Render thread/INFO] [mezz.jei.core.util.LoggedTimer/]: Building ingredient filter took 982.8 milliseconds
[24Apr2026 17:44:08.424] [Render thread/INFO] [mezz.jei.library.load.PluginCallerTimerRunnable/]: Registering Runtime: jei:neoforge_gui took 1.092 seconds
[24Apr2026 17:44:08.424] [Render thread/INFO] [mezz.jei.library.load.PluginCaller/]: Registering Runtime took 1.092 seconds
[24Apr2026 17:44:08.425] [Render thread/INFO] [mezz.jei.core.util.LoggedTimer/]: Building runtime took 1.100 seconds
[24Apr2026 17:44:08.425] [Render thread/INFO] [mezz.jei.library.load.PluginCaller/]: Sending Runtime...
[24Apr2026 17:44:08.426] [Render thread/INFO] [mezz.jei.library.ingredients.IngredientManager/]: Ingredients are being added at runtime: 58 net.minecraft.world.item.ItemStack
[24Apr2026 17:44:08.431] [Render thread/INFO] [mezz.jei.library.load.PluginCaller/]: Sending Runtime took 6.436 milliseconds
[24Apr2026 17:44:08.431] [Render thread/INFO] [mezz.jei.core.util.LoggedTimer/]: Starting JEI took 2.276 seconds
[24Apr2026 17:44:08.471] [Render thread/INFO] [xaero.hud.minimap.MinimapLogs/]: Minimap updated server level id: -631999741 for world ResourceKey[minecraft:dimension / minecraft:overworld]
[24Apr2026 17:44:08.480] [Render thread/INFO] [Moonlight/]: Synced supplementaries-common.toml configs
[24Apr2026 17:44:08.481] [Render thread/INFO] [Moonlight/]: Synced moonlight-common.toml configs
[24Apr2026 17:44:08.482] [Render thread/INFO] [snownee.jade.Jade/]: Received config from the server: {}
[24Apr2026 17:44:08.487] [Render thread/INFO] [net.minecraft.client.gui.components.ChatComponent/]: [System] [CHAT] Welcome, Bigh2011x! Use /login <password> to authenticate.
[24Apr2026 17:44:08.498] [Render thread/INFO] [mezz.jei.library.ingredients.IngredientManager/]: Ingredients are being removed at runtime: 54 net.minecraft.world.item.ItemStack
[24Apr2026 17:44:08.500] [Render thread/INFO] [mezz.jei.library.ingredients.IngredientManager/]: Ingredients are being added at runtime: 50 net.minecraft.world.item.ItemStack
[24Apr2026 17:44:08.500] [Render thread/INFO] [mezz.jei.library.ingredients.IngredientManager/]: Ingredients are being removed at runtime: 54 net.minecraft.world.item.ItemStack
[24Apr2026 17:44:08.500] [Render thread/INFO] [mezz.jei.library.ingredients.IngredientManager/]: Ingredients are being added at runtime: 50 net.minecraft.world.item.ItemStack
[24Apr2026 17:44:08.501] [Render thread/INFO] [net.minecraft.client.gui.components.ChatComponent/]: [System] [CHAT] [Chunky Offline] Paused.
[24Apr2026 17:44:08.619] [Render thread/INFO] [net.minecraft.advancements.AdvancementTree/]: Loaded 7810 advancements
[24Apr2026 17:44:08.761] [Render thread/INFO] [net.minecraft.advancements.AdvancementTree/]: Loaded 7827 advancements
[24Apr2026 17:44:08.836] [Render thread/INFO] [mezz.jei.library.ingredients.IngredientManager/]: Ingredients are being removed at runtime: 27 net.minecraft.world.item.ItemStack
[24Apr2026 17:44:08.837] [Render thread/INFO] [mezz.jei.library.ingredients.IngredientManager/]: Ingredients are being removed at runtime: 18 net.minecraft.world.item.ItemStack
[24Apr2026 17:44:08.837] [Render thread/INFO] [mezz.jei.library.ingredients.IngredientManager/]: Ingredients are being added at runtime: 27 net.minecraft.world.item.ItemStack
[24Apr2026 17:44:08.838] [Render thread/INFO] [mezz.jei.library.ingredients.IngredientManager/]: Ingredients are being added at runtime: 18 net.minecraft.world.item.ItemStack
[24Apr2026 17:44:08.838] [Render thread/INFO] [mezz.jei.library.ingredients.IngredientManager/]: Ingredients are being removed at runtime: 27 net.minecraft.world.item.ItemStack
[24Apr2026 17:44:08.838] [Render thread/INFO] [mezz.jei.library.ingredients.IngredientManager/]: Ingredients are being removed at runtime: 18 net.minecraft.world.item.ItemStack
[24Apr2026 17:44:08.838] [Render thread/INFO] [mezz.jei.library.ingredients.IngredientManager/]: Ingredients are being added at runtime: 27 net.minecraft.world.item.ItemStack
[24Apr2026 17:44:08.839] [Render thread/INFO] [mezz.jei.library.ingredients.IngredientManager/]: Ingredients are being added at runtime: 18 net.minecraft.world.item.ItemStack
[24Apr2026 17:44:09.014] [Render thread/INFO] [ChunkBuilder/]: Stopping worker threads
[24Apr2026 17:44:09.017] [Render thread/INFO] [ChunkBuilder/]: Started 6 worker threads
[24Apr2026 17:44:09.088] [Render thread/WARN] [Iris/]: Error while parsing the block ID map entry for "block.10003":
[24Apr2026 17:44:09.088] [Render thread/WARN] [Iris/]: - The block farmersdelight:rice has no property with the name half, ignoring!
[24Apr2026 17:44:09.088] [Render thread/WARN] [Iris/]: Error while parsing the block ID map entry for "block.10004":
[24Apr2026 17:44:09.088] [Render thread/WARN] [Iris/]: - The block farmersdelight:rice_panicles has no property with the name half, ignoring!
[24Apr2026 17:44:09.102] [Render thread/INFO] [ChunkBuilder/]: Stopping worker threads
[24Apr2026 17:44:09.105] [Render thread/INFO] [ChunkBuilder/]: Started 6 worker threads
[24Apr2026 17:44:09.248] [Render thread/INFO] [Veil/]: Multi-Bind supported, using core
[24Apr2026 17:44:09.325] [Render thread/INFO] [xaero.hud.minimap.MinimapLogs/]: Reloading radar icon resources...
[24Apr2026 17:44:09.335] [Render thread/INFO] [xaero.hud.minimap.MinimapLogs/]: Reloaded radar icon resources!
[24Apr2026 17:44:09.375] [Render thread/INFO] [STDOUT/]: [net.caffeinemc.mods.lithium.common.block.TrackedBlockStatePredicate:<clinit>:13]: Lithium Cached BlockState Flags are disabled!
[24Apr2026 17:44:09.565] [Render thread/INFO] [irisflw/]: GLSL version adjusted: 400  compatibility to 400 compatibility
[24Apr2026 17:44:09.565] [Render thread/INFO] [irisflw/]: Parsing GLSL source:
#version 400 compatibility




[24Apr2026 17:44:09.627] [Render thread/ERROR] [irisflw/]: Fail to compile shader
net.irisshaders.iris.helpers.FakeChainedJsonException: Invalid shaders/core/gbuffers_flw_pipeline/iris_instancing/create_instance_rotating/flywheel_material_default_embedded_pipeline/iris_instancing/frag/flywheel_material_default/flywheel_light_smooth_when_embedded_embedded_0.json: 
	at TRANSFORMER/minecraft@1.21.1/net.minecraft.server.ChainedJsonException.handler$zmp000$iris$changeShaderParseException(ChainedJsonException.java:516) ~[client-1.21.1-20240808.144430-srg.jar%23274!/:?]
	at TRANSFORMER/minecraft@1.21.1/net.minecraft.server.ChainedJsonException.forException(ChainedJsonException.java) ~[client-1.21.1-20240808.144430-srg.jar%23274!/:?]
	at TRANSFORMER/minecraft@1.21.1/net.minecraft.client.renderer.ShaderInstance.<init>(ShaderInstance.java:157) ~[client-1.21.1-20240808.144430-srg.jar%23274!/:?]
	at TRANSFORMER/minecraft@1.21.1/net.minecraft.client.renderer.ShaderInstance.<init>(ShaderInstance.java:99) ~[client-1.21.1-20240808.144430-srg.jar%23274!/:?]
	at TRANSFORMER/iris@1.8.12-snapshot+mc1.21.1-local/net.irisshaders.iris.pipeline.programs.ExtendedShader.<init>(ExtendedShader.java:81) ~[iris-neoforge-1.8.12+mc1.21.1.jar%23317!/:?]
	at TRANSFORMER/iris@1.8.12-snapshot+mc1.21.1-local/net.irisshaders.iris.pipeline.programs.ShaderCreator.create(ShaderCreator.java:133) ~[iris-neoforge-1.8.12+mc1.21.1.jar%23317!/:?]
	at TRANSFORMER/iris@1.8.12-snapshot+mc1.21.1-local/net.irisshaders.iris.pipeline.IrisRenderingPipeline.createShader(IrisRenderingPipeline.java:673) ~[iris-neoforge-1.8.12+mc1.21.1.jar%23317!/:?]
	at TRANSFORMER/iris@1.8.12-snapshot+mc1.21.1-local/net.irisshaders.iris.pipeline.IrisRenderingPipeline.callCreateShader(IrisRenderingPipeline.java) ~[iris-neoforge-1.8.12+mc1.21.1.jar%23317!/:?]
	at TRANSFORMER/irisflw@2.2.0/top.leonx.irisflw.backend.IrisProgramLinker.createWorldProgramBySource(IrisProgramLinker.java:160) ~[iris-flywheel-compat-NeoForge-2.2.0.jar%23316!/:?]
	at TRANSFORMER/irisflw@2.2.0/top.leonx.irisflw.backend.IrisProgramLinker.getIrisShaderLinkResult(IrisProgramLinker.java:146) ~[iris-flywheel-compat-NeoForge-2.2.0.jar%23316!/:?]
	at TRANSFORMER/irisflw@2.2.0/top.leonx.irisflw.backend.IrisProgramLinker.linkInternal(IrisProgramLinker.java:97) ~[iris-flywheel-compat-NeoForge-2.2.0.jar%23316!/:?]
	at TRANSFORMER/irisflw@2.2.0/top.leonx.irisflw.backend.IrisProgramLinker.link(IrisProgramLinker.java:69) ~[iris-flywheel-compat-NeoForge-2.2.0.jar%23316!/:?]
	at TRANSFORMER/flywheel@1.0.6/dev.engine_room.flywheel.backend.compile.core.Compile$ProgramStitcher.compile(Compile.java:186) ~[neoforge.jar%23490!/:?]
	at TRANSFORMER/irisflw@2.2.0/top.leonx.irisflw.backend.IrisCompilationHarness.compile(IrisCompilationHarness.java:43) ~[iris-flywheel-compat-NeoForge-2.2.0.jar%23316!/:?]
	at java.base/java.util.HashMap.computeIfAbsent(HashMap.java:1228) ~[?:?]
	at TRANSFORMER/irisflw@2.2.0/top.leonx.irisflw.backend.IrisCompilationHarness.get(IrisCompilationHarness.java:32) ~[iris-flywheel-compat-NeoForge-2.2.0.jar%23316!/:?]
	at TRANSFORMER/irisflw@2.2.0/top.leonx.irisflw.backend.IrisPipelineCompiler.get(IrisPipelineCompiler.java:64) ~[iris-flywheel-compat-NeoForge-2.2.0.jar%23316!/:?]
	at TRANSFORMER/irisflw@2.2.0/top.leonx.irisflw.backend.IrisInstancingPrograms.get(IrisInstancingPrograms.java:77) ~[iris-flywheel-compat-NeoForge-2.2.0.jar%23316!/:?]
	at TRANSFORMER/irisflw@2.2.0/top.leonx.irisflw.backend.IrisInstancedDrawManager.submitDraws(IrisInstancedDrawManager.java:150) ~[iris-flywheel-compat-NeoForge-2.2.0.jar%23316!/:?]
	at TRANSFORMER/irisflw@2.2.0/top.leonx.irisflw.backend.IrisInstancedDrawManager.render(IrisInstancedDrawManager.java:114) ~[iris-flywheel-compat-NeoForge-2.2.0.jar%23316!/:?]
	at TRANSFORMER/flywheel@1.0.6/dev.engine_room.flywheel.backend.engine.EngineImpl.render(EngineImpl.java:93) ~[neoforge.jar%23490!/:?]
	at TRANSFORMER/flywheel@1.0.6/dev.engine_room.flywheel.impl.visualization.VisualizationManagerImpl.render(VisualizationManagerImpl.java:276) ~[neoforge.jar%23490!/:?]
	at TRANSFORMER/flywheel@1.0.6/dev.engine_room.flywheel.impl.visualization.VisualizationManagerImpl$RenderDispatcherImpl.afterEntities(VisualizationManagerImpl.java:372) ~[neoforge.jar%23490!/:?]
	at TRANSFORMER/minecraft@1.21.1/net.minecraft.client.renderer.LevelRenderer.handler$eln000$flywheel$beforeBlockEntities(LevelRenderer.java:27262) ~[client-1.21.1-20240808.144430-srg.jar%23274!/:?]
	at TRANSFORMER/minecraft@1.21.1/net.minecraft.client.renderer.LevelRenderer.renderLevel(LevelRenderer.java:1046) ~[client-1.21.1-20240808.144430-srg.jar%23274!/:?]
	at TRANSFORMER/minecraft@1.21.1/net.minecraft.client.renderer.GameRenderer.renderLevel(GameRenderer.java:1271) ~[client-1.21.1-20240808.144430-srg.jar%23274!/:?]
	at TRANSFORMER/minecraft@1.21.1/net.minecraft.client.renderer.GameRenderer.render(GameRenderer.java:1024) ~[client-1.21.1-20240808.144430-srg.jar%23274!/:?]
	at TRANSFORMER/minecraft@1.21.1/net.minecraft.client.Minecraft.runTick(Minecraft.java:1195) ~[client-1.21.1-20240808.144430-srg.jar%23274!/:?]
	at TRANSFORMER/minecraft@1.21.1/net.minecraft.client.Minecraft.run(Minecraft.java:807) ~[client-1.21.1-20240808.144430-srg.jar%23274!/:?]
	at TRANSFORMER/minecraft@1.21.1/net.minecraft.client.main.Main.main(Main.java:230) ~[client-1.21.1-20240808.144430-srg.jar%23274!/:?]
	at java.base/jdk.internal.reflect.DirectMethodHandleAccessor.invoke(DirectMethodHandleAccessor.java:103) ~[?:?]
	at java.base/java.lang.reflect.Method.invoke(Method.java:580) ~[?:?]
	at MC-BOOTSTRAP/fml_loader@4.0.42/net.neoforged.fml.loading.targets.CommonLaunchHandler.runTarget(CommonLaunchHandler.java:136) ~[loader-4.0.42.jar%23149!/:4.0]
	at MC-BOOTSTRAP/fml_loader@4.0.42/net.neoforged.fml.loading.targets.CommonLaunchHandler.clientService(CommonLaunchHandler.java:124) ~[loader-4.0.42.jar%23149!/:4.0]
	at MC-BOOTSTRAP/fml_loader@4.0.42/net.neoforged.fml.loading.targets.CommonClientLaunchHandler.runService(CommonClientLaunchHandler.java:32) ~[loader-4.0.42.jar%23149!/:4.0]
	at MC-BOOTSTRAP/fml_loader@4.0.42/net.neoforged.fml.loading.targets.CommonLaunchHandler.lambda$launchService$4(CommonLaunchHandler.java:118) ~[loader-4.0.42.jar%23149!/:4.0]
	at MC-BOOTSTRAP/cpw.mods.modlauncher@11.0.5/cpw.mods.modlauncher.LaunchServiceHandlerDecorator.launch(LaunchServiceHandlerDecorator.java:30) [modlauncher-11.0.5.jar%23154!/:?]
	at MC-BOOTSTRAP/cpw.mods.modlauncher@11.0.5/cpw.mods.modlauncher.LaunchServiceHandler.launch(LaunchServiceHandler.java:53) [modlauncher-11.0.5.jar%23154!/:?]
	at MC-BOOTSTRAP/cpw.mods.modlauncher@11.0.5/cpw.mods.modlauncher.LaunchServiceHandler.launch(LaunchServiceHandler.java:71) [modlauncher-11.0.5.jar%23154!/:?]
	at MC-BOOTSTRAP/cpw.mods.modlauncher@11.0.5/cpw.mods.modlauncher.Launcher.run(Launcher.java:103) [modlauncher-11.0.5.jar%23154!/:?]
	at MC-BOOTSTRAP/cpw.mods.modlauncher@11.0.5/cpw.mods.modlauncher.Launcher.main(Launcher.java:74) [modlauncher-11.0.5.jar%23154!/:?]
	at MC-BOOTSTRAP/cpw.mods.modlauncher@11.0.5/cpw.mods.modlauncher.BootstrapLaunchConsumer.accept(BootstrapLaunchConsumer.java:26) [modlauncher-11.0.5.jar%23154!/:?]
	at MC-BOOTSTRAP/cpw.mods.modlauncher@11.0.5/cpw.mods.modlauncher.BootstrapLaunchConsumer.accept(BootstrapLaunchConsumer.java:23) [modlauncher-11.0.5.jar%23154!/:?]
	at cpw.mods.bootstraplauncher@2.0.2/cpw.mods.bootstraplauncher.BootstrapLauncher.run(BootstrapLauncher.java:210) [bootstraplauncher-2.0.2.jar:?]
	at cpw.mods.bootstraplauncher@2.0.2/cpw.mods.bootstraplauncher.BootstrapLauncher.main(BootstrapLauncher.java:69) [bootstraplauncher-2.0.2.jar:?]
	at java.base/jdk.internal.reflect.DirectMethodHandleAccessor.invoke(DirectMethodHandleAccessor.java:103) ~[?:?]
	at java.base/java.lang.reflect.Method.invoke(Method.java:580) ~[?:?]
	at io.github.zekerzhayard.forgewrapper.installer.Main.main(Main.java:67) [ForgeWrapper-prism-2025-12-07.jar:prism-2025-12-07]
	at org.prismlauncher.launcher.impl.StandardLauncher.launch(StandardLauncher.java:115) [NewLaunch.jar:?]
	at org.prismlauncher.EntryPoint.listen(EntryPoint.java:129) [NewLaunch.jar:?]
	at org.prismlauncher.EntryPoint.main(EntryPoint.java:70) [NewLaunch.jar:?]
Caused by: net.irisshaders.iris.gl.shader.ShaderCompileException: gbuffers_flw_pipeline/iris_instancing/create_instance_rotating/flywheel_material_default_embedded_pipeline/iris_instancing/frag/flywheel_material_default/flywheel_light_smooth_when_embedded_embedded_0.vsh: gbuffers_flw_pipeline/iris_instancing/create_instance_rotating/flywheel_material_default_embedded_pipeline/iris_instancing/frag/flywheel_material_default/flywheel_light_smooth_when_embedded_embedded_0.vsh: 0(1255) : error C1115: unable to find compatible overloaded function "flw_light(vec3, vec3, struct FlwLightAo)"

	at TRANSFORMER/minecraft@1.21.1/com.mojang.blaze3d.shaders.Program.handler$zoj000$iris$causeException(Program.java:536) ~[client-1.21.1-20240808.144430-srg.jar%23274!/:?]
	at TRANSFORMER/minecraft@1.21.1/com.mojang.blaze3d.shaders.Program.compileShaderInternal(Program.java:68) ~[client-1.21.1-20240808.144430-srg.jar%23274!/:?]
	at TRANSFORMER/minecraft@1.21.1/com.mojang.blaze3d.shaders.Program.compileShader(Program.java:51) ~[client-1.21.1-20240808.144430-srg.jar%23274!/:?]
	at TRANSFORMER/minecraft@1.21.1/net.minecraft.client.renderer.ShaderInstance.getOrCreate(ShaderInstance.java:191) ~[client-1.21.1-20240808.144430-srg.jar%23274!/:?]
	at TRANSFORMER/minecraft@1.21.1/net.minecraft.client.renderer.ShaderInstance.<init>(ShaderInstance.java:144) ~[client-1.21.1-20240808.144430-srg.jar%23274!/:?]
	... 48 more
[24Apr2026 17:44:09.631] [Thread-31/INFO] [com.mojang.blaze3d.platform.GlDebug/]: OpenGL debug message: id=1281, source=API, type=ERROR, severity=HIGH, message='GL_INVALID_VALUE error generated. <program> is not the name of a program or shader object.'
[24Apr2026 17:44:09.631] [Thread-31/INFO] [com.mojang.blaze3d.platform.GlDebug/]: OpenGL debug message: id=1281, source=API, type=ERROR, severity=HIGH, message='GL_INVALID_VALUE error generated. <program> is not the name of a program or shader object.'
[24Apr2026 17:44:09.631] [Thread-31/INFO] [com.mojang.blaze3d.platform.GlDebug/]: OpenGL debug message: id=1281, source=API, type=ERROR, severity=HIGH, message='GL_INVALID_VALUE error generated. <program> is not the name of a program or shader object.'
[24Apr2026 17:44:09.631] [Thread-31/INFO] [com.mojang.blaze3d.platform.GlDebug/]: OpenGL debug message: id=1281, source=API, type=ERROR, severity=HIGH, message='GL_INVALID_VALUE error generated. <program> is not the name of a program or shader object.'
[24Apr2026 17:44:09.631] [Thread-31/INFO] [com.mojang.blaze3d.platform.GlDebug/]: OpenGL debug message: id=1281, source=API, type=ERROR, severity=HIGH, message='GL_INVALID_VALUE error generated. <program> is not the name of a program or shader object.'
[24Apr2026 17:44:09.632] [Thread-31/INFO] [com.mojang.blaze3d.platform.GlDebug/]: OpenGL debug message: id=1281, source=API, type=ERROR, severity=HIGH, message='GL_INVALID_VALUE error generated. Program handle does not refer to an object generated by OpenGL.'
[24Apr2026 17:44:09.633] [Thread-31/INFO] [com.mojang.blaze3d.platform.GlDebug/]: OpenGL debug message: id=1281, source=API, type=ERROR, severity=HIGH, message='GL_INVALID_VALUE error generated. Program handle does not refer to an object generated by OpenGL.'
[24Apr2026 17:44:09.633] [Thread-31/INFO] [com.mojang.blaze3d.platform.GlDebug/]: OpenGL debug message: id=1281, source=API, type=ERROR, severity=HIGH, message='GL_INVALID_VALUE error generated. Program handle does not refer to an object generated by OpenGL.'
[24Apr2026 17:44:09.633] [Thread-31/INFO] [com.mojang.blaze3d.platform.GlDebug/]: OpenGL debug message: id=1281, source=API, type=ERROR, severity=HIGH, message='GL_INVALID_VALUE error generated. Program handle does not refer to an object generated by OpenGL.'
[24Apr2026 17:44:09.633] [Thread-31/INFO] [com.mojang.blaze3d.platform.GlDebug/]: OpenGL debug message: id=1281, source=API, type=ERROR, severity=HIGH, message='GL_INVALID_VALUE error generated. Program handle does not refer to an object generated by OpenGL.'
[24Apr2026 17:44:09.633] [Thread-31/INFO] [com.mojang.blaze3d.platform.GlDebug/]: OpenGL debug message: id=1281, source=API, type=ERROR, severity=HIGH, message='GL_INVALID_VALUE error generated. Program handle does not refer to an object generated by OpenGL.'
[24Apr2026 17:44:09.633] [Thread-31/INFO] [com.mojang.blaze3d.platform.GlDebug/]: OpenGL debug message: id=1281, source=API, type=ERROR, severity=HIGH, message='GL_INVALID_VALUE error generated. Program handle does not refer to an object generated by OpenGL.'
[24Apr2026 17:44:09.633] [Thread-31/INFO] [com.mojang.blaze3d.platform.GlDebug/]: OpenGL debug message: id=1281, source=API, type=ERROR, severity=HIGH, message='GL_INVALID_VALUE error generated. Program handle does not refer to an object generated by OpenGL.'
[24Apr2026 17:44:09.633] [Thread-31/INFO] [com.mojang.blaze3d.platform.GlDebug/]: OpenGL debug message: id=1281, source=API, type=ERROR, severity=HIGH, message='GL_INVALID_VALUE error generated. Program handle does not refer to an object generated by OpenGL.'
[24Apr2026 17:44:09.634] [Thread-31/INFO] [com.mojang.blaze3d.platform.GlDebug/]: OpenGL debug message: id=1281, source=API, type=ERROR, severity=HIGH, message='GL_INVALID_VALUE error generated. Program handle does not refer to an object generated by OpenGL.'
[24Apr2026 17:44:09.634] [Thread-31/INFO] [com.mojang.blaze3d.platform.GlDebug/]: OpenGL debug message: id=1281, source=API, type=ERROR, severity=HIGH, message='GL_INVALID_VALUE error generated. Program handle does not refer to an object generated by OpenGL.'
[24Apr2026 17:44:09.634] [Thread-31/INFO] [com.mojang.blaze3d.platform.GlDebug/]: OpenGL debug message: id=1281, source=API, type=ERROR, severity=HIGH, message='GL_INVALID_VALUE error generated. Program handle does not refer to an object generated by OpenGL.'
[24Apr2026 17:44:09.635] [Thread-31/INFO] [com.mojang.blaze3d.platform.GlDebug/]: OpenGL debug message: id=1281, source=API, type=ERROR, severity=HIGH, message='GL_INVALID_VALUE error generated. Program handle does not refer to an object generated by OpenGL.'
[24Apr2026 17:44:09.635] [Thread-31/INFO] [com.mojang.blaze3d.platform.GlDebug/]: OpenGL debug message: id=1281, source=API, type=ERROR, severity=HIGH, message='GL_INVALID_VALUE error generated. Program handle does not refer to an object generated by OpenGL.'
[24Apr2026 17:44:09.645] [Render thread/INFO] [irisflw/]: GLSL version adjusted: 400  compatibility to 400 compatibility
[24Apr2026 17:44:09.645] [Render thread/INFO] [irisflw/]: Parsing GLSL source:
#version 400 compatibility




[24Apr2026 17:44:09.688] [Render thread/ERROR] [irisflw/]: Fail to compile shader
net.irisshaders.iris.helpers.FakeChainedJsonException: Invalid shaders/core/gbuffers_flw_pipeline/iris_instancing/create_instance_scrolling/flywheel_material_default_embedded_pipeline/iris_instancing/frag/flywheel_material_default/flywheel_light_smooth_when_embedded_embedded_1.json: 
	at TRANSFORMER/minecraft@1.21.1/net.minecraft.server.ChainedJsonException.handler$zmp000$iris$changeShaderParseException(ChainedJsonException.java:516) ~[client-1.21.1-20240808.144430-srg.jar%23274!/:?]
	at TRANSFORMER/minecraft@1.21.1/net.minecraft.server.ChainedJsonException.forException(ChainedJsonException.java) ~[client-1.21.1-20240808.144430-srg.jar%23274!/:?]
	at TRANSFORMER/minecraft@1.21.1/net.minecraft.client.renderer.ShaderInstance.<init>(ShaderInstance.java:157) ~[client-1.21.1-20240808.144430-srg.jar%23274!/:?]
	at TRANSFORMER/minecraft@1.21.1/net.minecraft.client.renderer.ShaderInstance.<init>(ShaderInstance.java:99) ~[client-1.21.1-20240808.144430-srg.jar%23274!/:?]
	at TRANSFORMER/iris@1.8.12-snapshot+mc1.21.1-local/net.irisshaders.iris.pipeline.programs.ExtendedShader.<init>(ExtendedShader.java:81) ~[iris-neoforge-1.8.12+mc1.21.1.jar%23317!/:?]
	at TRANSFORMER/iris@1.8.12-snapshot+mc1.21.1-local/net.irisshaders.iris.pipeline.programs.ShaderCreator.create(ShaderCreator.java:133) ~[iris-neoforge-1.8.12+mc1.21.1.jar%23317!/:?]
	at TRANSFORMER/iris@1.8.12-snapshot+mc1.21.1-local/net.irisshaders.iris.pipeline.IrisRenderingPipeline.createShader(IrisRenderingPipeline.java:673) ~[iris-neoforge-1.8.12+mc1.21.1.jar%23317!/:?]
	at TRANSFORMER/iris@1.8.12-snapshot+mc1.21.1-local/net.irisshaders.iris.pipeline.IrisRenderingPipeline.callCreateShader(IrisRenderingPipeline.java) ~[iris-neoforge-1.8.12+mc1.21.1.jar%23317!/:?]
	at TRANSFORMER/irisflw@2.2.0/top.leonx.irisflw.backend.IrisProgramLinker.createWorldProgramBySource(IrisProgramLinker.java:160) ~[iris-flywheel-compat-NeoForge-2.2.0.jar%23316!/:?]
	at TRANSFORMER/irisflw@2.2.0/top.leonx.irisflw.backend.IrisProgramLinker.getIrisShaderLinkResult(IrisProgramLinker.java:146) ~[iris-flywheel-compat-NeoForge-2.2.0.jar%23316!/:?]
	at TRANSFORMER/irisflw@2.2.0/top.leonx.irisflw.backend.IrisProgramLinker.linkInternal(IrisProgramLinker.java:97) ~[iris-flywheel-compat-NeoForge-2.2.0.jar%23316!/:?]
	at TRANSFORMER/irisflw@2.2.0/top.leonx.irisflw.backend.IrisProgramLinker.link(IrisProgramLinker.java:69) ~[iris-flywheel-compat-NeoForge-2.2.0.jar%23316!/:?]
	at TRANSFORMER/flywheel@1.0.6/dev.engine_room.flywheel.backend.compile.core.Compile$ProgramStitcher.compile(Compile.java:186) ~[neoforge.jar%23490!/:?]
	at TRANSFORMER/irisflw@2.2.0/top.leonx.irisflw.backend.IrisCompilationHarness.compile(IrisCompilationHarness.java:43) ~[iris-flywheel-compat-NeoForge-2.2.0.jar%23316!/:?]
	at java.base/java.util.HashMap.computeIfAbsent(HashMap.java:1228) ~[?:?]
	at TRANSFORMER/irisflw@2.2.0/top.leonx.irisflw.backend.IrisCompilationHarness.get(IrisCompilationHarness.java:32) ~[iris-flywheel-compat-NeoForge-2.2.0.jar%23316!/:?]
	at TRANSFORMER/irisflw@2.2.0/top.leonx.irisflw.backend.IrisPipelineCompiler.get(IrisPipelineCompiler.java:64) ~[iris-flywheel-compat-NeoForge-2.2.0.jar%23316!/:?]
	at TRANSFORMER/irisflw@2.2.0/top.leonx.irisflw.backend.IrisInstancingPrograms.get(IrisInstancingPrograms.java:77) ~[iris-flywheel-compat-NeoForge-2.2.0.jar%23316!/:?]
	at TRANSFORMER/irisflw@2.2.0/top.leonx.irisflw.backend.IrisInstancedDrawManager.submitDraws(IrisInstancedDrawManager.java:150) ~[iris-flywheel-compat-NeoForge-2.2.0.jar%23316!/:?]
	at TRANSFORMER/irisflw@2.2.0/top.leonx.irisflw.backend.IrisInstancedDrawManager.render(IrisInstancedDrawManager.java:114) ~[iris-flywheel-compat-NeoForge-2.2.0.jar%23316!/:?]
	at TRANSFORMER/flywheel@1.0.6/dev.engine_room.flywheel.backend.engine.EngineImpl.render(EngineImpl.java:93) ~[neoforge.jar%23490!/:?]
	at TRANSFORMER/flywheel@1.0.6/dev.engine_room.flywheel.impl.visualization.VisualizationManagerImpl.render(VisualizationManagerImpl.java:276) ~[neoforge.jar%23490!/:?]
	at TRANSFORMER/flywheel@1.0.6/dev.engine_room.flywheel.impl.visualization.VisualizationManagerImpl$RenderDispatcherImpl.afterEntities(VisualizationManagerImpl.java:372) ~[neoforge.jar%23490!/:?]
	at TRANSFORMER/minecraft@1.21.1/net.minecraft.client.renderer.LevelRenderer.handler$eln000$flywheel$beforeBlockEntities(LevelRenderer.java:27262) ~[client-1.21.1-20240808.144430-srg.jar%23274!/:?]
	at TRANSFORMER/minecraft@1.21.1/net.minecraft.client.renderer.LevelRenderer.renderLevel(LevelRenderer.java:1046) ~[client-1.21.1-20240808.144430-srg.jar%23274!/:?]
	at TRANSFORMER/minecraft@1.21.1/net.minecraft.client.renderer.GameRenderer.renderLevel(GameRenderer.java:1271) ~[client-1.21.1-20240808.144430-srg.jar%23274!/:?]
	at TRANSFORMER/minecraft@1.21.1/net.minecraft.client.renderer.GameRenderer.render(GameRenderer.java:1024) ~[client-1.21.1-20240808.144430-srg.jar%23274!/:?]
	at TRANSFORMER/minecraft@1.21.1/net.minecraft.client.Minecraft.runTick(Minecraft.java:1195) ~[client-1.21.1-20240808.144430-srg.jar%23274!/:?]
	at TRANSFORMER/minecraft@1.21.1/net.minecraft.client.Minecraft.run(Minecraft.java:807) ~[client-1.21.1-20240808.144430-srg.jar%23274!/:?]
	at TRANSFORMER/minecraft@1.21.1/net.minecraft.client.main.Main.main(Main.java:230) ~[client-1.21.1-20240808.144430-srg.jar%23274!/:?]
	at java.base/jdk.internal.reflect.DirectMethodHandleAccessor.invoke(DirectMethodHandleAccessor.java:103) ~[?:?]
	at java.base/java.lang.reflect.Method.invoke(Method.java:580) ~[?:?]
	at MC-BOOTSTRAP/fml_loader@4.0.42/net.neoforged.fml.loading.targets.CommonLaunchHandler.runTarget(CommonLaunchHandler.java:136) ~[loader-4.0.42.jar%23149!/:4.0]
	at MC-BOOTSTRAP/fml_loader@4.0.42/net.neoforged.fml.loading.targets.CommonLaunchHandler.clientService(CommonLaunchHandler.java:124) ~[loader-4.0.42.jar%23149!/:4.0]
	at MC-BOOTSTRAP/fml_loader@4.0.42/net.neoforged.fml.loading.targets.CommonClientLaunchHandler.runService(CommonClientLaunchHandler.java:32) ~[loader-4.0.42.jar%23149!/:4.0]
	at MC-BOOTSTRAP/fml_loader@4.0.42/net.neoforged.fml.loading.targets.CommonLaunchHandler.lambda$launchService$4(CommonLaunchHandler.java:118) ~[loader-4.0.42.jar%23149!/:4.0]
	at MC-BOOTSTRAP/cpw.mods.modlauncher@11.0.5/cpw.mods.modlauncher.LaunchServiceHandlerDecorator.launch(LaunchServiceHandlerDecorator.java:30) [modlauncher-11.0.5.jar%23154!/:?]
	at MC-BOOTSTRAP/cpw.mods.modlauncher@11.0.5/cpw.mods.modlauncher.LaunchServiceHandler.launch(LaunchServiceHandler.java:53) [modlauncher-11.0.5.jar%23154!/:?]
	at MC-BOOTSTRAP/cpw.mods.modlauncher@11.0.5/cpw.mods.modlauncher.LaunchServiceHandler.launch(LaunchServiceHandler.java:71) [modlauncher-11.0.5.jar%23154!/:?]
	at MC-BOOTSTRAP/cpw.mods.modlauncher@11.0.5/cpw.mods.modlauncher.Launcher.run(Launcher.java:103) [modlauncher-11.0.5.jar%23154!/:?]
	at MC-BOOTSTRAP/cpw.mods.modlauncher@11.0.5/cpw.mods.modlauncher.Launcher.main(Launcher.java:74) [modlauncher-11.0.5.jar%23154!/:?]
	at MC-BOOTSTRAP/cpw.mods.modlauncher@11.0.5/cpw.mods.modlauncher.BootstrapLaunchConsumer.accept(BootstrapLaunchConsumer.java:26) [modlauncher-11.0.5.jar%23154!/:?]
	at MC-BOOTSTRAP/cpw.mods.modlauncher@11.0.5/cpw.mods.modlauncher.BootstrapLaunchConsumer.accept(BootstrapLaunchConsumer.java:23) [modlauncher-11.0.5.jar%23154!/:?]
	at cpw.mods.bootstraplauncher@2.0.2/cpw.mods.bootstraplauncher.BootstrapLauncher.run(BootstrapLauncher.java:210) [bootstraplauncher-2.0.2.jar:?]
	at cpw.mods.bootstraplauncher@2.0.2/cpw.mods.bootstraplauncher.BootstrapLauncher.main(BootstrapLauncher.java:69) [bootstraplauncher-2.0.2.jar:?]
	at java.base/jdk.internal.reflect.DirectMethodHandleAccessor.invoke(DirectMethodHandleAccessor.java:103) ~[?:?]
	at java.base/java.lang.reflect.Method.invoke(Method.java:580) ~[?:?]
	at io.github.zekerzhayard.forgewrapper.installer.Main.main(Main.java:67) [ForgeWrapper-prism-2025-12-07.jar:prism-2025-12-07]
	at org.prismlauncher.launcher.impl.StandardLauncher.launch(StandardLauncher.java:115) [NewLaunch.jar:?]
	at org.prismlauncher.EntryPoint.listen(EntryPoint.java:129) [NewLaunch.jar:?]
	at org.prismlauncher.EntryPoint.main(EntryPoint.java:70) [NewLaunch.jar:?]
Caused by: net.irisshaders.iris.gl.shader.ShaderCompileException: gbuffers_flw_pipeline/iris_instancing/create_instance_scrolling/flywheel_material_default_embedded_pipeline/iris_instancing/frag/flywheel_material_default/flywheel_light_smooth_when_embedded_embedded_1.vsh: gbuffers_flw_pipeline/iris_instancing/create_instance_scrolling/flywheel_material_default_embedded_pipeline/iris_instancing/frag/flywheel_material_default/flywheel_light_smooth_when_embedded_embedded_1.vsh: 0(1262) : error C1115: unable to find compatible overloaded function "flw_light(vec3, vec3, struct FlwLightAo)"

	at TRANSFORMER/minecraft@1.21.1/com.mojang.blaze3d.shaders.Program.handler$zoj000$iris$causeException(Program.java:536) ~[client-1.21.1-20240808.144430-srg.jar%23274!/:?]
	at TRANSFORMER/minecraft@1.21.1/com.mojang.blaze3d.shaders.Program.compileShaderInternal(Program.java:68) ~[client-1.21.1-20240808.144430-srg.jar%23274!/:?]
	at TRANSFORMER/minecraft@1.21.1/com.mojang.blaze3d.shaders.Program.compileShader(Program.java:51) ~[client-1.21.1-20240808.144430-srg.jar%23274!/:?]
	at TRANSFORMER/minecraft@1.21.1/net.minecraft.client.renderer.ShaderInstance.getOrCreate(ShaderInstance.java:191) ~[client-1.21.1-20240808.144430-srg.jar%23274!/:?]
	at TRANSFORMER/minecraft@1.21.1/net.minecraft.client.renderer.ShaderInstance.<init>(ShaderInstance.java:144) ~[client-1.21.1-20240808.144430-srg.jar%23274!/:?]
	... 48 more
[24Apr2026 17:44:09.689] [Thread-31/INFO] [com.mojang.blaze3d.platform.GlDebug/]: OpenGL debug message: id=1281, source=API, type=ERROR, severity=HIGH, message='GL_INVALID_VALUE error generated. <program> is not the name of a program or shader object.'
[24Apr2026 17:44:09.689] [Thread-31/INFO] [com.mojang.blaze3d.platform.GlDebug/]: OpenGL debug message: id=1281, source=API, type=ERROR, severity=HIGH, message='GL_INVALID_VALUE error generated. <program> is not the name of a program or shader object.'
[24Apr2026 17:44:09.689] [Thread-31/INFO] [com.mojang.blaze3d.platform.GlDebug/]: OpenGL debug message: id=1281, source=API, type=ERROR, severity=HIGH, message='GL_INVALID_VALUE error generated. <program> is not the name of a program or shader object.'
[24Apr2026 17:44:09.689] [Thread-31/INFO] [com.mojang.blaze3d.platform.GlDebug/]: OpenGL debug message: id=1281, source=API, type=ERROR, severity=HIGH, message='GL_INVALID_VALUE error generated. <program> is not the name of a program or shader object.'
[24Apr2026 17:44:09.689] [Thread-31/INFO] [com.mojang.blaze3d.platform.GlDebug/]: OpenGL debug message: id=1281, source=API, type=ERROR, severity=HIGH, message='GL_INVALID_VALUE error generated. <program> is not the name of a program or shader object.'
[24Apr2026 17:44:10.007] [Render thread/WARN] [ModernFix/]: Time from main menu to in-game was 7.3013244 seconds
[24Apr2026 17:44:10.007] [Render thread/WARN] [ModernFix/]: Total time to load game and open world was 36.862324 seconds
[24Apr2026 17:44:20.915] [Render thread/INFO] [net.minecraft.client.gui.components.ChatComponent/]: [System] [CHAT] Successfully logged in! Welcome back, Bigh2011x!
[24Apr2026 17:45:19.902] [Render thread/INFO] [Iris/]: Destroying pipeline minecraft:overworld
[24Apr2026 17:45:19.982] [Render thread/WARN] [Iris/]: Invalid pack option: GTAO
[24Apr2026 17:45:19.982] [Render thread/WARN] [Iris/]: Invalid pack option: GTAO
[24Apr2026 17:45:19.983] [Render thread/WARN] [Iris/]: Unable to resolve shader pack option menu element "WATER_REFRACTION" defined in shaders.properties
[24Apr2026 17:45:19.983] [Render thread/WARN] [Iris/]: Unable to resolve shader pack option menu element "WATER_REFRACTION_INTENSITY" defined in shaders.properties
[24Apr2026 17:45:19.983] [Render thread/WARN] [Iris/]: Unable to resolve shader pack option menu element "CLOUDS_DAILY_WEATHER" defined in shaders.properties
[24Apr2026 17:45:19.983] [Render thread/WARN] [Iris/]: Unable to resolve shader pack option menu element "CLOUDS_CUMULUS_CONGESTUS_PRIMARY_STEPS_H" defined in shaders.properties
[24Apr2026 17:45:19.983] [Render thread/WARN] [Iris/]: Unable to resolve shader pack option menu element "CLOUDS_CUMULUS_CONGESTUS_PRIMARY_STEPS_Z" defined in shaders.properties
[24Apr2026 17:45:19.983] [Render thread/INFO] [Iris/]: Profile: high (+0 options changed by user)
[24Apr2026 17:45:20.661] [Render thread/WARN] [Iris/]: Failed to parse an ResourceLocation in item.properties for the key item.10056: state properties are currently not supported: calibrated_sculk_sensor:sculk_sensor_phase=inactive
[24Apr2026 17:45:20.661] [Render thread/WARN] [Iris/]: Failed to parse an ResourceLocation in item.properties for the key item.10056: state properties are currently not supported: calibrated_sculk_sensor:sculk_sensor_phase=cooldown
[24Apr2026 17:45:20.661] [Render thread/WARN] [Iris/]: Failed to parse an ResourceLocation in item.properties for the key item.10057: state properties are currently not supported: calibrated_sculk_sensor:sculk_sensor_phase=active
[24Apr2026 17:45:20.661] [Render thread/WARN] [Iris/]: Failed to parse an ResourceLocation in item.properties for the key item.10057: state properties are currently not supported: sculk_sensor:sculk_sensor_phase=active
[24Apr2026 17:45:20.661] [Render thread/WARN] [Iris/]: Failed to parse an ResourceLocation in item.properties for the key item.10061: state properties are currently not supported: weathered_copper_bulb:lit=true
[24Apr2026 17:45:20.661] [Render thread/WARN] [Iris/]: Failed to parse an ResourceLocation in item.properties for the key item.10061: state properties are currently not supported: oxidized_copper_bulb:lit=true
[24Apr2026 17:45:20.661] [Render thread/WARN] [Iris/]: Failed to parse an ResourceLocation in item.properties for the key item.10061: state properties are currently not supported: waxed_weathered_copper_bulb:lit=true
[24Apr2026 17:45:20.661] [Render thread/WARN] [Iris/]: Failed to parse an ResourceLocation in item.properties for the key item.10061: state properties are currently not supported: waxed_oxidized_copper_bulb:lit=true
[24Apr2026 17:45:20.661] [Render thread/WARN] [Iris/]: Failed to parse an ResourceLocation in item.properties for the key item.10061: state properties are currently not supported: copper_bulb:lit=true
[24Apr2026 17:45:20.661] [Render thread/WARN] [Iris/]: Failed to parse an ResourceLocation in item.properties for the key item.10061: state properties are currently not supported: exposed_copper_bulb:lit=true
[24Apr2026 17:45:20.661] [Render thread/WARN] [Iris/]: Failed to parse an ResourceLocation in item.properties for the key item.10061: state properties are currently not supported: waxed_copper_bulb:lit=true
[24Apr2026 17:45:20.661] [Render thread/WARN] [Iris/]: Failed to parse an ResourceLocation in item.properties for the key item.10061: state properties are currently not supported: waxed_exposed_copper_bulb:lit=true
[24Apr2026 17:45:20.678] [Render thread/INFO] [Iris/]: Using shaderpack: photon_v1.3b.zip
[24Apr2026 17:45:20.678] [Render thread/INFO] [Iris/]: Creating pipeline for dimension minecraft:overworld
[24Apr2026 17:45:21.551] [Render thread/INFO] [ChunkBuilder/]: Stopping worker threads
[24Apr2026 17:45:21.555] [Render thread/INFO] [ChunkBuilder/]: Started 6 worker threads
[24Apr2026 17:45:21.559] [Render thread/INFO] [net.minecraft.client.gui.components.ChatComponent/]: [System] [CHAT] Shaders Reloaded!
[24Apr2026 17:45:21.562] [Render thread/WARN] [Iris/]: Error while parsing the block ID map entry for "block.10003":
[24Apr2026 17:45:21.562] [Render thread/WARN] [Iris/]: - The block farmersdelight:rice has no property with the name half, ignoring!
[24Apr2026 17:45:21.562] [Render thread/WARN] [Iris/]: Error while parsing the block ID map entry for "block.10004":
[24Apr2026 17:45:21.562] [Render thread/WARN] [Iris/]: - The block farmersdelight:rice_panicles has no property with the name half, ignoring!
[24Apr2026 17:45:21.573] [Render thread/INFO] [ChunkBuilder/]: Stopping worker threads
[24Apr2026 17:45:21.576] [Render thread/INFO] [ChunkBuilder/]: Started 6 worker threads
[24Apr2026 17:45:21.648] [Render thread/INFO] [irisflw/]: GLSL version adjusted: 400  compatibility to 400 compatibility
[24Apr2026 17:45:21.648] [Render thread/INFO] [irisflw/]: Parsing GLSL source:
#version 400 compatibility




[24Apr2026 17:45:21.670] [Render thread/ERROR] [irisflw/]: Fail to compile shader
net.irisshaders.iris.helpers.FakeChainedJsonException: Invalid shaders/core/gbuffers_flw_pipeline/iris_instancing/create_instance_rotating/flywheel_material_default_embedded_pipeline/iris_instancing/frag/flywheel_material_default/flywheel_light_smooth_when_embedded_embedded_2.json: 
	at TRANSFORMER/minecraft@1.21.1/net.minecraft.server.ChainedJsonException.handler$zmp000$iris$changeShaderParseException(ChainedJsonException.java:516) ~[client-1.21.1-20240808.144430-srg.jar%23274!/:?]
	at TRANSFORMER/minecraft@1.21.1/net.minecraft.server.ChainedJsonException.forException(ChainedJsonException.java) ~[client-1.21.1-20240808.144430-srg.jar%23274!/:?]
	at TRANSFORMER/minecraft@1.21.1/net.minecraft.client.renderer.ShaderInstance.<init>(ShaderInstance.java:157) ~[client-1.21.1-20240808.144430-srg.jar%23274!/:?]
	at TRANSFORMER/minecraft@1.21.1/net.minecraft.client.renderer.ShaderInstance.<init>(ShaderInstance.java:99) ~[client-1.21.1-20240808.144430-srg.jar%23274!/:?]
	at TRANSFORMER/iris@1.8.12-snapshot+mc1.21.1-local/net.irisshaders.iris.pipeline.programs.ExtendedShader.<init>(ExtendedShader.java:81) ~[iris-neoforge-1.8.12+mc1.21.1.jar%23317!/:?]
	at TRANSFORMER/iris@1.8.12-snapshot+mc1.21.1-local/net.irisshaders.iris.pipeline.programs.ShaderCreator.create(ShaderCreator.java:133) ~[iris-neoforge-1.8.12+mc1.21.1.jar%23317!/:?]
	at TRANSFORMER/iris@1.8.12-snapshot+mc1.21.1-local/net.irisshaders.iris.pipeline.IrisRenderingPipeline.createShader(IrisRenderingPipeline.java:673) ~[iris-neoforge-1.8.12+mc1.21.1.jar%23317!/:?]
	at TRANSFORMER/iris@1.8.12-snapshot+mc1.21.1-local/net.irisshaders.iris.pipeline.IrisRenderingPipeline.callCreateShader(IrisRenderingPipeline.java) ~[iris-neoforge-1.8.12+mc1.21.1.jar%23317!/:?]
	at TRANSFORMER/irisflw@2.2.0/top.leonx.irisflw.backend.IrisProgramLinker.createWorldProgramBySource(IrisProgramLinker.java:160) ~[iris-flywheel-compat-NeoForge-2.2.0.jar%23316!/:?]
	at TRANSFORMER/irisflw@2.2.0/top.leonx.irisflw.backend.IrisProgramLinker.getIrisShaderLinkResult(IrisProgramLinker.java:146) ~[iris-flywheel-compat-NeoForge-2.2.0.jar%23316!/:?]
	at TRANSFORMER/irisflw@2.2.0/top.leonx.irisflw.backend.IrisProgramLinker.linkInternal(IrisProgramLinker.java:97) ~[iris-flywheel-compat-NeoForge-2.2.0.jar%23316!/:?]
	at TRANSFORMER/irisflw@2.2.0/top.leonx.irisflw.backend.IrisProgramLinker.link(IrisProgramLinker.java:69) ~[iris-flywheel-compat-NeoForge-2.2.0.jar%23316!/:?]
	at TRANSFORMER/flywheel@1.0.6/dev.engine_room.flywheel.backend.compile.core.Compile$ProgramStitcher.compile(Compile.java:186) ~[neoforge.jar%23490!/:?]
	at TRANSFORMER/irisflw@2.2.0/top.leonx.irisflw.backend.IrisCompilationHarness.compile(IrisCompilationHarness.java:43) ~[iris-flywheel-compat-NeoForge-2.2.0.jar%23316!/:?]
	at java.base/java.util.HashMap.computeIfAbsent(HashMap.java:1228) ~[?:?]
	at TRANSFORMER/irisflw@2.2.0/top.leonx.irisflw.backend.IrisCompilationHarness.get(IrisCompilationHarness.java:32) ~[iris-flywheel-compat-NeoForge-2.2.0.jar%23316!/:?]
	at TRANSFORMER/irisflw@2.2.0/top.leonx.irisflw.backend.IrisPipelineCompiler.get(IrisPipelineCompiler.java:64) ~[iris-flywheel-compat-NeoForge-2.2.0.jar%23316!/:?]
	at TRANSFORMER/irisflw@2.2.0/top.leonx.irisflw.backend.IrisInstancingPrograms.get(IrisInstancingPrograms.java:77) ~[iris-flywheel-compat-NeoForge-2.2.0.jar%23316!/:?]
	at TRANSFORMER/irisflw@2.2.0/top.leonx.irisflw.backend.IrisInstancedDrawManager.submitDraws(IrisInstancedDrawManager.java:150) ~[iris-flywheel-compat-NeoForge-2.2.0.jar%23316!/:?]
	at TRANSFORMER/irisflw@2.2.0/top.leonx.irisflw.backend.IrisInstancedDrawManager.render(IrisInstancedDrawManager.java:114) ~[iris-flywheel-compat-NeoForge-2.2.0.jar%23316!/:?]
	at TRANSFORMER/flywheel@1.0.6/dev.engine_room.flywheel.backend.engine.EngineImpl.render(EngineImpl.java:93) ~[neoforge.jar%23490!/:?]
	at TRANSFORMER/flywheel@1.0.6/dev.engine_room.flywheel.impl.visualization.VisualizationManagerImpl.render(VisualizationManagerImpl.java:276) ~[neoforge.jar%23490!/:?]
	at TRANSFORMER/flywheel@1.0.6/dev.engine_room.flywheel.impl.visualization.VisualizationManagerImpl$RenderDispatcherImpl.afterEntities(VisualizationManagerImpl.java:372) ~[neoforge.jar%23490!/:?]
	at TRANSFORMER/minecraft@1.21.1/net.minecraft.client.renderer.LevelRenderer.handler$eln000$flywheel$beforeBlockEntities(LevelRenderer.java:27262) ~[client-1.21.1-20240808.144430-srg.jar%23274!/:?]
	at TRANSFORMER/minecraft@1.21.1/net.minecraft.client.renderer.LevelRenderer.renderLevel(LevelRenderer.java:1046) ~[client-1.21.1-20240808.144430-srg.jar%23274!/:?]
	at TRANSFORMER/minecraft@1.21.1/net.minecraft.client.renderer.GameRenderer.renderLevel(GameRenderer.java:1271) ~[client-1.21.1-20240808.144430-srg.jar%23274!/:?]
	at TRANSFORMER/minecraft@1.21.1/net.minecraft.client.renderer.GameRenderer.render(GameRenderer.java:1024) ~[client-1.21.1-20240808.144430-srg.jar%23274!/:?]
	at TRANSFORMER/minecraft@1.21.1/net.minecraft.client.Minecraft.runTick(Minecraft.java:1195) ~[client-1.21.1-20240808.144430-srg.jar%23274!/:?]
	at TRANSFORMER/minecraft@1.21.1/net.minecraft.client.Minecraft.run(Minecraft.java:807) ~[client-1.21.1-20240808.144430-srg.jar%23274!/:?]
	at TRANSFORMER/minecraft@1.21.1/net.minecraft.client.main.Main.main(Main.java:230) ~[client-1.21.1-20240808.144430-srg.jar%23274!/:?]
	at java.base/jdk.internal.reflect.DirectMethodHandleAccessor.invoke(DirectMethodHandleAccessor.java:103) ~[?:?]
	at java.base/java.lang.reflect.Method.invoke(Method.java:580) ~[?:?]
	at MC-BOOTSTRAP/fml_loader@4.0.42/net.neoforged.fml.loading.targets.CommonLaunchHandler.runTarget(CommonLaunchHandler.java:136) ~[loader-4.0.42.jar%23149!/:4.0]
	at MC-BOOTSTRAP/fml_loader@4.0.42/net.neoforged.fml.loading.targets.CommonLaunchHandler.clientService(CommonLaunchHandler.java:124) ~[loader-4.0.42.jar%23149!/:4.0]
	at MC-BOOTSTRAP/fml_loader@4.0.42/net.neoforged.fml.loading.targets.CommonClientLaunchHandler.runService(CommonClientLaunchHandler.java:32) ~[loader-4.0.42.jar%23149!/:4.0]
	at MC-BOOTSTRAP/fml_loader@4.0.42/net.neoforged.fml.loading.targets.CommonLaunchHandler.lambda$launchService$4(CommonLaunchHandler.java:118) ~[loader-4.0.42.jar%23149!/:4.0]
	at MC-BOOTSTRAP/cpw.mods.modlauncher@11.0.5/cpw.mods.modlauncher.LaunchServiceHandlerDecorator.launch(LaunchServiceHandlerDecorator.java:30) [modlauncher-11.0.5.jar%23154!/:?]
	at MC-BOOTSTRAP/cpw.mods.modlauncher@11.0.5/cpw.mods.modlauncher.LaunchServiceHandler.launch(LaunchServiceHandler.java:53) [modlauncher-11.0.5.jar%23154!/:?]
	at MC-BOOTSTRAP/cpw.mods.modlauncher@11.0.5/cpw.mods.modlauncher.LaunchServiceHandler.launch(LaunchServiceHandler.java:71) [modlauncher-11.0.5.jar%23154!/:?]
	at MC-BOOTSTRAP/cpw.mods.modlauncher@11.0.5/cpw.mods.modlauncher.Launcher.run(Launcher.java:103) [modlauncher-11.0.5.jar%23154!/:?]
	at MC-BOOTSTRAP/cpw.mods.modlauncher@11.0.5/cpw.mods.modlauncher.Launcher.main(Launcher.java:74) [modlauncher-11.0.5.jar%23154!/:?]
	at MC-BOOTSTRAP/cpw.mods.modlauncher@11.0.5/cpw.mods.modlauncher.BootstrapLaunchConsumer.accept(BootstrapLaunchConsumer.java:26) [modlauncher-11.0.5.jar%23154!/:?]
	at MC-BOOTSTRAP/cpw.mods.modlauncher@11.0.5/cpw.mods.modlauncher.BootstrapLaunchConsumer.accept(BootstrapLaunchConsumer.java:23) [modlauncher-11.0.5.jar%23154!/:?]
	at cpw.mods.bootstraplauncher@2.0.2/cpw.mods.bootstraplauncher.BootstrapLauncher.run(BootstrapLauncher.java:210) [bootstraplauncher-2.0.2.jar:?]
	at cpw.mods.bootstraplauncher@2.0.2/cpw.mods.bootstraplauncher.BootstrapLauncher.main(BootstrapLauncher.java:69) [bootstraplauncher-2.0.2.jar:?]
	at java.base/jdk.internal.reflect.DirectMethodHandleAccessor.invoke(DirectMethodHandleAccessor.java:103) ~[?:?]
	at java.base/java.lang.reflect.Method.invoke(Method.java:580) ~[?:?]
	at io.github.zekerzhayard.forgewrapper.installer.Main.main(Main.java:67) [ForgeWrapper-prism-2025-12-07.jar:prism-2025-12-07]
	at org.prismlauncher.launcher.impl.StandardLauncher.launch(StandardLauncher.java:115) [NewLaunch.jar:?]
	at org.prismlauncher.EntryPoint.listen(EntryPoint.java:129) [NewLaunch.jar:?]
	at org.prismlauncher.EntryPoint.main(EntryPoint.java:70) [NewLaunch.jar:?]
Caused by: net.irisshaders.iris.gl.shader.ShaderCompileException: gbuffers_flw_pipeline/iris_instancing/create_instance_rotating/flywheel_material_default_embedded_pipeline/iris_instancing/frag/flywheel_material_default/flywheel_light_smooth_when_embedded_embedded_2.vsh: gbuffers_flw_pipeline/iris_instancing/create_instance_rotating/flywheel_material_default_embedded_pipeline/iris_instancing/frag/flywheel_material_default/flywheel_light_smooth_when_embedded_embedded_2.vsh: 0(1255) : error C1115: unable to find compatible overloaded function "flw_light(vec3, vec3, struct FlwLightAo)"

	at TRANSFORMER/minecraft@1.21.1/com.mojang.blaze3d.shaders.Program.handler$zoj000$iris$causeException(Program.java:536) ~[client-1.21.1-20240808.144430-srg.jar%23274!/:?]
	at TRANSFORMER/minecraft@1.21.1/com.mojang.blaze3d.shaders.Program.compileShaderInternal(Program.java:68) ~[client-1.21.1-20240808.144430-srg.jar%23274!/:?]
	at TRANSFORMER/minecraft@1.21.1/com.mojang.blaze3d.shaders.Program.compileShader(Program.java:51) ~[client-1.21.1-20240808.144430-srg.jar%23274!/:?]
	at TRANSFORMER/minecraft@1.21.1/net.minecraft.client.renderer.ShaderInstance.getOrCreate(ShaderInstance.java:191) ~[client-1.21.1-20240808.144430-srg.jar%23274!/:?]
	at TRANSFORMER/minecraft@1.21.1/net.minecraft.client.renderer.ShaderInstance.<init>(ShaderInstance.java:144) ~[client-1.21.1-20240808.144430-srg.jar%23274!/:?]
	... 48 more
[24Apr2026 17:45:21.671] [Thread-31/INFO] [com.mojang.blaze3d.platform.GlDebug/]: OpenGL debug message: id=1281, source=API, type=ERROR, severity=HIGH, message='GL_INVALID_VALUE error generated. <program> is not the name of a program or shader object.'
[24Apr2026 17:45:21.672] [Thread-31/INFO] [com.mojang.blaze3d.platform.GlDebug/]: OpenGL debug message: id=1281, source=API, type=ERROR, severity=HIGH, message='GL_INVALID_VALUE error generated. <program> is not the name of a program or shader object.'
[24Apr2026 17:45:21.672] [Thread-31/INFO] [com.mojang.blaze3d.platform.GlDebug/]: OpenGL debug message: id=1281, source=API, type=ERROR, severity=HIGH, message='GL_INVALID_VALUE error generated. <program> is not the name of a program or shader object.'
[24Apr2026 17:45:21.672] [Thread-31/INFO] [com.mojang.blaze3d.platform.GlDebug/]: OpenGL debug message: id=1281, source=API, type=ERROR, severity=HIGH, message='GL_INVALID_VALUE error generated. <program> is not the name of a program or shader object.'
[24Apr2026 17:45:21.672] [Thread-31/INFO] [com.mojang.blaze3d.platform.GlDebug/]: OpenGL debug message: id=1281, source=API, type=ERROR, severity=HIGH, message='GL_INVALID_VALUE error generated. <program> is not the name of a program or shader object.'
[24Apr2026 17:45:21.673] [Render thread/INFO] [irisflw/]: GLSL version adjusted: 400  compatibility to 400 compatibility
[24Apr2026 17:45:21.673] [Render thread/INFO] [irisflw/]: Parsing GLSL source:
#version 400 compatibility




[24Apr2026 17:45:21.695] [Render thread/ERROR] [irisflw/]: Fail to compile shader
net.irisshaders.iris.helpers.FakeChainedJsonException: Invalid shaders/core/gbuffers_flw_pipeline/iris_instancing/create_instance_scrolling/flywheel_material_default_embedded_pipeline/iris_instancing/frag/flywheel_material_default/flywheel_light_smooth_when_embedded_embedded_3.json: 
	at TRANSFORMER/minecraft@1.21.1/net.minecraft.server.ChainedJsonException.handler$zmp000$iris$changeShaderParseException(ChainedJsonException.java:516) ~[client-1.21.1-20240808.144430-srg.jar%23274!/:?]
	at TRANSFORMER/minecraft@1.21.1/net.minecraft.server.ChainedJsonException.forException(ChainedJsonException.java) ~[client-1.21.1-20240808.144430-srg.jar%23274!/:?]
	at TRANSFORMER/minecraft@1.21.1/net.minecraft.client.renderer.ShaderInstance.<init>(ShaderInstance.java:157) ~[client-1.21.1-20240808.144430-srg.jar%23274!/:?]
	at TRANSFORMER/minecraft@1.21.1/net.minecraft.client.renderer.ShaderInstance.<init>(ShaderInstance.java:99) ~[client-1.21.1-20240808.144430-srg.jar%23274!/:?]
	at TRANSFORMER/iris@1.8.12-snapshot+mc1.21.1-local/net.irisshaders.iris.pipeline.programs.ExtendedShader.<init>(ExtendedShader.java:81) ~[iris-neoforge-1.8.12+mc1.21.1.jar%23317!/:?]
	at TRANSFORMER/iris@1.8.12-snapshot+mc1.21.1-local/net.irisshaders.iris.pipeline.programs.ShaderCreator.create(ShaderCreator.java:133) ~[iris-neoforge-1.8.12+mc1.21.1.jar%23317!/:?]
	at TRANSFORMER/iris@1.8.12-snapshot+mc1.21.1-local/net.irisshaders.iris.pipeline.IrisRenderingPipeline.createShader(IrisRenderingPipeline.java:673) ~[iris-neoforge-1.8.12+mc1.21.1.jar%23317!/:?]
	at TRANSFORMER/iris@1.8.12-snapshot+mc1.21.1-local/net.irisshaders.iris.pipeline.IrisRenderingPipeline.callCreateShader(IrisRenderingPipeline.java) ~[iris-neoforge-1.8.12+mc1.21.1.jar%23317!/:?]
	at TRANSFORMER/irisflw@2.2.0/top.leonx.irisflw.backend.IrisProgramLinker.createWorldProgramBySource(IrisProgramLinker.java:160) ~[iris-flywheel-compat-NeoForge-2.2.0.jar%23316!/:?]
	at TRANSFORMER/irisflw@2.2.0/top.leonx.irisflw.backend.IrisProgramLinker.getIrisShaderLinkResult(IrisProgramLinker.java:146) ~[iris-flywheel-compat-NeoForge-2.2.0.jar%23316!/:?]
	at TRANSFORMER/irisflw@2.2.0/top.leonx.irisflw.backend.IrisProgramLinker.linkInternal(IrisProgramLinker.java:97) ~[iris-flywheel-compat-NeoForge-2.2.0.jar%23316!/:?]
	at TRANSFORMER/irisflw@2.2.0/top.leonx.irisflw.backend.IrisProgramLinker.link(IrisProgramLinker.java:69) ~[iris-flywheel-compat-NeoForge-2.2.0.jar%23316!/:?]
	at TRANSFORMER/flywheel@1.0.6/dev.engine_room.flywheel.backend.compile.core.Compile$ProgramStitcher.compile(Compile.java:186) ~[neoforge.jar%23490!/:?]
	at TRANSFORMER/irisflw@2.2.0/top.leonx.irisflw.backend.IrisCompilationHarness.compile(IrisCompilationHarness.java:43) ~[iris-flywheel-compat-NeoForge-2.2.0.jar%23316!/:?]
	at java.base/java.util.HashMap.computeIfAbsent(HashMap.java:1228) ~[?:?]
	at TRANSFORMER/irisflw@2.2.0/top.leonx.irisflw.backend.IrisCompilationHarness.get(IrisCompilationHarness.java:32) ~[iris-flywheel-compat-NeoForge-2.2.0.jar%23316!/:?]
	at TRANSFORMER/irisflw@2.2.0/top.leonx.irisflw.backend.IrisPipelineCompiler.get(IrisPipelineCompiler.java:64) ~[iris-flywheel-compat-NeoForge-2.2.0.jar%23316!/:?]
	at TRANSFORMER/irisflw@2.2.0/top.leonx.irisflw.backend.IrisInstancingPrograms.get(IrisInstancingPrograms.java:77) ~[iris-flywheel-compat-NeoForge-2.2.0.jar%23316!/:?]
	at TRANSFORMER/irisflw@2.2.0/top.leonx.irisflw.backend.IrisInstancedDrawManager.submitDraws(IrisInstancedDrawManager.java:150) ~[iris-flywheel-compat-NeoForge-2.2.0.jar%23316!/:?]
	at TRANSFORMER/irisflw@2.2.0/top.leonx.irisflw.backend.IrisInstancedDrawManager.render(IrisInstancedDrawManager.java:114) ~[iris-flywheel-compat-NeoForge-2.2.0.jar%23316!/:?]
	at TRANSFORMER/flywheel@1.0.6/dev.engine_room.flywheel.backend.engine.EngineImpl.render(EngineImpl.java:93) ~[neoforge.jar%23490!/:?]
	at TRANSFORMER/flywheel@1.0.6/dev.engine_room.flywheel.impl.visualization.VisualizationManagerImpl.render(VisualizationManagerImpl.java:276) ~[neoforge.jar%23490!/:?]
	at TRANSFORMER/flywheel@1.0.6/dev.engine_room.flywheel.impl.visualization.VisualizationManagerImpl$RenderDispatcherImpl.afterEntities(VisualizationManagerImpl.java:372) ~[neoforge.jar%23490!/:?]
	at TRANSFORMER/minecraft@1.21.1/net.minecraft.client.renderer.LevelRenderer.handler$eln000$flywheel$beforeBlockEntities(LevelRenderer.java:27262) ~[client-1.21.1-20240808.144430-srg.jar%23274!/:?]
	at TRANSFORMER/minecraft@1.21.1/net.minecraft.client.renderer.LevelRenderer.renderLevel(LevelRenderer.java:1046) ~[client-1.21.1-20240808.144430-srg.jar%23274!/:?]
	at TRANSFORMER/minecraft@1.21.1/net.minecraft.client.renderer.GameRenderer.renderLevel(GameRenderer.java:1271) ~[client-1.21.1-20240808.144430-srg.jar%23274!/:?]
	at TRANSFORMER/minecraft@1.21.1/net.minecraft.client.renderer.GameRenderer.render(GameRenderer.java:1024) ~[client-1.21.1-20240808.144430-srg.jar%23274!/:?]
	at TRANSFORMER/minecraft@1.21.1/net.minecraft.client.Minecraft.runTick(Minecraft.java:1195) ~[client-1.21.1-20240808.144430-srg.jar%23274!/:?]
	at TRANSFORMER/minecraft@1.21.1/net.minecraft.client.Minecraft.run(Minecraft.java:807) ~[client-1.21.1-20240808.144430-srg.jar%23274!/:?]
	at TRANSFORMER/minecraft@1.21.1/net.minecraft.client.main.Main.main(Main.java:230) ~[client-1.21.1-20240808.144430-srg.jar%23274!/:?]
	at java.base/jdk.internal.reflect.DirectMethodHandleAccessor.invoke(DirectMethodHandleAccessor.java:103) ~[?:?]
	at java.base/java.lang.reflect.Method.invoke(Method.java:580) ~[?:?]
	at MC-BOOTSTRAP/fml_loader@4.0.42/net.neoforged.fml.loading.targets.CommonLaunchHandler.runTarget(CommonLaunchHandler.java:136) ~[loader-4.0.42.jar%23149!/:4.0]
	at MC-BOOTSTRAP/fml_loader@4.0.42/net.neoforged.fml.loading.targets.CommonLaunchHandler.clientService(CommonLaunchHandler.java:124) ~[loader-4.0.42.jar%23149!/:4.0]
	at MC-BOOTSTRAP/fml_loader@4.0.42/net.neoforged.fml.loading.targets.CommonClientLaunchHandler.runService(CommonClientLaunchHandler.java:32) ~[loader-4.0.42.jar%23149!/:4.0]
	at MC-BOOTSTRAP/fml_loader@4.0.42/net.neoforged.fml.loading.targets.CommonLaunchHandler.lambda$launchService$4(CommonLaunchHandler.java:118) ~[loader-4.0.42.jar%23149!/:4.0]
	at MC-BOOTSTRAP/cpw.mods.modlauncher@11.0.5/cpw.mods.modlauncher.LaunchServiceHandlerDecorator.launch(LaunchServiceHandlerDecorator.java:30) [modlauncher-11.0.5.jar%23154!/:?]
	at MC-BOOTSTRAP/cpw.mods.modlauncher@11.0.5/cpw.mods.modlauncher.LaunchServiceHandler.launch(LaunchServiceHandler.java:53) [modlauncher-11.0.5.jar%23154!/:?]
	at MC-BOOTSTRAP/cpw.mods.modlauncher@11.0.5/cpw.mods.modlauncher.LaunchServiceHandler.launch(LaunchServiceHandler.java:71) [modlauncher-11.0.5.jar%23154!/:?]
	at MC-BOOTSTRAP/cpw.mods.modlauncher@11.0.5/cpw.mods.modlauncher.Launcher.run(Launcher.java:103) [modlauncher-11.0.5.jar%23154!/:?]
	at MC-BOOTSTRAP/cpw.mods.modlauncher@11.0.5/cpw.mods.modlauncher.Launcher.main(Launcher.java:74) [modlauncher-11.0.5.jar%23154!/:?]
	at MC-BOOTSTRAP/cpw.mods.modlauncher@11.0.5/cpw.mods.modlauncher.BootstrapLaunchConsumer.accept(BootstrapLaunchConsumer.java:26) [modlauncher-11.0.5.jar%23154!/:?]
	at MC-BOOTSTRAP/cpw.mods.modlauncher@11.0.5/cpw.mods.modlauncher.BootstrapLaunchConsumer.accept(BootstrapLaunchConsumer.java:23) [modlauncher-11.0.5.jar%23154!/:?]
	at cpw.mods.bootstraplauncher@2.0.2/cpw.mods.bootstraplauncher.BootstrapLauncher.run(BootstrapLauncher.java:210) [bootstraplauncher-2.0.2.jar:?]
	at cpw.mods.bootstraplauncher@2.0.2/cpw.mods.bootstraplauncher.BootstrapLauncher.main(BootstrapLauncher.java:69) [bootstraplauncher-2.0.2.jar:?]
	at java.base/jdk.internal.reflect.DirectMethodHandleAccessor.invoke(DirectMethodHandleAccessor.java:103) ~[?:?]
	at java.base/java.lang.reflect.Method.invoke(Method.java:580) ~[?:?]
	at io.github.zekerzhayard.forgewrapper.installer.Main.main(Main.java:67) [ForgeWrapper-prism-2025-12-07.jar:prism-2025-12-07]
	at org.prismlauncher.launcher.impl.StandardLauncher.launch(StandardLauncher.java:115) [NewLaunch.jar:?]
	at org.prismlauncher.EntryPoint.listen(EntryPoint.java:129) [NewLaunch.jar:?]
	at org.prismlauncher.EntryPoint.main(EntryPoint.java:70) [NewLaunch.jar:?]
Caused by: net.irisshaders.iris.gl.shader.ShaderCompileException: gbuffers_flw_pipeline/iris_instancing/create_instance_scrolling/flywheel_material_default_embedded_pipeline/iris_instancing/frag/flywheel_material_default/flywheel_light_smooth_when_embedded_embedded_3.vsh: gbuffers_flw_pipeline/iris_instancing/create_instance_scrolling/flywheel_material_default_embedded_pipeline/iris_instancing/frag/flywheel_material_default/flywheel_light_smooth_when_embedded_embedded_3.vsh: 0(1262) : error C1115: unable to find compatible overloaded function "flw_light(vec3, vec3, struct FlwLightAo)"

	at TRANSFORMER/minecraft@1.21.1/com.mojang.blaze3d.shaders.Program.handler$zoj000$iris$causeException(Program.java:536) ~[client-1.21.1-20240808.144430-srg.jar%23274!/:?]
	at TRANSFORMER/minecraft@1.21.1/com.mojang.blaze3d.shaders.Program.compileShaderInternal(Program.java:68) ~[client-1.21.1-20240808.144430-srg.jar%23274!/:?]
	at TRANSFORMER/minecraft@1.21.1/com.mojang.blaze3d.shaders.Program.compileShader(Program.java:51) ~[client-1.21.1-20240808.144430-srg.jar%23274!/:?]
	at TRANSFORMER/minecraft@1.21.1/net.minecraft.client.renderer.ShaderInstance.getOrCreate(ShaderInstance.java:191) ~[client-1.21.1-20240808.144430-srg.jar%23274!/:?]
	at TRANSFORMER/minecraft@1.21.1/net.minecraft.client.renderer.ShaderInstance.<init>(ShaderInstance.java:144) ~[client-1.21.1-20240808.144430-srg.jar%23274!/:?]
	... 48 more
[24Apr2026 17:45:21.696] [Thread-31/INFO] [com.mojang.blaze3d.platform.GlDebug/]: OpenGL debug message: id=1281, source=API, type=ERROR, severity=HIGH, message='GL_INVALID_VALUE error generated. <program> is not the name of a program or shader object.'
[24Apr2026 17:45:21.696] [Thread-31/INFO] [com.mojang.blaze3d.platform.GlDebug/]: OpenGL debug message: id=1281, source=API, type=ERROR, severity=HIGH, message='GL_INVALID_VALUE error generated. <program> is not the name of a program or shader object.'
[24Apr2026 17:45:21.696] [Thread-31/INFO] [com.mojang.blaze3d.platform.GlDebug/]: OpenGL debug message: id=1281, source=API, type=ERROR, severity=HIGH, message='GL_INVALID_VALUE error generated. <program> is not the name of a program or shader object.'
[24Apr2026 17:45:21.696] [Thread-31/INFO] [com.mojang.blaze3d.platform.GlDebug/]: OpenGL debug message: id=1281, source=API, type=ERROR, severity=HIGH, message='GL_INVALID_VALUE error generated. <program> is not the name of a program or shader object.'
[24Apr2026 17:45:21.696] [Thread-31/INFO] [com.mojang.blaze3d.platform.GlDebug/]: OpenGL debug message: id=1281, source=API, type=ERROR, severity=HIGH, message='GL_INVALID_VALUE error generated. <program> is not the name of a program or shader object.'
[24Apr2026 17:45:24.449] [Render thread/INFO] [Iris/]: Destroying pipeline minecraft:overworld
[24Apr2026 17:45:24.450] [Render thread/INFO] [Iris/]: Shaders are disabled because enableShaders is set to false in iris.properties
[24Apr2026 17:45:24.450] [Render thread/INFO] [Iris/]: Creating pipeline for dimension minecraft:overworld
[24Apr2026 17:45:24.469] [Render thread/INFO] [ChunkBuilder/]: Stopping worker threads
[24Apr2026 17:45:24.473] [Render thread/INFO] [ChunkBuilder/]: Started 6 worker threads
[24Apr2026 17:45:24.476] [Render thread/WARN] [flywheel/]: Flywheel backend fell back from 'irisflw:iris_instancing' to 'flywheel:indirect'
[24Apr2026 17:45:24.476] [Render thread/INFO] [net.minecraft.client.gui.components.ChatComponent/]: [System] [CHAT] Shaders disabled!
[24Apr2026 17:45:55.615] [Render thread/INFO] [net.minecraft.client.gui.components.ChatComponent/]: [System] [CHAT] Set the time to 1000
[24Apr2026 17:45:56.362] [Render thread/INFO] [ChunkBuilder/]: Stopping worker threads
[24Apr2026 17:45:56.366] [Render thread/INFO] [ChunkBuilder/]: Started 6 worker threads
[24Apr2026 17:45:56.369] [Render thread/WARN] [flywheel/]: Flywheel backend fell back from 'irisflw:iris_instancing' to 'flywheel:indirect'
[24Apr2026 17:45:57.068] [Render thread/INFO] [net.minecraft.client.gui.components.ChatComponent/]: [Not Secure] [CHAT] <Bigh2011x> hi
[24Apr2026 17:46:01.534] [Render thread/INFO] [net.minecraft.client.gui.components.ChatComponent/]: [System] [CHAT] [bigh2011x#0000] hi
[24Apr2026 17:46:04.931] [Render thread/INFO] [net.minecraft.client.gui.components.ChatComponent/]: [Not Secure] [CHAT] <Bigh2011x> yay
[24Apr2026 17:46:45.898] [Render thread/ERROR] [dev.ryanhcode.sable.Sable/]: Received a sub-level movement packet for a non-existent sub-level
[24Apr2026 17:46:45.898] [Render thread/ERROR] [dev.ryanhcode.sable.Sable/]: Received a sub-level movement packet for a non-existent sub-level
[24Apr2026 17:46:45.898] [Render thread/ERROR] [dev.ryanhcode.sable.Sable/]: Received a sub-level movement packet for a non-existent sub-level
[24Apr2026 17:46:45.898] [Render thread/ERROR] [dev.ryanhcode.sable.Sable/]: Received a sub-level movement packet for a non-existent sub-level
[24Apr2026 17:46:45.898] [Render thread/ERROR] [dev.ryanhcode.sable.Sable/]: Received a sub-level movement packet for a non-existent sub-level
[24Apr2026 17:47:54.148] [Render thread/ERROR] [dev.ryanhcode.sable.Sable/]: Received a sub-level movement packet for a non-existent sub-level
[24Apr2026 17:47:54.148] [Render thread/ERROR] [dev.ryanhcode.sable.Sable/]: Received a sub-level movement packet for a non-existent sub-level
[24Apr2026 17:47:54.148] [Render thread/ERROR] [dev.ryanhcode.sable.Sable/]: Received a sub-level movement packet for a non-existent sub-level
[24Apr2026 17:47:54.148] [Render thread/ERROR] [dev.ryanhcode.sable.Sable/]: Received a sub-level movement packet for a non-existent sub-level
[24Apr2026 17:47:54.149] [Render thread/ERROR] [dev.ryanhcode.sable.Sable/]: Received a sub-level movement packet for a non-existent sub-level
[24Apr2026 17:48:03.799] [Render thread/ERROR] [dev.ryanhcode.sable.Sable/]: Received a sub-level movement packet for a non-existent sub-level
[24Apr2026 17:48:08.548] [Render thread/ERROR] [dev.ryanhcode.sable.Sable/]: Received a sub-level movement packet for a non-existent sub-level
[24Apr2026 17:48:13.147] [Render thread/ERROR] [dev.ryanhcode.sable.Sable/]: Received a sub-level movement packet for a non-existent sub-level
[24Apr2026 17:48:13.147] [Render thread/ERROR] [dev.ryanhcode.sable.Sable/]: Received a sub-level movement packet for a non-existent sub-level
[24Apr2026 17:48:13.148] [Render thread/ERROR] [dev.ryanhcode.sable.Sable/]: Received a sub-level movement packet for a non-existent sub-level
[24Apr2026 17:48:17.448] [Render thread/ERROR] [dev.ryanhcode.sable.Sable/]: Received a sub-level movement packet for a non-existent sub-level
[24Apr2026 17:48:19.200] [Render thread/ERROR] [dev.ryanhcode.sable.Sable/]: Received a sub-level movement packet for a non-existent sub-level
[24Apr2026 17:48:19.200] [Render thread/ERROR] [dev.ryanhcode.sable.Sable/]: Received a sub-level movement packet for a non-existent sub-level
[24Apr2026 17:50:04.649] [Render thread/WARN] [net.minecraft.client.sounds.SoundEngine/SOUNDS]: Unable to play empty soundEvent: minecraft:entity.cod.ambient
[24Apr2026 17:50:24.399] [Render thread/WARN] [net.minecraft.client.sounds.SoundEngine/SOUNDS]: Unable to play empty soundEvent: minecraft:entity.salmon.ambient
[24Apr2026 17:50:53.398] [Render thread/ERROR] [dev.ryanhcode.sable.Sable/]: Received a sub-level movement packet for a non-existent sub-level
[24Apr2026 17:50:58.968] [Render thread/INFO] [net.minecraft.client.gui.components.ChatComponent/]: [System] [CHAT] Bigh2011x has made the advancement [Head in the Clouds]
[24Apr2026 17:50:58.999] [Render thread/INFO] [net.minecraft.advancements.AdvancementTree/]: Loaded 7828 advancements
[24Apr2026 17:51:51.465] [Chunk Render Task Executor #5/WARN] [Sodium-VertexConsumerTracker/]: Class net.mehvahdjukaar.moonlight.api.client.model.neoforge.BakedQuadBuilderImpl does not support optimized vertex writing code paths, which may cause reduced rendering performance
[24Apr2026 18:00:44.699] [Netty Epoll Client IO #1/INFO] [dev.ryanhcode.sable.Sable/]: Client UDP channel inactive
[24Apr2026 18:00:44.700] [Netty Epoll Client IO #1/INFO] [dev.ryanhcode.sable.Sable/]: Closed UDP channel!
[24Apr2026 18:00:44.700] [Render thread/INFO] [xaero.map.WorldMap/]: Finalizing world map session...
[24Apr2026 18:00:44.741] [Thread-19/INFO] [xaero.map.WorldMap/]: World map cleaned normally!
[24Apr2026 18:00:45.181] [Render thread/INFO] [xaero.map.WorldMap/]: World map session finalized.
[24Apr2026 18:00:45.182] [Render thread/INFO] [xaero.hud.minimap.MinimapLogs/]: Xaero hud session finalized.
[24Apr2026 18:00:45.185] [Render thread/INFO] [de.mrjulsen.crn.CreateRailwaysNavigator/]: Removed all overlays.
[24Apr2026 18:00:45.186] [Render thread/INFO] [de.mrjulsen.crn.CreateRailwaysNavigator/]: All events have been closed.
[24Apr2026 18:00:45.189] [Render thread/INFO] [mezz.jei.library.startup.JeiStarter/]: Stopping JEI
[24Apr2026 18:00:45.189] [Render thread/INFO] [mezz.jei.library.load.PluginCaller/]: Sending Runtime Unavailable...
[24Apr2026 18:00:45.190] [Render thread/INFO] [mezz.jei.neoforge.plugins.neoforge.NeoForgeGuiPlugin/]: Stopping JEI GUI
[24Apr2026 18:00:45.193] [Render thread/INFO] [mezz.jei.library.load.PluginCaller/]: Sending Runtime Unavailable took 3.324 milliseconds
[24Apr2026 18:00:45.206] [Render thread/INFO] [ChunkBuilder/]: Stopping worker threads
[24Apr2026 18:00:46.574] [Render thread/INFO] [net.minecraft.client.Minecraft/]: Stopping!
[24Apr2026 18:00:46.574] [Render thread/INFO] [DragonLib Networking System/]: Shutting down network threads. Please wait...
[24Apr2026 18:00:46.575] [Render thread/INFO] [DragonLib Networking System/]: Network threads shut down. Took 1ms.
[24Apr2026 18:00:46.575] [Render thread/INFO] [de.mrjulsen.crn.CreateRailwaysNavigator/]: Removed all overlays.
[24Apr2026 18:00:46.575] [Render thread/INFO] [de.mrjulsen.crn.CreateRailwaysNavigator/]: All events have been closed.
[24Apr2026 18:00:46.601] [Render thread/ERROR] [net.neoforged.bus.EventBus/EVENTBUS]: Exception caught during firing event: null
	Index: 1
	Listeners:
		0: foundry.veil.forge.platform.NeoForgeVeilEventPlatform$$Lambda/0x0000000801247618@628a10ff
		1: foundry.veil.forge.platform.NeoForgeVeilEventPlatform$$Lambda/0x0000000801247618@32b3cafa
		2: net.neoforged.bus.EventListenerFactory$clientStopping/0x0000000801880800@7e38946a
java.lang.NullPointerException
	at MC-BOOTSTRAP/org.lwjgl@3.3.3+5/org.lwjgl.system.Checks.check(Checks.java:188)
	at MC-BOOTSTRAP/org.lwjgl.glfw@3.3.3+5/org.lwjgl.glfw.GLFW.glfwDestroyCursor(GLFW.java:3952)
	at LAYER PLUGIN/imgui.lwjgl3@1.88.0/imgui.glfw.ImGuiImplGlfw.shutdown(ImGuiImplGlfw.java:893)
	at TRANSFORMER/veil@3.6.2/foundry.veil.impl.client.imgui.VeilImGuiImpl.free(VeilImGuiImpl.java:150)
	at TRANSFORMER/veil@3.6.2/foundry.veil.api.client.render.VeilRenderSystem.close(VeilRenderSystem.java:1283)
	at TRANSFORMER/veil@3.6.2/foundry.veil.VeilClient.lambda$init$1(VeilClient.java:43)
	at TRANSFORMER/veil@3.6.2/foundry.veil.forge.platform.NeoForgeVeilEventPlatform.lambda$onFreeNativeResources$0(NeoForgeVeilEventPlatform.java:54)
	at MC-BOOTSTRAP/net.neoforged.bus/net.neoforged.bus.ConsumerEventHandler.invoke(ConsumerEventHandler.java:27)
	at MC-BOOTSTRAP/net.neoforged.bus/net.neoforged.bus.EventBus.post(EventBus.java:360)
	at MC-BOOTSTRAP/net.neoforged.bus/net.neoforged.bus.EventBus.post(EventBus.java:328)
	at TRANSFORMER/minecraft@1.21.1/net.minecraft.client.Minecraft.handler$bhp002$veil$close(Minecraft.java:11001)
	at TRANSFORMER/minecraft@1.21.1/net.minecraft.client.Minecraft.close(Minecraft.java:1125)
	at TRANSFORMER/minecraft@1.21.1/net.minecraft.client.Minecraft.destroy(Minecraft.java:1094)
	at TRANSFORMER/minecraft@1.21.1/net.minecraft.client.main.Main.main(Main.java:236)
	at java.base/jdk.internal.reflect.DirectMethodHandleAccessor.invoke(DirectMethodHandleAccessor.java:103)
	at java.base/java.lang.reflect.Method.invoke(Method.java:580)
	at MC-BOOTSTRAP/fml_loader@4.0.42/net.neoforged.fml.loading.targets.CommonLaunchHandler.runTarget(CommonLaunchHandler.java:136)
	at MC-BOOTSTRAP/fml_loader@4.0.42/net.neoforged.fml.loading.targets.CommonLaunchHandler.clientService(CommonLaunchHandler.java:124)
	at MC-BOOTSTRAP/fml_loader@4.0.42/net.neoforged.fml.loading.targets.CommonClientLaunchHandler.runService(CommonClientLaunchHandler.java:32)
	at MC-BOOTSTRAP/fml_loader@4.0.42/net.neoforged.fml.loading.targets.CommonLaunchHandler.lambda$launchService$4(CommonLaunchHandler.java:118)
	at MC-BOOTSTRAP/cpw.mods.modlauncher@11.0.5/cpw.mods.modlauncher.LaunchServiceHandlerDecorator.launch(LaunchServiceHandlerDecorator.java:30)
	at MC-BOOTSTRAP/cpw.mods.modlauncher@11.0.5/cpw.mods.modlauncher.LaunchServiceHandler.launch(LaunchServiceHandler.java:53)
	at MC-BOOTSTRAP/cpw.mods.modlauncher@11.0.5/cpw.mods.modlauncher.LaunchServiceHandler.launch(LaunchServiceHandler.java:71)
	at MC-BOOTSTRAP/cpw.mods.modlauncher@11.0.5/cpw.mods.modlauncher.Launcher.run(Launcher.java:103)
	at MC-BOOTSTRAP/cpw.mods.modlauncher@11.0.5/cpw.mods.modlauncher.Launcher.main(Launcher.java:74)
	at MC-BOOTSTRAP/cpw.mods.modlauncher@11.0.5/cpw.mods.modlauncher.BootstrapLaunchConsumer.accept(BootstrapLaunchConsumer.java:26)
	at MC-BOOTSTRAP/cpw.mods.modlauncher@11.0.5/cpw.mods.modlauncher.BootstrapLaunchConsumer.accept(BootstrapLaunchConsumer.java:23)
	at cpw.mods.bootstraplauncher@2.0.2/cpw.mods.bootstraplauncher.BootstrapLauncher.run(BootstrapLauncher.java:210)
	at cpw.mods.bootstraplauncher@2.0.2/cpw.mods.bootstraplauncher.BootstrapLauncher.main(BootstrapLauncher.java:69)
	at java.base/jdk.internal.reflect.DirectMethodHandleAccessor.invoke(DirectMethodHandleAccessor.java:103)
	at java.base/java.lang.reflect.Method.invoke(Method.java:580)
	at io.github.zekerzhayard.forgewrapper.installer.Main.main(Main.java:67)
	at org.prismlauncher.launcher.impl.StandardLauncher.launch(StandardLauncher.java:115)
	at org.prismlauncher.EntryPoint.listen(EntryPoint.java:129)
	at org.prismlauncher.EntryPoint.main(EntryPoint.java:70)

[24Apr2026 18:00:46.602] [Render thread/ERROR] [net.minecraft.client.Minecraft/]: Shutdown failure!
java.lang.NullPointerException: null
	at MC-BOOTSTRAP/org.lwjgl@3.3.3+5/org.lwjgl.system.Checks.check(Checks.java:188) ~[lwjgl-3.3.3.jar%23107!/:build 5]
	at MC-BOOTSTRAP/org.lwjgl.glfw@3.3.3+5/org.lwjgl.glfw.GLFW.glfwDestroyCursor(GLFW.java:3952) ~[lwjgl-glfw-3.3.3.jar%2395!/:build 5]
	at LAYER PLUGIN/imgui.lwjgl3@1.88.0/imgui.glfw.ImGuiImplGlfw.shutdown(ImGuiImplGlfw.java:893) ~[imgui-java-lwjgl3-1.88.0.jar%23533!/:1.88.0]
	at TRANSFORMER/veil@3.6.2/foundry.veil.impl.client.imgui.VeilImGuiImpl.free(VeilImGuiImpl.java:150) ~[veil-neoforge-1.21.1-3.6.2.jar%23530!/:3.6.2]
	at TRANSFORMER/veil@3.6.2/foundry.veil.api.client.render.VeilRenderSystem.close(VeilRenderSystem.java:1283) ~[veil-neoforge-1.21.1-3.6.2.jar%23530!/:3.6.2]
	at TRANSFORMER/veil@3.6.2/foundry.veil.VeilClient.lambda$init$1(VeilClient.java:43) ~[veil-neoforge-1.21.1-3.6.2.jar%23530!/:3.6.2]
	at TRANSFORMER/veil@3.6.2/foundry.veil.forge.platform.NeoForgeVeilEventPlatform.lambda$onFreeNativeResources$0(NeoForgeVeilEventPlatform.java:54) ~[veil-neoforge-1.21.1-3.6.2.jar%23530!/:3.6.2]
	at MC-BOOTSTRAP/net.neoforged.bus/net.neoforged.bus.ConsumerEventHandler.invoke(ConsumerEventHandler.java:27) ~[bus-8.0.5.jar%23152!/:?]
	at MC-BOOTSTRAP/net.neoforged.bus/net.neoforged.bus.EventBus.post(EventBus.java:360) ~[bus-8.0.5.jar%23152!/:?]
	at MC-BOOTSTRAP/net.neoforged.bus/net.neoforged.bus.EventBus.post(EventBus.java:328) ~[bus-8.0.5.jar%23152!/:?]
	at TRANSFORMER/minecraft@1.21.1/net.minecraft.client.Minecraft.handler$bhp002$veil$close(Minecraft.java:11001) ~[client-1.21.1-20240808.144430-srg.jar%23274!/:?]
	at TRANSFORMER/minecraft@1.21.1/net.minecraft.client.Minecraft.close(Minecraft.java:1125) ~[client-1.21.1-20240808.144430-srg.jar%23274!/:?]
	at TRANSFORMER/minecraft@1.21.1/net.minecraft.client.Minecraft.destroy(Minecraft.java:1094) ~[client-1.21.1-20240808.144430-srg.jar%23274!/:?]
	at TRANSFORMER/minecraft@1.21.1/net.minecraft.client.main.Main.main(Main.java:236) ~[client-1.21.1-20240808.144430-srg.jar%23274!/:?]
	at java.base/jdk.internal.reflect.DirectMethodHandleAccessor.invoke(DirectMethodHandleAccessor.java:103) ~[?:?]
	at java.base/java.lang.reflect.Method.invoke(Method.java:580) ~[?:?]
	at MC-BOOTSTRAP/fml_loader@4.0.42/net.neoforged.fml.loading.targets.CommonLaunchHandler.runTarget(CommonLaunchHandler.java:136) ~[loader-4.0.42.jar%23149!/:4.0]
	at MC-BOOTSTRAP/fml_loader@4.0.42/net.neoforged.fml.loading.targets.CommonLaunchHandler.clientService(CommonLaunchHandler.java:124) ~[loader-4.0.42.jar%23149!/:4.0]
	at MC-BOOTSTRAP/fml_loader@4.0.42/net.neoforged.fml.loading.targets.CommonClientLaunchHandler.runService(CommonClientLaunchHandler.java:32) ~[loader-4.0.42.jar%23149!/:4.0]
	at MC-BOOTSTRAP/fml_loader@4.0.42/net.neoforged.fml.loading.targets.CommonLaunchHandler.lambda$launchService$4(CommonLaunchHandler.java:118) ~[loader-4.0.42.jar%23149!/:4.0]
	at MC-BOOTSTRAP/cpw.mods.modlauncher@11.0.5/cpw.mods.modlauncher.LaunchServiceHandlerDecorator.launch(LaunchServiceHandlerDecorator.java:30) [modlauncher-11.0.5.jar%23154!/:?]
	at MC-BOOTSTRAP/cpw.mods.modlauncher@11.0.5/cpw.mods.modlauncher.LaunchServiceHandler.launch(LaunchServiceHandler.java:53) [modlauncher-11.0.5.jar%23154!/:?]
	at MC-BOOTSTRAP/cpw.mods.modlauncher@11.0.5/cpw.mods.modlauncher.LaunchServiceHandler.launch(LaunchServiceHandler.java:71) [modlauncher-11.0.5.jar%23154!/:?]
	at MC-BOOTSTRAP/cpw.mods.modlauncher@11.0.5/cpw.mods.modlauncher.Launcher.run(Launcher.java:103) [modlauncher-11.0.5.jar%23154!/:?]
	at MC-BOOTSTRAP/cpw.mods.modlauncher@11.0.5/cpw.mods.modlauncher.Launcher.main(Launcher.java:74) [modlauncher-11.0.5.jar%23154!/:?]
	at MC-BOOTSTRAP/cpw.mods.modlauncher@11.0.5/cpw.mods.modlauncher.BootstrapLaunchConsumer.accept(BootstrapLaunchConsumer.java:26) [modlauncher-11.0.5.jar%23154!/:?]
	at MC-BOOTSTRAP/cpw.mods.modlauncher@11.0.5/cpw.mods.modlauncher.BootstrapLaunchConsumer.accept(BootstrapLaunchConsumer.java:23) [modlauncher-11.0.5.jar%23154!/:?]
	at cpw.mods.bootstraplauncher@2.0.2/cpw.mods.bootstraplauncher.BootstrapLauncher.run(BootstrapLauncher.java:210) [bootstraplauncher-2.0.2.jar:?]
	at cpw.mods.bootstraplauncher@2.0.2/cpw.mods.bootstraplauncher.BootstrapLauncher.main(BootstrapLauncher.java:69) [bootstraplauncher-2.0.2.jar:?]
	at java.base/jdk.internal.reflect.DirectMethodHandleAccessor.invoke(DirectMethodHandleAccessor.java:103) ~[?:?]
	at java.base/java.lang.reflect.Method.invoke(Method.java:580) ~[?:?]
	at io.github.zekerzhayard.forgewrapper.installer.Main.main(Main.java:67) [ForgeWrapper-prism-2025-12-07.jar:prism-2025-12-07]
	at org.prismlauncher.launcher.impl.StandardLauncher.launch(StandardLauncher.java:115) [NewLaunch.jar:?]
	at org.prismlauncher.EntryPoint.listen(EntryPoint.java:129) [NewLaunch.jar:?]
	at org.prismlauncher.EntryPoint.main(EntryPoint.java:70) [NewLaunch.jar:?]
